"id";"usuario_id";"prefijo";"pais";"flag";"descripcion";"llamadas";"segundos";"llamadas_cuenta";"segundos_cuenta";"llamadas_actual";"segundos_actual";"t1";"t2";"t3";"t4";"estado";"accion"
"223";"1";"1";"US";"flag-us";"Estados Unidos";"25";"10000";"15";"300";"0";"0";"0";"0";"0";"0";"A";"N"
"224";"1";"502";"GT";"flag-gt";"Actualizado 28/05/2020";"60";"13020";"60";"13020";"0";"0";"0";"0";"0";"0";"A";"N"
"225";"1";"505";"NI";"flag-ni";"Actualizado 28/05/2020";"9";"2400";"9";"2400";"0";"0";"0";"0";"0";"0";"A";"N"
"226";"1";"506";"CR";"flag-cr";"Creación: 2020-05-28 13:11:30";"1000";"100000";"1000";"100000";"0";"0";"0";"0";"0";"0";"A";"I"
"227";"1";"52";"MX";"flag-mx";"Actualizado 08-07-2017";"75";"15000";"75";"15000";"0";"0";"0";"0";"0";"0";"A";"N"
"228";"1";"58";"VE";"flag-ve";"Creación: 2017-06-01 01:25:11";"40";"5500";"40";"3600";"0";"0";"0";"0";"0";"0";"A";"I"
"229";"1";"82";"KR";"flag-kr";"Creación: 2017-10-29 13:50:20";"4";"3600";"5";"300";"0";"0";"0";"0";"0";"0";"A";"B"
"546";"1";"1203";"US";"flag-us";"Creación: 2017-04-27 14:27:17";"25";"10000";"15";"1000";"0";"0";"0";"0";"0";"0";"A";"N"
"545";"1";"1419";"US";"flag-us";"Creación: 2017-04-27 14:11:43";"25";"10000";"15";"300";"0";"0";"0";"0";"0";"0";"A";"I"
"231";"1";"507";"PA";"flag-pa";"Creación: 2017-05-31 23:10:18";"300";"8000";"300";"8000";"0";"0";"0";"0";"0";"0";"A";"I"
"232";"1";"54";"AR";;;"40";"7000";"30";"60";"0";"0";"0";"0";"0";"0";"A";"N"
"506";"1";"1809";"DO";"flag-do";"Creación: 2017-04-26 16:58:03";"500";"20000";"500";"20000";"0";"0";"0";"0";"0";"0";"A";"N"
"234";"1";"34";"ES";"flag-es";"Creación: 2017-05-31 23:05:07";"300";"3600";"300";"3600";"0";"0";"0";"0";"0";"0";"A";"I"
"235";"1";"57";"CO";"flag-co";"Creación: 2017-05-31 22:55:09";"60";"15000";"60";"15000";"0";"0";"0";"0";"0";"0";"A";"I"
"236";"1";"55";"BR";"flag-br";"Creación: 2016-05-12 13:45:44";"30";"17500";"9";"3600";"0";"0";"0";"0";"0";"0";"A";"N"
"237";"1";"503";"SV";;;"50";"2000";"50";"3600";"0";"0";"0";"0";"0";"0";"A";"N"
"238";"1";"39";"IT";"flag-it";"Creación: 2017-07-22 17:10:13";"15";"3600";"10";"300";"0";"0";"0";"0";"0";"0";"A";"N"
"239";"1";"598";"UY";"flag-uy";"Creación: 2016-05-10 13:45:44";"25";"3200";"15";"3200";"0";"0";"0";"0";"0";"0";"A";"N"
"240";"1";"51";"PE";"flag-pe";"Creación: 2017-07-24 18:45:28";"800";"15000";"800";"15000";"0";"0";"0";"0";"0";"0";"A";"N"
"241";"1";"44";"GB";"flag-gb";"Creación: 2017-06-01 17:20:18";"15";"100";"15";"100";"0";"0";"0";"0";"0";"0";"A";"N"
"550";"2";"1669";"US";"flag-us";"Creación: 2017-09-19 16:28:13";"25";"12000";"15";"1600";"0";"0";"0";"0";"0";"0";"A";"N"
"243";"1";"56";"CL";"flag-cl";"Creación: 2017-05-31 22:55:06";"25";"6500";"25";"6500";"0";"0";"0";"0";"0";"0";"A";"I"
"244";"1";"53";"CU";"flag-cu";"Creación: 2017-07-29 19:50:20";"1";"15";"1";"15";"0";"0";"0";"0";"0";"0";"A";"N"
"245";"1";"49";"DE";"flag-de";"Creación: 2016-05-10 16:16:20";"25";"8000";"15";"8000";"0";"0";"0";"0";"0";"0";"A";"N"
"504";"2";"1786";"US";"flag-us";"Creación: 2017-06-01 01:20:06";"200";"20000";"25";"3600";"0";"0";"0";"0";"0";"0";"A";"N"
"247";"1";"800";"800 FREE INTERNACIONAL";"flag-800 f";"Creación: 2016-05-10 16:31:15";"25";"10000";"15";"10000";"0";"0";"0";"0";"0";"0";"A";"N"
"248";"1";"504";"HN";"flag-hn";"Creación: 2017-05-31 23:10:13";"10";"4000";"10";"4000";"0";"0";"0";"0";"0";"0";"A";"N"
"249";"1";"595";"PY";"flag-py";"Creación: 2016-05-10 18:01:57";"25";"3600";"15";"3600";"0";"0";"0";"0";"0";"0";"A";"N"
"250";"1";"593";"EC";"flag-ec";"Creación: 2017-06-01 01:30:15";"25";"4000";"15";"3600";"0";"0";"0";"0";"0";"0";"A";"I"
"251";"1";"61";"AU";"flag-austr";"Creación: 2016-05-11 03:00:39";"25";"3600";"25";"3600";"0";"0";"0";"0";"0";"0";"A";"N"
"252";"1";"33";"FR";"flag-fr";"Creación: 2016-05-31 14:31:51";"15";"3600";"15";"3600";"0";"0";"0";"0";"0";"0";"A";"N"
"253";"2";"1";"US";"flag-us";"Estados Unidos";"25";"10000";"15";"300";"0";"0";"0";"0";"0";"0";"A";"N"
"254";"2";"507";"PA";"flag-pa";"Creación: 2017-05-31 23:10:18";"300";"8000";"25";"3600";"0";"0";"0";"0";"0";"0";"A";"I"
"255";"2";"52";"MX";"flag-mx";"Actualizado 08-07-2017";"75";"15000";"15";"1600";"0";"0";"0";"0";"0";"0";"A";"N"
"256";"2";"58";"VE";"flag-ve";"Creación: 2017-06-01 01:25:11";"40";"5500";"15";"3000";"0";"0";"0";"0";"0";"0";"A";"I"
"258";"2";"504";"HN";"flag-hn";"Creación: 2017-05-31 23:10:13";"10";"4000";"10";"4000";"0";"0";"0";"0";"0";"0";"A";"N"
"259";"2";"39";"IT";"flag-it";"Creación: 2017-07-22 17:10:13";"15";"3600";"10";"300";"0";"0";"0";"0";"0";"0";"A";"N"
"260";"2";"503";"SV";"flag-sv";"Creación: 2017-05-31 23:10:10";"5000";"100000";"25";"3600";"0";"0";"0";"0";"0";"0";"A";"N"
"261";"2";"505";"NI";"flag-ni";"Actualizado 28/05/2020";"9";"2400";"9";"2400";"0";"0";"0";"0";"0";"0";"A";"N"
"262";"1";"501";"BZ";"flag-bz";"Actualizado 28/05/2020";"100";"5000";"100";"5000";"0";"0";"0";"0";"0";"0";"A";"N"
"263";"2";"57";"CO";"flag-co";"Creación: 2017-05-31 22:55:09";"60";"15000";"25";"3600";"0";"0";"0";"0";"0";"0";"A";"I"
"264";"2";"55";"BR";"flag-br";"Creación: 2016-05-12 13:45:44";"30";"17500";"9";"3600";"0";"0";"0";"0";"0";"0";"A";"N"
"265";"1";"41";"PE";"flag-pe";"Creación: 2016-05-12 14:31:13";"25";"3600";"15";"3600";"0";"0";"0";"0";"0";"0";"A";"N"
"266";"1";"32";"BL";"flag-bl";"Creación: 2016-05-12 15:31:35";"40";"7200";"40";"7200";"0";"0";"0";"0";"0";"0";"A";"N"
"267";"2";"598";"UY";"flag-uy";"Creación: 2016-05-10 13:45:44";"25";"3200";"15";"3200";"0";"0";"0";"0";"0";"0";"A";"N"
"510";"1";"1949";"US";"flag-us";"Creación: 2017-04-26 17:22:58";"25";"10000";"15";"300";"0";"0";"0";"0";"0";"0";"A";"I"
"269";"2";"90";"TR";"flag-tr";"Creación: 2018-06-02 20:00:37";"10";"3600";"5";"200";"0";"0";"0";"0";"0";"0";"A";"N"
"270";"2";"53";"CU";"flag-cu";"Creación: 2017-07-29 19:50:20";"1";"15";"5";"150";"0";"0";"0";"0";"0";"0";"A";"N"
"271";"2";"502";"GT";"flag-gt";"Actualizado 28/05/2020";"60";"13020";"20";"3000";"0";"0";"0";"0";"0";"0";"A";"N"
"272";"2";"7";"KZ";"flag-kz";"Creación: 2016-07-26 17:02:41";"30";"3600";"15";"3000";"0";"0";"0";"0";"0";"0";"A";"N"
"273";"1";"972";"IL";"flag-il";"Creación: 2017-10-18 12:45:18";"10";"4500";"10";"3600";"0";"0";"0";"0";"0";"0";"A";"N"
"275";"2";"43";"AU";"flag-austr";"Creación: 2016-05-14 16:46:14";"10";"5500";"5";"3600";"0";"0";"0";"0";"0";"0";"A";"N"
"276";"1";"971";"AE";"flag-ae";"Creación: 2016-05-14 19:01:12";"5";"3600";"5";"3600";"0";"0";"0";"0";"0";"0";"A";"N"
"277";"2";"34";"ES";"flag-es";"Creación: 2017-05-31 23:05:07";"300";"3600";"20";"3600";"0";"0";"0";"0";"0";"0";"A";"N"
"278";"1";"91";"IN";"flag-in";"Creación: 2016-05-17 22:01:40";"9";"3600";"9";"3600";"0";"0";"0";"0";"0";"0";"A";"N"
"509";"1";"1441";"BM";"flag-bm";"Creación: 2017-04-26 17:22:54";"15";"5000";"15";"5000";"0";"0";"0";"0";"0";"0";"A";"N"
"508";"1";"1321";"US";"flag-us";"Creaci&oacute;n: 2017-04-26 17:22:53";"25";"10000";"15";"300";"0";"0";"0";"0";"0";"0";"A";"I"
"279";"1";"852";"HK";"flag-hk ";"Creación: 2016-05-17 22:31:49";"25";"700";"15";"700";"0";"0";"0";"0";"0";"0";"A";"N"
"543";"2";"1510";"US";"flag-us";"Creación: 2017-04-27 20:43:45";"25";"10000";"15";"300";"0";"0";"0";"0";"0";"0";"A";"I"
"287";"1";"31";"NL";"flag-nl";"Creación: 2017-05-31 23:00:06";"15";"3600";"5";"600";"0";"0";"0";"0";"0";"0";"A";"N"
"284";"1";"1246";"BB";"flag-bb";"Creacion manual";"15";"3600";"15";"800";"0";"0";"0";"0";"0";"0";"A";"N"
"285";"1";"1876";"JM";"flag-jm";"Creacion manual";"65";"9000";"65";"9000";"0";"0";"0";"0";"0";"0";"A";"N"
"288";"2";"599";"AN";"flag-an";"Solicitado por Nissim";"10";"3000";"10";"3000";"0";"0";"0";"0";"0";"0";"A";"N"
"286";"2";"54";"AR";"flag-ar";"Creación: 2017-06-01 16:20:40";"40";"7000";"25";"3600";"0";"0";"0";"0";"0";"0";"A";"N"
"289";"2";"49";"DE";"flag-de";"Creación: 2016-05-10 16:16:20";"25";"8000";"15";"1600";"0";"0";"0";"0";"0";"0";"A";"N"
"5694";"5";"1331";"US";"flag-us";;"25";"5000";"15";"5000";"0";"0";NULL;NULL;NULL;NULL;"A";"N"
"303";"2";"45";"DK";"flag-dk";"Creación: 2016-06-03 16:01:57";"25";"3600";"15";"300";"0";"0";"0";"0";"0";"0";"A";"N"
"293";"1";"352";"LU";"flag-lu";"Creación: 2016-05-23 13:45:46";"25";"6000";"25";"6000";"0";"0";"0";"0";"0";"0";"A";"N"
"507";"2";"1613";"CA";"flag-ca";"Creación: 2017-06-02 15:30:13";"25";"3600";"25";"3600";"0";"0";"0";"0";"0";"0";"A";"N"
"291";"1";"1345";"KY";"flag-ky";;"4";"1000";"4";"1000";"0";"0";"0";"0";"0";"0";"A";"I"
"294";"2";"51";"PE";"flag-pe";"Creación: 2017-07-24 18:45:28";"800";"15000";"15";"1600";"0";"0";"0";"0";"0";"0";"A";"N"
"296";"2";"33";"FR";"flag-fr";"Creación: 2016-05-31 14:31:51";"15";"3600";"15";"3600";"0";"0";"0";"0";"0";"0";"A";"N"
"299";"1";"353";"IE";"flag-ie";"Creación: 2016-06-02 15:16:49";"25";"1200";"15";"1200";"0";"0";"0";"0";"0";"0";"A";"N"
"295";"1";"591";"BO";"flag-bo";"Creación: 2017-08-09 00:25:41";"8";"7200";"8";"7200";"0";"0";"0";"0";"0";"0";"A";"N"
"298";"2";"593";"EC";"flag-ec";"Creación: 2017-06-01 01:30:15";"25";"4000";"15";"3600";"0";"0";"0";"0";"0";"0";"A";"I"
"297";"2";"353";"IE";"flag-ie";"Creación: 2016-06-02 15:16:49";"25";"1200";"15";"1200";"0";"0";"0";"0";"0";"0";"A";"N"
"306";"1";"297";"AW
";"flag-aw";"Creación: 2016-06-08 00:46:14";"200";"7200";"200";"7200";"0";"0";"0";"0";"0";"0";"A";"N"
"301";"1";"45";"DK";"flag-dk";"Creación: 2016-06-03 16:01:57";"25";"3600";"15";"300";"0";"0";"0";"0";"0";"0";"A";"N"
"300";"2";"44";"GB";"flag-gb";"Creación: 2017-06-01 17:20:18";"200";"40000";"10";"1500";"0";"0";"0";"0";"0";"0";"A";"N"
"302";"2";"56";"CL";"flag-cl";"Creación: 2017-05-31 22:55:06";"25";"6500";"25";"6500";"0";"0";"0";"0";"0";"0";"A";"I"
"304";"1";"20";"EG";"flag-eg";"EGIPTO";"7";"3000";"15";"3000";"0";"0";"0";"0";"0";"0";"A";"N"
"505";"1";"1215";"US";"flag-us";"Creación: 2017-04-26 16:28:13";"25";"10000";"15";"300";"0";"0";"0";"0";"0";"0";"A";"I"
"305";"1";"86";"CHINA";"flag-china";"Creación: 2016-06-08 00:16:28";"50";"5000";"50";"1000";"0";"0";"0";"0";"0";"0";"A";"N"
"528";"1";"1915";"US";"flag-us";"Creación: 2017-06-01 20:35:17";"25";"3600";"15";"3600";"0";"0";"0";"0";"0";"0";"A";"I"
"308";"1";"995";"GE";"flag-ge";"Creación: 2016-06-10 05:00:18";"25";"1000";"15";"1000";"0";"0";"0";"0";"0";"0";"A";"N"
"527";"1";"1250";"CA";"flag-ca";"Creación: 2017-04-26 21:18:11";"50";"3600";"50";"3600";"0";"0";"0";"0";"0";"0";"A";"I"
"312";"1";"374";"AM";"flag-am";"Creación: 2016-06-15 15:46:46";"25";"300";"15";"300";"0";"0";"0";"0";"0";"0";"A";"N"
"310";"1";"40";"RO";"flag-ro";"Creación: 2016-06-13 18:01:46";"25";"1200";"15";"1200";"0";"0";"0";"0";"0";"0";"A";"N"
"526";"1";"1831";"US";"flag-us";"Creaci&oacute;n: 2017-04-26 21:13:11";"25";"10000";"15";"300";"0";"0";"0";"0";"0";"0";"A";"I"
"313";"2";"41";"PE";"flag-pe";"Creación: 2016-05-12 14:31:13";"25";"3600";"15";"3600";"0";"0";"0";"0";"0";"0";"A";"N"
"502";"1";"1408";"US";"flag-us";"Creaci&oacute;n: 2017-04-26 16:13:04";"25";"10000";"15";"300";"0";"0";"0";"0";"0";"0";"A";"I"
"503";"1";"1571";"US";"flag-us";"Creaci&oacute;n: 2017-04-26 16:13:05";"25";"10000";"15";"300";"0";"0";"0";"0";"0";"0";"A";"I"
"317";"2";"86";"CHINA";"flag-china";"Creación: 2016-06-08 00:16:28";"50";"5000";"15";"1000";"0";"0";"0";"0";"0";"0";"A";"N"
"319";"2";"27";"ZA";"flag-za";"Creación: 2017-07-25 06:20:13";"10";"3600";"5";"300";"0";"0";"0";"0";"0";"0";"A";"N"
"328";"1";"509";"HT";"flag-ht";"Creación: 2016-07-28 09:00:19";"6";"3600";"6";"3600";"0";"0";"0";"0";"0";"0";"A";"N"
"322";"1";"48";"PL";"flag-pl";"Creación: 2016-07-08 19:47:03";"25";"1500";"15";"1500";"0";"0";"0";"0";"0";"0";"A";"N"
"321";"2";"31";"NL";"flag-nl";"Creación: 2017-05-31 23:00:06";"15";"3600";"5";"600";"0";"0";"0";"0";"0";"0";"A";"N"
"525";"1";"1862";"US";"flag-us";"Creación: 2017-06-30 21:10:19";"25";"3600";"15";"3600";"0";"0";"0";"0";"0";"0";"A";"I"
"547";"2";"1905";"US";"flag-us";"Creación: 2017-04-25 14:06:33";"30";"10000";"25";"3000";"0";"0";"0";"0";"0";"0";"A";"I"
"524";"1";"1242";"BA";"flag-ba";"Creación: 2017-04-26 20:37:48";"25";"3600";"15";"3600";"0";"0";"0";"0";"0";"0";"A";"I"
"326";"1";"7";"KZ";"flag-kz";"Creación: 2016-07-26 17:02:41";"30";"3600";"30";"3600";"0";"0";"0";"0";"0";"0";"A";"N"
"332";"1";"224";"GN";"flag-gn";"Creación: 2016-09-14 23:36:44";"25";"900";"15";"900";"0";"0";"0";"0";"0";"0";"A";"I"
"552";"1";"1424";"US";"flag-us";"Creación: 2017-04-27 15:47:52";"25";"3600";"15";"3600";"0";"0";"0";"0";"0";"0";"A";"I"
"501";"1";"1605";"US";"flag-us";"Creación: 2017-04-26 16:08:01";"25";"10000";"15";"300";"0";"0";"0";"0";"0";"0";"A";"I"
"500";"2";"1617";"US";"flag-us";"Creación: 2017-04-25 22:37:50";"25";"10000";"15";"300";"0";"0";"0";"0";"0";"0";"A";"I"
"551";"2";"1316";"US";"flag-us";"Creación: 2017-09-27 17:47:05";"25";"7000";"15";"7000";"0";"0";"0";"0";"0";"0";"A";"I"
"498";"1";"1718";"US";"flag-us";"Creación: 2017-04-26 15:48:25";"25";"10000";"15";"300";"0";"0";"0";"0";"0";"0";"A";"I"
"544";"2";"1450";"CA";"flag-ca";"Creaci&oacute;n: 2017-04-27 13:05:06";"25";"300";"15";"300";"0";"0";"0";"0";"0";"0";"A";"I"
"338";"1";"882";"International networks, shared code";"flag-inter";"Creación: 2016-09-14 23:36:48";"25";"1000";"15";"1000";"0";"0";"0";"0";"0";"0";"A";"N"
"341";"2";"61";"AU";"flag-austr";"Creación: 2016-05-11 03:00:39";"25";"3600";"15";"1600";"0";"0";"0";"0";"0";"0";"A";"N"
"523";"2";"1813";"US";"flag-us";"Creación: 2017-04-25 14:27:35";"25";"10000";"15";"300";"0";"0";"0";"0";"0";"0";"A";"I"
"522";"1";"1512";"US";"flag-us";"Creaci&oacute;n: 2017-04-26 19:27:48";"25";"10000";"15";"300";"0";"0";"0";"0";"0";"0";"A";"I"
"345";"1";"27";"ZA";"flag-za";"Creación: 2017-07-25 06:20:13";"10";"3600";"5";"300";"0";"0";"0";"0";"0";"0";"A";"N"
"521";"2";"1647";"CA";"flag-ca";"Creación: 2017-04-28 18:27:48";"25";"4500";"15";"4500";"0";"0";"0";"0";"0";"0";"A";"I"
"520";"2";"1908";"US";"flag-us";"Creaci&oacute;n: 2017-04-26 19:10:08";"25";"10000";"15";"300";"0";"0";"0";"0";"0";"0";"A";"I"
"556";"2";"1712";"US";"flag-us";"Creaci&oacute;n: 2017-04-27 16:05:11";"25";"10000";"15";"300";"0";"0";"0";"0";"0";"0";"A";"I"
"519";"2";"1646";"US";"flag-us";"Creación: 2017-04-25 22:42:46";"25";"10000";"15";"300";"0";"0";"0";"0";"0";"0";"A";"I"
"348";"1";"216";"TU";"flag-tu";"Creación: 2016-10-10 23:47:14";"25";"300";"15";"300";"0";"0";"0";"0";"0";"0";"A";"N"
"497";"2";"1618";"US";"flag-us";"Creaci&oacute;n: 2017-04-26 15:45:07";"25";"10000";"15";"300";"0";"0";"0";"0";"0";"0";"A";"I"
"346";"1";"965";"ES";"flag-es";"Creación: 2016-10-10 21:33:30";"25";"3600";"25";"3600";"0";"0";"0";"0";"0";"0";"A";"N"
"518";"2";"1626";"US";"flag-us";"Creaci&oacute;n: 2017-04-26 18:50:06";"25";"10000";"15";"300";"0";"0";"0";"0";"0";"0";"A";"I"
"496";"1";"1855";"US";"flag-us";"Creación: 2017-04-26 15:43:27";"25";"10000";"15";"1000";"0";"0";"0";"0";"0";"0";"A";"I"
"360";"1";"599";"AN";"flag-an";"Solicitado por Nissim";"10";"3000";"10";"3000";"0";"0";"0";"0";"0";"0";"A";"N"
"359";"1";"592";"GY";"flag-gy";"Solicitado por Nissim";"8";"3000";"8";"3000";"0";"0";"0";"0";"0";"0";"A";"N"
"559";"1";"1226";"CA";"flag-ca";"Creación: 2017-04-27 16:47:42";"25";"1300";"15";"1300";"0";"0";"0";"0";"0";"0";"A";"I"
"517";"2";"1404";"US";"flag-us";"Creaci&oacute;n: 2017-04-26 18:45:08";"25";"10000";"15";"300";"0";"0";"0";"0";"0";"0";"A";"I"
"548";"2";"1801";"US";"flag-us";"Creaci&oacute;n: 2017-04-27 14:50:05";"25";"10000";"15";"300";"0";"0";"0";"0";"0";"0";"A";"I"
"364";"2";"211";"SD";"flag-sd";"Creaci&oacute;n: 2017-01-07 19:37:10";"25";"300";"15";"300";"0";"0";"0";"0";"0";"0";"A";"N"
"516";"2";"1303";"US";"flag-us";"Creación: 2017-04-27 15:52:46";"25";"10000";"15";"300";"0";"0";"0";"0";"0";"0";"A";"I"
"592";"2";"1818";"US";"flag-us";"Creaci&oacute;n: 2017-04-27 21:25:05";"25";"10000";"15";"300";"0";"0";"0";"0";"0";"0";"A";"I"
"515";"2";"1760";"US";"flag-us";"Creación: 2017-04-28 21:57:49";"25";"10000";"15";"300";"0";"0";"0";"0";"0";"0";"A";"I"
"367";"1";"95";"MM";"flag-mm";"Creación: 2017-01-27 22:03:51";"5";"500";"15";"300";"0";"0";"0";"0";"0";"0";"A";"N"
"366";"1";"380";"UA";"flag-ua";"Creación: 2017-01-27 18:38:13";"25";"1500";"15";"1500";"0";"0";"0";"0";"0";"0";"A";"N"
"365";"2";"380";"UA";"flag-ua";"Creación: 2017-01-27 18:38:13";"25";"1500";"15";"1500";"0";"0";"0";"0";"0";"0";"A";"N"
"514";"1";"1763";"US";"flag-us";"Creaci&oacute;n: 2017-04-26 18:17:39";"25";"10000";"15";"300";"0";"0";"0";"0";"0";"0";"A";"I"
"560";"2";"1702";"US";"flag-us";"Creaci&oacute;n: 2017-04-27 16:50:06";"25";"10000";"15";"300";"0";"0";"0";"0";"0";"0";"A";"I"
"554";"2";"1215";"US";"flag-us";"Creaci&oacute;n: 2017-04-27 15:55:05";"25";"10000";"15";"300";"0";"0";"0";"0";"0";"0";"A";"I"
"513";"2";"1954";"US";"flag-us";"Creación: 2017-04-25 13:51:31";"25";"10000";"15";"300";"0";"0";"0";"0";"0";"0";"A";"I"
"512";"1";"1845";"US";"flag-us";"Creaci&oacute;n: 2017-04-26 17:28:05";"25";"10000";"15";"300";"0";"0";"0";"0";"0";"0";"A";"I"
"542";"2";"1919";"US";"flag-us";"Creaci&oacute;n: 2017-04-27 12:30:04";"25";"10000";"15";"300";"0";"0";"0";"0";"0";"0";"A";"I"
"494";"1";"1484";"US";"flag-us";"Creaci&oacute;n: 2017-04-26 15:23:16";"25";"10000";"15";"300";"0";"0";"0";"0";"0";"0";"A";"I"
"495";"1";"1972";"US";"flag-us";"Creación: 2017-04-26 15:38:19";"25";"10000";"15";"300";"0";"0";"0";"0";"0";"0";"A";"I"
"410";"1";"1765";"US";"flag-us";"Creaci&oacute;n: 2017-04-25 13:00:48";"25";"10000";"15";"300";"0";"0";"0";"0";"0";"0";"A";"I"
"488";"2";"1855";"US";"flag-us";"Creación: 2017-04-26 15:43:27";"25";"10000";"15";"1000";"0";"0";"0";"0";"0";"0";"A";"I"
"499";"2";"1514";"CA";"flag-ca";"Creación: 2017-04-27 18:53:21";"25";"10000";"15";"300";"0";"0";"0";"0";"0";"0";"A";"I"
"490";"2";"1416";"CA";"flag-ca";"Creación: 2017-06-01 02:40:06";"25";"3600";"25";"3600";"0";"0";"0";"0";"0";"0";"A";"N"
"487";"1";"1857";"US";"flag-us";"Creaci&oacute;n: 2017-04-26 14:22:33";"25";"10000";"15";"300";"0";"0";"0";"0";"0";"0";"A";"I"
"491";"2";"1866";"US";"flag-us";"Creación: 2017-06-01 18:05:18";"25";"15000";"15";"1600";"0";"0";"0";"0";"0";"0";"A";"N"
"492";"2";"1305";"US";"flag-us";"Creación: 2017-06-01 01:10:05";"25";"10000";"25";"2000";"0";"0";"0";"0";"0";"0";"A";"N"
"485";"2";"1402";"US";"flag-us";"Creación: 2017-04-30 15:51:01";"25";"10000";"15";"300";"0";"0";"0";"0";"0";"0";"A";"I"
"408";"1";"1917";"US";"flag-us";"Creación: 2017-04-25 12:35:43";"25";"10000";"15";"300";"0";"0";"0";"0";"0";"0";"A";"I"
"511";"2";"1403";"CA";"flag-ca";"Creación: 2017-06-28 22:00:14";"25";"3600";"25";"3600";"0";"0";"0";"0";"0";"0";"A";"N"
"486";"1";"1780";"CA";"flag-ca";"Creación: 2017-04-26 14:17:13";"25";"3600";"25";"3600";"0";"0";"0";"0";"0";"0";"A";"I"
"466";"1";"1416";"CA";"flag-ca";"Creación: 2017-06-01 02:40:06";"25";"3600";"35";"3600";"0";"0";"0";"0";"0";"0";"A";"N"
"409";"1";"1904";"US";"flag-us";"Creación: 2017-04-25 12:40:45";"25";"10000";"15";"300";"0";"0";"0";"0";"0";"0";"A";"I"
"493";"1";"1868";"TT";"flag-tt";"Creación: 2017-07-26 20:05:17";"100";"3600";"100";"3600";"0";"0";"0";"0";"0";"0";"A";"N"
"407";"1";"1724";"US";"flag-us";"Creaci&oacute;n: 2017-04-25 12:05:36";"25";"10000";"15";"300";"0";"0";"0";"0";"0";"0";"A";"I"
"412";"1";"1772";"US";"flag-us";"Creación: 2017-06-05 13:05:06";"200";"20000";"200";"20000";"0";"0";"0";"0";"0";"0";"A";"N"
"411";"1";"1302";"US";"flag-us";"Creación: 2017-04-25 13:05:49";"25";"10000";"15";"300";"0";"0";"0";"0";"0";"0";"A";"I"
"413";"1";"1305";"US";"flag-us";"Creación: 2017-06-01 01:10:05";"25";"10000";"25";"10000";"0";"0";"0";"0";"0";"0";"A";"I"
"414";"1";"1954";"US";"flag-us";"Creación: 2017-04-25 13:51:31";"25";"10000";"15";"300";"0";"0";"0";"0";"0";"0";"A";"I"
"415";"1";"1630";"US";"flag-us";"Creaci&oacute;n: 2017-04-25 13:56:31";"25";"10000";"15";"300";"0";"0";"0";"0";"0";"0";"A";"I"
"416";"1";"1866";"US";"flag-us";"Creación: 2017-06-01 18:05:18";"25";"15000";"15";"15000";"0";"0";"0";"0";"0";"0";"A";"I"
"417";"1";"1905";"US";"flag-us";"Creación: 2017-04-25 14:06:33";"30";"10000";"30";"300";"0";"0";"0";"0";"0";"0";"A";"I"
"418";"1";"1519";"CA";"flag-ca";"Creación: 2017-06-21 17:50:11";"25";"3600";"15";"3600";"0";"0";"0";"0";"0";"0";"A";"N"
"484";"2";"1845";"US";"flag-us";"Creaci&oacute;n: 2017-04-26 14:00:05";"25";"10000";"15";"300";"0";"0";"0";"0";"0";"0";"A";"I"
"420";"1";"1561";"US";"flag-us";"Creación: 2017-04-25 14:22:10";"25";"10000";"15";"300";"0";"0";"0";"0";"0";"0";"A";"N"
"421";"1";"1281";"US";"flag-us";"Creaci&oacute;n: 2017-04-25 14:27:22";"25";"10000";"15";"300";"0";"0";"0";"0";"0";"0";"A";"I"
"422";"1";"1787";"PR";;"Creación: 2017-06-01 19:25:08";"150";"10000";"150";"10000";"0";"0";"0";"0";"0";"0";"A";"I"
"423";"1";"1813";"US";"flag-us";"Creación: 2017-04-25 14:27:35";"25";"10000";"15";"300";"0";"0";"0";"0";"0";"0";"A";"I"
"424";"1";"1206";"US";"flag-us";"Creación: 2017-04-25 14:32:23";"25";"10000";"15";"300";"0";"0";"0";"0";"0";"0";"A";"I"
"425";"1";"1829";"US";"flag-us";"Creación: 2017-04-25 14:32:35";"300";"10000";"300";"10000";"0";"0";"0";"0";"0";"0";"A";"I"
"489";"2";"1800";"US";"flag-us";"Creación: 2017-06-01 05:15:04";"25";"8000";"15";"2000";"0";"0";"0";"0";"0";"0";"A";"N"
"430";"1";"1786";"US";"flag-us";"Creación: 2017-06-01 01:20:06";"30";"20000";"30";"20000";"0";"0";"0";"0";"0";"0";"A";"B"
"428";"1";"1877";"US";"flag-us";"Creación: 2017-04-25 14:57:27";"50";"15000";"50";"3600";"0";"0";"0";"0";"0";"0";"A";"I"
"549";"2";"1641";"US";"flag-us";"Creaci&oacute;n: 2017-04-27 15:05:05";"25";"10000";"15";"300";"0";"0";"0";"0";"0";"0";"A";"I"
"429";"1";"1909";"US";"flag-us";"Creaci&oacute;n: 2017-04-25 14:57:32";"25";"10000";"15";"300";"0";"0";"0";"0";"0";"0";"A";"I"
"433";"1";"1231";"US";"flag-us";"Creación: 2017-04-25 15:18:03";"25";"10000";"15";"300";"0";"0";"0";"0";"0";"0";"A";"I"
"432";"1";"1407";"US";"flag-us";"Creación: 2017-06-01 20:25:11";"25";"3600";"15";"3600";"0";"0";"0";"0";"0";"0";"A";"I"
"482";"2";"1347";"US";"flag-us";"Creaci&oacute;n: 2017-04-26 13:15:05";"25";"10000";"15";"300";"0";"0";"0";"0";"0";"0";"A";"I"
"438";"1";"1702";"US";"flag-us";"Creaci&oacute;n: 2017-04-25 15:52:51";"25";"10000";"15";"300";"0";"0";"0";"0";"0";"0";"A";"I"
"434";"1";"1239";"US";"flag-us";"Creación: 2017-04-25 15:18:07";"25";"10000";"15";"300";"0";"0";"0";"0";"0";"0";"A";"I"
"435";"1";"1682";"US";"flag-us";"Creaci&oacute;n: 2017-04-25 15:27:58";"25";"10000";"15";"300";"0";"0";"0";"0";"0";"0";"A";"I"
"440";"1";"1970";"US";"flag-us";"Creaci&oacute;n: 2017-04-25 15:53:06";"25";"10000";"15";"300";"0";"0";"0";"0";"0";"0";"A";"I"
"436";"1";"1847";"US";"flag-us";"Creación: 2017-06-01 17:10:24";"25";"3600";"15";"3600";"0";"0";"0";"0";"0";"0";"A";"I"
"442";"1";"1323";"US";"flag-us";"Creación: 2017-04-25 16:08:01";"25";"10000";"15";"300";"0";"0";"0";"0";"0";"0";"A";"I"
"441";"1";"1631";"US";"flag-us";"Creación: 2017-06-02 18:40:10";"25";"3600";"15";"3600";"0";"0";"0";"0";"0";"0";"A";"I"
"439";"1";"1858";"US";"flag-us";"Creación: 2017-04-25 15:53:01";"25";"10000";"15";"300";"0";"0";"0";"0";"0";"0";"A";"I"
"437";"1";"1800";"US";"flag-us";"Creación: 2017-06-01 05:15:04";"25";"8000";"15";"8000";"0";"0";"0";"0";"0";"0";"A";"I"
"5488";"5";"27";"ZA";;;"5";"3600";"1";"60";"0";"0";NULL;NULL;NULL;NULL;"A";"B"
"451";"1";"1713";"US";"flag-us";"Creación: 2017-06-23 17:00:19";"25";"3600";"15";"3600";"0";"0";"0";"0";"0";"0";"A";"I"
"655";"1";"1480";"US";"flag-us";"Creación: 2017-05-01 18:26:34";"25";"10000";"15";"300";"0";"0";"0";"0";"0";"0";"A";"I"
"443";"1";"1386";"US";"flag-us";"Creación: 2017-04-25 16:08:05";"25";"10000";"15";"300";"0";"0";"0";"0";"0";"0";"A";"I"
"445";"1";"1613";"CA";"flag-ca";"Creación: 2017-06-02 15:30:13";"25";"3600";"25";"3600";"0";"0";"0";"0";"0";"0";"A";"N"
"447";"1";"1708";"US";"flag-us";"Creaci&oacute;n: 2017-04-25 16:23:16";"25";"10000";"15";"300";"0";"0";"0";"0";"0";"0";"A";"I"
"446";"1";"1860";"US";"flag-us";"Creación: 2017-04-25 16:18:18";"25";"10000";"15";"300";"0";"0";"0";"0";"0";"0";"A";"I"
"454";"1";"1863";"US";"flag-us";"Creaci&oacute;n: 2017-04-25 17:58:05";"25";"10000";"15";"300";"0";"0";"0";"0";"0";"0";"A";"I"
"448";"1";"1469";"US";"flag-us";"Creación: 2017-04-25 16:28:11";"25";"10000";"15";"300";"0";"0";"0";"0";"0";"0";"A";"I"
"449";"1";"1770";"US";"flag-us";"Creación: 2017-04-25 16:43:45";"25";"10000";"15";"300";"0";"0";"0";"0";"0";"0";"A";"I"
"483";"2";"1315";"US";"flag-us";"Creaci&oacute;n: 2017-04-26 13:45:04";"25";"10000";"15";"300";"0";"0";"0";"0";"0";"0";"A";"I"
"557";"1";"1201";"US";"flag-us";"Creación: 2017-04-27 16:12:54";"25";"10000";"15";"300";"0";"0";"0";"0";"0";"0";"A";"I"
"452";"1";"1504";"US";"flag-us";"Creaci&oacute;n: 2017-04-25 17:43:33";"25";"10000";"15";"300";"0";"0";"0";"0";"0";"0";"A";"I"
"573";"2";"1608";"US";"flag-us";"Creación: 2017-04-27 18:40:08";"25";"10000";"15";"300";"0";"0";"0";"0";"0";"0";"A";"I"
"450";"1";"1929";"US";"flag-us";"Creación: 2017-04-25 17:03:18";"25";"10000";"15";"300";"0";"0";"0";"0";"0";"0";"A";"I"
"453";"1";"1754";"US";"flag-us";"Creaci&oacute;n: 2017-04-25 17:57:59";"25";"10000";"15";"300";"0";"0";"0";"0";"0";"0";"A";"I"
"455";"1";"1212";"US";"flag-us";"Creación: 2017-04-25 18:02:47";"25";"10000";"15";"300";"0";"0";"0";"0";"0";"0";"A";"I"
"459";"1";"1908";"US";"flag-us";"Creaci&oacute;n: 2017-04-25 18:52:29";"25";"10000";"15";"300";"0";"0";"0";"0";"0";"0";"A";"I"
"456";"1";"1719";"US";"flag-us";"Creación: 2017-04-25 18:07:44";"25";"10000";"15";"300";"0";"0";"0";"0";"0";"0";"A";"I"
"457";"1";"1604";"US";"flag-us";"Creación: 2017-04-25 18:22:53";"25";"10000";"15";"300";"0";"0";"0";"0";"0";"0";"A";"I"
"461";"1";"1216";"US";"flag-us";"Creación: 2017-04-25 19:42:45";"25";"10000";"15";"300";"0";"0";"0";"0";"0";"0";"A";"I"
"458";"1";"1224";"US";"flag-us";"Creación: 2017-04-25 18:42:26";"25";"10000";"15";"300";"0";"0";"0";"0";"0";"0";"A";"I"
"460";"1";"1310";"US";"flag-us";"Creación: 2017-04-25 19:02:30";"25";"10000";"15";"300";"0";"0";"0";"0";"0";"0";"A";"I"
"464";"1";"1704";"US";"flag-us";"Creación: 2017-04-25 20:02:53";"25";"10000";"15";"300";"0";"0";"0";"0";"0";"0";"A";"I"
"462";"1";"1805";"US";"flag-us";"Creaci&oacute;n: 2017-04-25 19:57:44";"25";"10000";"15";"300";"0";"0";"0";"0";"0";"0";"A";"I"
"463";"1";"1410";"US";"flag-us";"Creación: 2017-04-25 20:02:49";"25";"10000";"15";"300";"0";"0";"0";"0";"0";"0";"A";"I"
"465";"1";"1844";"US";"flag-us";"Creaci&oacute;n: 2017-04-25 20:03:02";"25";"10000";"15";"300";"0";"0";"0";"0";"0";"0";"A";"I"
"472";"1";"1347";"US";"flag-us";"Creaci&oacute;n: 2017-04-25 21:37:43";"25";"10000";"15";"300";"0";"0";"0";"0";"0";"0";"A";"I"
"467";"1";"1435";"US";"flag-us";"Creaci&oacute;n: 2017-04-25 20:17:47";"25";"10000";"15";"300";"0";"0";"0";"0";"0";"0";"A";"I"
"468";"1";"1507";"US";"flag-us";"Creaci&oacute;n: 2017-04-25 20:22:40";"25";"10000";"15";"300";"0";"0";"0";"0";"0";"0";"A";"I"
"469";"1";"1202";"US";"flag-us";"Creación: 2017-04-25 20:32:43";"25";"10000";"15";"300";"0";"0";"0";"0";"0";"0";"A";"I"
"530";"1";"1801";"US";"flag-us";"Creaci&oacute;n: 2017-04-26 22:07:39";"25";"10000";"15";"300";"0";"0";"0";"0";"0";"0";"A";"I"
"470";"1";"1850";"US";"flag-us";"Creaci&oacute;n: 2017-04-25 21:13:05";"25";"10000";"15";"300";"0";"0";"0";"0";"0";"0";"A";"I"
"471";"1";"1973";"US";"flag-us";"Creación: 2017-04-25 21:32:52";"25";"10000";"15";"300";"0";"0";"0";"0";"0";"0";"A";"I"
"474";"1";"1317";"US";"flag-us";"Creaci&oacute;n: 2017-04-25 22:32:35";"25";"10000";"15";"300";"0";"0";"0";"0";"0";"0";"A";"I"
"478";"1";"1417";"US";"flag-us";"Creaci&oacute;n: 2017-04-25 23:17:05";"25";"10000";"15";"300";"0";"0";"0";"0";"0";"0";"A";"I"
"477";"1";"1646";"US";"flag-us";"Creación: 2017-04-25 22:42:46";"25";"10000";"15";"300";"0";"0";"0";"0";"0";"0";"A";"I"
"473";"1";"1601";"US";"flag-us";"Creación: 2017-04-25 22:27:29";"25";"10000";"15";"300";"0";"0";"0";"0";"0";"0";"A";"I"
"475";"1";"1330";"US";"flag-us";"Creaci&oacute;n: 2017-04-25 22:37:44";"25";"10000";"15";"300";"0";"0";"0";"0";"0";"0";"A";"I"
"476";"1";"1617";"US";"flag-us";"Creación: 2017-04-25 22:37:50";"25";"10000";"15";"300";"0";"0";"0";"0";"0";"0";"A";"I"
"529";"1";"1914";"US";"flag-us";"Creaci&oacute;n: 2017-04-26 21:33:04";"25";"10000";"15";"300";"0";"0";"0";"0";"0";"0";"A";"I"
"531";"1";"1804";"US";"flag-us";"Creaci&oacute;n: 2017-04-26 22:12:38";"25";"10000";"15";"300";"0";"0";"0";"0";"0";"0";"A";"I"
"481";"1";"1714";"US";"flag-us";"Creaci&oacute;n: 2017-04-26 04:15:31";"25";"10000";"15";"300";"0";"0";"0";"0";"0";"0";"A";"I"
"532";"2";"1516";"US";"flag-us";"Creaci&oacute;n: 2017-04-26 22:15:04";"25";"10000";"15";"300";"0";"0";"0";"0";"0";"0";"A";"I"
"533";"2";"1631";"US";"flag-us";"Creación: 2017-06-02 18:40:10";"25";"3600";"15";"3600";"0";"0";"0";"0";"0";"0";"A";"I"
"534";"2";"1240";"US";"flag-us";"Creaci&oacute;n: 2017-04-26 22:50:04";"25";"10000";"15";"300";"0";"0";"0";"0";"0";"0";"A";"I"
"535";"1";"1818";"US";"flag-us";"Creaci&oacute;n: 2017-04-26 23:22:17";"25";"10000";"15";"300";"0";"0";"0";"0";"0";"0";"A";"I"
"536";"2";"1678";"US";"flag-us";"Creaci&oacute;n: 2017-04-26 23:30:05";"25";"10000";"15";"300";"0";"0";"0";"0";"0";"0";"A";"I"
"537";"1";"1616";"US";"flag-us";"Creaci&oacute;n: 2017-04-26 23:46:55";"25";"10000";"15";"300";"0";"0";"0";"0";"0";"0";"A";"I"
"553";"1";"1303";"US";"flag-us";"Creación: 2017-04-27 15:52:46";"25";"10000";"15";"300";"0";"0";"0";"0";"0";"0";"A";"I"
"538";"1";"1515";"US";"flag-us";"Creaci&oacute;n: 2017-04-26 23:56:52";"25";"10000";"15";"300";"0";"0";"0";"0";"0";"0";"A";"I"
"539";"1";"1816";"US";"flag-us";"Creaci&oacute;n: 2017-04-27 00:51:39";"25";"10000";"15";"300";"0";"0";"0";"0";"0";"0";"A";"I"
"541";"2";"1210";"US";"flag-us";"Creaci&oacute;n: 2017-04-27 03:55:04";"25";"10000";"15";"300";"0";"0";"0";"0";"0";"0";"A";"I"
"555";"2";"1361";"US";"flag-us";"Creaci&oacute;n: 2017-04-27 16:05:07";"25";"10000";"15";"300";"0";"0";"0";"0";"0";"0";"A";"I"
"558";"2";"1804";"US";"flag-us";"Creaci&oacute;n: 2017-04-27 16:35:09";"25";"10000";"15";"300";"0";"0";"0";"0";"0";"0";"A";"I"
"565";"1";"1516";"US";"flag-us";"Creaci&oacute;n: 2017-04-27 17:33:14";"25";"10000";"15";"300";"0";"0";"0";"0";"0";"0";"A";"I"
"563";"2";"1877";"US";"flag-us";"Creación: 2017-04-25 14:57:27";"50";"15000";"25";"3600";"0";"0";"0";"0";"0";"0";"A";"I"
"566";"1";"1832";"US";"flag-us";"Creaci&oacute;n: 2017-04-27 17:33:21";"25";"10000";"15";"300";"0";"0";"0";"0";"0";"0";"A";"I"
"571";"2";"1502";"US";"flag-us";"Creaci&oacute;n: 2017-04-27 18:25:06";"25";"10000";"15";"300";"0";"0";"0";"0";"0";"0";"A";"I"
"561";"1";"1562";"US";"flag-us";"Creaci&oacute;n: 2017-04-27 17:02:51";"25";"10000";"15";"300";"0";"0";"0";"0";"0";"0";"A";"I"
"562";"1";"1817";"US";"flag-us";"Creaci&oacute;n: 2017-04-27 17:12:52";"25";"10000";"15";"300";"0";"0";"0";"0";"0";"0";"A";"I"
"564";"1";"1709";"CA";"flag-ca";"Creación: 2017-04-27 17:23:05";"25";"1200";"15";"1200";"0";"0";"0";"0";"0";"0";"A";"I"
"575";"2";"1972";"US";"flag-us";"Creaci&oacute;n: 2017-04-27 18:50:14";"25";"10000";"15";"300";"0";"0";"0";"0";"0";"0";"A";"I"
"569";"1";"1978";"US";"flag-us";"Creación: 2017-04-27 17:47:57";"25";"10000";"15";"300";"0";"0";"0";"0";"0";"0";"A";"I"
"567";"1";"1651";"US";"flag-us";"Creaci&oacute;n: 2017-04-27 17:38:00";"25";"10000";"15";"300";"0";"0";"0";"0";"0";"0";"A";"I"
"568";"1";"1703";"US";"flag-us";"Creaci&oacute;n: 2017-04-27 17:43:00";"25";"10000";"15";"300";"0";"0";"0";"0";"0";"0";"A";"I"
"570";"2";"1925";"US";"flag-us";"Creaci&oacute;n: 2017-04-27 17:50:12";"25";"10000";"15";"300";"0";"0";"0";"0";"0";"0";"A";"I"
"580";"1";"1727";"US";"flag-us";"Creación: 2017-04-27 19:18:00";"25";"10000";"15";"1000";"0";"0";"0";"0";"0";"0";"A";"I"
"574";"2";"1718";"US";"flag-us";"Creaci&oacute;n: 2017-04-27 18:50:10";"25";"10000";"15";"300";"0";"0";"0";"0";"0";"0";"A";"I"
"572";"2";"1289";"CA";"flag-ca";"Creaci&oacute;n: 2017-04-27 18:30:07";"25";"300";"15";"300";"0";"0";"0";"0";"0";"0";"A";"I"
"591";"2";"1424";"US";"flag-us";"Creación: 2017-04-27 15:47:52";"25";"3600";"15";"3600";"0";"0";"0";"0";"0";"0";"A";"I"
"577";"1";"1514";"CA";"flag-ca";"Creación: 2017-04-27 18:53:21";"25";"10000";"15";"300";"0";"0";"0";"0";"0";"0";"A";"I"
"576";"1";"1214";"US";"flag-us";"Creación: 2017-06-21 14:30:11";"25";"3600";"15";"3600";"0";"0";"0";"0";"0";"0";"A";"I"
"581";"2";"1201";"US";"flag-us";"Creación: 2017-04-27 16:12:54";"25";"10000";"15";"300";"0";"0";"0";"0";"0";"0";"A";"I"
"579";"1";"1213";"US";"flag-us";"Creaci&oacute;n: 2017-04-27 19:17:54";"25";"10000";"15";"300";"0";"0";"0";"0";"0";"0";"A";"I"
"578";"1";"1404";"US";"flag-us";"Creaci&oacute;n: 2017-04-27 19:03:02";"25";"10000";"15";"300";"0";"0";"0";"0";"0";"0";"A";"I"
"583";"1";"1615";"US";"flag-us";"Creación: 2017-04-27 19:30:58";"25";"10000";"15";"300";"0";"0";"0";"0";"0";"0";"A";"I"
"584";"1";"1415";"US";"flag-us";"Creaci&oacute;n: 2017-04-27 19:47:35";"25";"10000";"15";"300";"0";"0";"0";"0";"0";"0";"A";"I"
"582";"2";"1858";"US";"flag-us";"Creaci&oacute;n: 2017-04-27 19:30:07";"25";"10000";"15";"300";"0";"0";"0";"0";"0";"0";"A";"I"
"588";"1";"1510";"US";"flag-us";"Creación: 2017-04-27 20:43:45";"25";"10000";"15";"300";"0";"0";"0";"0";"0";"0";"A";"I"
"590";"1";"1208";"US";"flag-us";"Creación: 2017-04-27 21:03:53";"25";"10000";"15";"300";"0";"0";"0";"0";"0";"0";"A";"I"
"586";"1";"1336";"US";"flag-us";"Creación: 2017-04-27 20:38:25";"25";"10000";"15";"300";"0";"0";"0";"0";"0";"0";"A";"I"
"585";"2";"1904";"US";"flag-us";"Creación: 2017-04-25 12:40:45";"25";"10000";"15";"300";"0";"0";"0";"0";"0";"0";"A";"I"
"589";"2";"1636";"US";"flag-us";"Creaci&oacute;n: 2017-04-27 20:55:07";"25";"10000";"15";"300";"0";"0";"0";"0";"0";"0";"A";"I"
"587";"1";"1508";"US";"flag-us";"Creación: 2017-04-27 20:38:27";"25";"10000";"15";"300";"0";"0";"0";"0";"0";"0";"A";"I"
"602";"1";"1803";"US";"flag-us";"Creaci&oacute;n: 2017-04-28 15:33:11";"25";"10000";"15";"300";"0";"0";"0";"0";"0";"0";"A";"I"
"774";"1";"1956";"US";"flag-us";"Creaci&oacute;n: 2017-05-10 21:17:44";"25";"5000";"15";"5000";"0";"0";"0";"0";"0";"0";"A";"I"
"594";"1";"1815";"US";"flag-us";"Creaci&oacute;n: 2017-04-27 22:52:25";"25";"10000";"15";"300";"0";"0";"0";"0";"0";"0";"A";"I"
"595";"1";"1757";"US";"flag-us";"Creaci&oacute;n: 2017-04-27 23:32:16";"25";"10000";"15";"300";"0";"0";"0";"0";"0";"0";"A";"I"
"593";"2";"1224";"US";"flag-us";"Creaci&oacute;n: 2017-04-27 22:30:05";"25";"10000";"15";"300";"0";"0";"0";"0";"0";"0";"A";"I"
"624";"1";"1760";"US";"flag-us";"Creación: 2017-04-28 21:57:49";"25";"10000";"15";"300";"0";"0";"0";"0";"0";"0";"A";"I"
"596";"2";"1973";"US";"flag-us";"Creaci&oacute;n: 2017-04-28 00:00:06";"25";"10000";"15";"300";"0";"0";"0";"0";"0";"0";"A";"I"
"597";"2";"1714";"US";"flag-us";"Creaci&oacute;n: 2017-04-28 01:20:04";"25";"10000";"15";"300";"0";"0";"0";"0";"0";"0";"A";"I"
"598";"2";"1888";"US";"flag-us";"Creación: 2017-06-01 14:05:08";"100";"15000";"25";"3600";"0";"0";"0";"0";"0";"0";"A";"I"
"599";"2";"1206";"US";"flag-us";"Creaci&oacute;n: 2017-04-28 14:35:05";"25";"10000";"15";"300";"0";"0";"0";"0";"0";"0";"A";"I"
"601";"2";"1203";"US";"flag-us";"Creaci&oacute;n: 2017-04-28 15:00:05";"25";"10000";"15";"300";"0";"0";"0";"0";"0";"0";"A";"I"
"600";"1";"1732";"US";"flag-us";"Creaci&oacute;n: 2017-04-28 14:42:31";"25";"10000";"15";"300";"0";"0";"0";"0";"0";"0";"A";"I"
"605";"1";"1219";"US";"flag-us";"Creaci&oacute;n: 2017-04-28 16:42:45";"25";"10000";"15";"300";"0";"0";"0";"0";"0";"0";"A";"I"
"609";"2";"1520";"US";"flag-us";"Creaci&oacute;n: 2017-04-28 18:00:06";"25";"10000";"15";"300";"0";"0";"0";"0";"0";"0";"A";"I"
"606";"2";"1844";"US";"flag-us";"Creaci&oacute;n: 2017-04-28 17:10:07";"25";"10000";"15";"300";"0";"0";"0";"0";"0";"0";"A";"I"
"618";"2";"1704";"US";"flag-us";"Creación: 2017-04-25 20:02:53";"25";"10000";"15";"300";"0";"0";"0";"0";"0";"0";"A";"I"
"608";"2";"1281";"US";"flag-us";"Creaci&oacute;n: 2017-04-28 17:55:05";"25";"10000";"15";"300";"0";"0";"0";"0";"0";"0";"A";"I"
"604";"2";"1561";"US";"flag-us";"Creaci&oacute;n: 2017-04-28 16:25:08";"25";"10000";"15";"300";"0";"0";"0";"0";"0";"0";"A";"I"
"603";"1";"1503";"US";"flag-us";"Creaci&oacute;n: 2017-04-28 15:47:53";"25";"10000";"15";"300";"0";"0";"0";"0";"0";"0";"A";"I"
"607";"2";"1860";"US";"flag-us";"Creaci&oacute;n: 2017-04-28 17:50:05";"25";"10000";"15";"300";"0";"0";"0";"0";"0";"0";"A";"I"
"614";"1";"1918";"US";"flag-us";"Creaci&oacute;n: 2017-04-28 20:12:58";"25";"10000";"15";"300";"0";"0";"0";"0";"0";"0";"A";"I"
"613";"1";"1773";"US";"flag-us";"Creaci&oacute;n: 2017-04-28 19:52:57";"25";"10000";"15";"300";"0";"0";"0";"0";"0";"0";"A";"I"
"611";"1";"1551";"US";"flag-us";"Creaci&oacute;n: 2017-04-28 18:07:49";"25";"10000";"15";"300";"0";"0";"0";"0";"0";"0";"A";"I"
"610";"2";"1915";"US";"flag-us";"Creación: 2017-06-01 20:35:17";"25";"3600";"15";"3600";"0";"0";"0";"0";"0";"0";"A";"I"
"617";"1";"1919";"US";"flag-us";"Creaci&oacute;n: 2017-04-28 20:43:19";"25";"10000";"15";"300";"0";"0";"0";"0";"0";"0";"A";"I"
"622";"1";"1418";"CA";"flag-ca";"Creación: 2017-04-28 21:27:47";"50";"3600";"50";"3600";"0";"0";"0";"0";"0";"0";"A";"I"
"612";"1";"1647";"CA";"flag-ca";"Creación: 2017-04-28 18:27:48";"25";"4500";"15";"4500";"0";"0";"0";"0";"0";"0";"A";"I"
"616";"1";"1902";"CA";"flag-ca";"Creación: 2017-04-28 20:43:13";"25";"10000";"15";"300";"0";"0";"0";"0";"0";"0";"A";"I"
"615";"1";"1267";"US";"flag-us";"Creaci&oacute;n: 2017-04-28 20:33:11";"25";"10000";"15";"300";"0";"0";"0";"0";"0";"0";"A";"I"
"620";"1";"1720";"US";"flag-us";"Creación: 2017-04-28 21:13:08";"300";"20000";"15";"300";"0";"0";"0";"0";"0";"0";"A";"I"
"626";"2";"1917";"US";"flag-us";"Creaci&oacute;n: 2017-04-28 23:20:05";"25";"10000";"15";"300";"0";"0";"0";"0";"0";"0";"A";"I"
"621";"2";"1864";"US";"flag-us";"Creación: 2017-07-11 23:31:53";"25";"5000";"15";"5000";"0";"0";"0";"0";"0";"0";"A";"I"
"619";"1";"1610";"US";"flag-us";"Creación: 2017-04-28 21:08:01";"25";"10000";"25";"300";"0";"0";"0";"0";"0";"0";"A";"N"
"625";"1";"1614";"US";"flag-us";"Creación: 2017-04-28 23:02:40";"25";"10000";"15";"300";"0";"0";"0";"0";"0";"0";"A";"I"
"623";"1";"1252";"US";"flag-us";"Creaci&oacute;n: 2017-04-28 21:37:39";"25";"10000";"15";"300";"0";"0";"0";"0";"0";"0";"A";"I"
"627";"2";"1407";"US";"flag-us";"Creación: 2017-06-01 20:25:11";"25";"3600";"15";"3600";"0";"0";"0";"0";"0";"0";"A";"I"
"629";"1";"1781";"US";"flag-us";"Creaci&oacute;n: 2017-04-29 04:10:40";"25";"10000";"15";"300";"0";"0";"0";"0";"0";"0";"A";"I"
"628";"2";"1809";"DO";"flag-do";"Creación: 2017-04-26 16:58:03";"500";"20000";"25";"3600";"0";"0";"0";"0";"0";"0";"A";"N"
"631";"2";"1480";"US";"flag-us";"Creación: 2017-05-01 18:26:34";"25";"10000";"15";"300";"0";"0";"0";"0";"0";"0";"A";"I"
"630";"2";"1410";"US";"flag-us";"Creaci&oacute;n: 2017-04-29 14:55:04";"25";"10000";"15";"300";"0";"0";"0";"0";"0";"0";"A";"I"
"632";"1";"1912";"US";"flag-us";"Creaci&oacute;n: 2017-04-29 16:21:58";"25";"10000";"15";"300";"0";"0";"0";"0";"0";"0";"A";"I"
"635";"1";"1925";"US";"flag-us";"Creaci&oacute;n: 2017-04-30 03:20:49";"25";"10000";"15";"300";"0";"0";"0";"0";"0";"0";"A";"I"
"634";"2";"1250";"CA";"flag-ca";"Creación: 2017-04-26 21:18:11";"50";"3600";"25";"3600";"0";"0";"0";"0";"0";"0";"A";"I"
"633";"1";"1928";"US";"flag-us";"Creaci&oacute;n: 2017-04-29 18:16:58";"25";"10000";"15";"300";"0";"0";"0";"0";"0";"0";"A";"I"
"640";"2";"1847";"US";"flag-us";"Creación: 2017-06-01 17:10:24";"25";"3600";"15";"3600";"0";"0";"0";"0";"0";"0";"A";"I"
"636";"1";"1402";"US";"flag-us";"Creación: 2017-04-30 15:51:01";"25";"10000";"15";"300";"0";"0";"0";"0";"0";"0";"A";"I"
"637";"2";"1708";"US";"flag-us";"Creaci&oacute;n: 2017-04-30 20:25:05";"25";"10000";"15";"300";"0";"0";"0";"0";"0";"0";"A";"I"
"644";"1";"1425";"US";"flag-us";"Creación: 2017-05-01 02:55:51";"30";"3600";"30";"3600";"0";"0";"0";"0";"0";"0";"A";"I"
"638";"2";"1773";"US";"flag-us";"Creaci&oacute;n: 2017-04-30 20:30:06";"25";"10000";"15";"300";"0";"0";"0";"0";"0";"0";"A";"I"
"639";"2";"1815";"US";"flag-us";"Creaci&oacute;n: 2017-04-30 20:40:07";"25";"10000";"15";"300";"0";"0";"0";"0";"0";"0";"A";"I"
"643";"2";"1213";"US";"flag-us";"Creaci&oacute;n: 2017-05-01 02:30:06";"25";"3600";"15";"300";"0";"0";"0";"0";"0";"0";"A";"I"
"642";"2";"1415";"US";"flag-us";"Creaci&oacute;n: 2017-05-01 02:20:04";"25";"3600";"15";"300";"0";"0";"0";"0";"0";"0";"A";"I"
"641";"1";"1518";"US";"flag-us";"Creación: 2017-05-01 01:36:07";"25";"1000";"15";"1000";"0";"0";"0";"0";"0";"0";"A";"I"
"647";"2";"1732";"US";"flag-us";"Creaci&oacute;n: 2017-05-01 14:45:04";"25";"3600";"15";"300";"0";"0";"0";"0";"0";"0";"A";"I"
"645";"1";"1989";"US";"flag-us";"Creación: 2017-05-01 05:20:23";"25";"3600";"15";"3600";"0";"0";"0";"0";"0";"0";"A";"I"
"646";"2";"1914";"US";"flag-us";"Creaci&oacute;n: 2017-05-01 14:30:05";"25";"3600";"15";"300";"0";"0";"0";"0";"0";"0";"A";"I"
"648";"1";"1218";"US";"flag-us";"Creación: 2017-05-01 14:51:10";"25";"3600";"15";"3600";"0";"0";"0";"0";"0";"0";"A";"I"
"649";"2";"1503";"US";"flag-us";"Creaci&oacute;n: 2017-05-01 15:10:05";"25";"3600";"15";"300";"0";"0";"0";"0";"0";"0";"A";"I"
"650";"1";"1541";"US";"flag-us";"Creación: 2017-05-01 15:11:16";"50";"3600";"50";"3600";"0";"0";"0";"0";"0";"0";"A";"I"
"653";"2";"1512";"US";"flag-us";"Creaci&oacute;n: 2017-05-01 16:55:05";"25";"3600";"15";"300";"0";"0";"0";"0";"0";"0";"A";"I"
"656";"2";"1713";"US";"flag-us";"Creación: 2017-06-23 17:00:19";"25";"3600";"15";"3600";"0";"0";"0";"0";"0";"0";"A";"I"
"651";"1";"1952";"US";"flag-us";"Creación: 2017-05-01 15:56:33";"25";"700";"15";"300";"0";"0";"0";"0";"0";"0";"A";"I"
"652";"1";"1307";"US";"flag-us";"Creación: 2017-05-01 16:46:26";"25";"1200";"15";"1200";"0";"0";"0";"0";"0";"0";"A";"I"
"657";"1";"1888";"US";"flag-us";"Creación: 2017-06-01 14:05:08";"100";"15000";"100";"7200";"0";"0";"0";"0";"0";"0";"A";"I"
"654";"2";"1310";"US";"flag-us";"Creaci&oacute;n: 2017-05-01 17:05:04";"25";"3600";"15";"300";"0";"0";"0";"0";"0";"0";"A";"I"
"666";"1";"1828";"US";"flag-us";"Creaci&oacute;n: 2017-05-02 19:12:29";"25";"5000";"15";"5000";"0";"0";"0";"0";"0";"0";"A";"I"
"660";"1";"1314";"US";"flag-us";"Creaci&oacute;n: 2017-05-02 16:52:50";"25";"5000";"15";"5000";"0";"0";"0";"0";"0";"0";"A";"I"
"667";"1";"1502";"US";"flag-us";"Creaci&oacute;n: 2017-05-02 20:52:31";"25";"5000";"15";"5000";"0";"0";"0";"0";"0";"0";"A";"I"
"658";"2";"92";"PK";"flag-pk";"Creaci&oacute;n: 2017-05-02 14:10:07";"25";"3600";"15";"300";"0";"0";"0";"0";"0";"0";"A";"I"
"675";"1";"1612";"US";"flag-us";"Creaci&oacute;n: 2017-05-03 16:12:46";"25";"5000";"15";"5000";"0";"0";"0";"0";"0";"0";"A";"I"
"671";"1";"1603";"US";"flag-us";"Creaci&oacute;n: 2017-05-03 15:02:24";"25";"5000";"15";"5000";"0";"0";"0";"0";"0";"0";"A";"I"
"662";"2";"1903";"US";"flag-us";"Creaci&oacute;n: 2017-05-02 16:55:09";"25";"3600";"15";"300";"0";"0";"0";"0";"0";"0";"A";"I"
"659";"2";"1787";"PR";"flag-pr";"Creación: 2017-06-01 19:25:08";"25";"10000";"15";"10000";"0";"0";"0";"0";"0";"0";"A";"N"
"661";"2";"1619";"US";"flag-us";"Creación: 2017-05-05 16:13:19";"40";"5000";"25";"3600";"0";"0";"0";"0";"0";"0";"A";"I"
"673";"1";"1814";"US";"flag-us";"Creaci&oacute;n: 2017-05-03 15:07:25";"25";"5000";"15";"5000";"0";"0";"0";"0";"0";"0";"A";"I"
"663";"2";"1724";"US";"flag-us";"Creaci&oacute;n: 2017-05-02 17:40:07";"25";"3600";"15";"300";"0";"0";"0";"0";"0";"0";"A";"I"
"664";"2";"1216";"US";"flag-us";"Creaci&oacute;n: 2017-05-02 17:55:05";"25";"3600";"15";"300";"0";"0";"0";"0";"0";"0";"A";"I"
"665";"1";"1204";"CA";"flag-ca";"Creación: 2017-06-22 15:05:10";"25";"5000";"15";"5000";"0";"0";"0";"0";"0";"0";"A";"I"
"669";"1";"1910";"US";"flag-us";"Creaci&oacute;n: 2017-05-02 21:32:34";"25";"5000";"15";"5000";"0";"0";"0";"0";"0";"0";"A";"I"
"668";"1";"1778";"CA";"flag-ca";"Creaci&oacute;n: 2017-05-02 20:57:38";"25";"5000";"15";"5000";"0";"0";"0";"0";"0";"0";"A";"I"
"674";"2";"1405";"US";"flag-us";"Creación: 2017-07-03 17:40:13";"25";"3600";"15";"3600";"0";"0";"0";"0";"0";"0";"A";"I"
"672";"1";"1920";"US";"flag-us";"Creaci&oacute;n: 2017-05-03 15:02:28";"25";"5000";"15";"5000";"0";"0";"0";"0";"0";"0";"A";"I"
"670";"1";"1586";"US";"flag-us";"Creaci&oacute;n: 2017-05-03 03:20:53";"25";"5000";"15";"5000";"0";"0";"0";"0";"0";"0";"A";"I"
"681";"1";"1940";"US";"flag-us";"Creaci&oacute;n: 2017-05-03 19:22:43";"25";"5000";"15";"5000";"0";"0";"0";"0";"0";"0";"A";"I"
"5690";"5";"1321";"US";"flag-us";;"25";"10000";"15";"300";"0";"0";NULL;NULL;NULL;NULL;"A";"N"
"677";"2";"1508";"US";"flag-us";"Creaci&oacute;n: 2017-05-03 16:20:06";"25";"3600";"15";"300";"0";"0";"0";"0";"0";"0";"A";"I"
"678";"1";"1251";"US";"flag-us";"Creaci&oacute;n: 2017-05-03 16:28:00";"25";"5000";"15";"5000";"0";"0";"0";"0";"0";"0";"A";"I"
"687";"1";"1210";"US";"flag-us";"Creaci&oacute;n: 2017-05-03 22:13:12";"25";"5000";"15";"5000";"0";"0";"0";"0";"0";"0";"A";"I"
"676";"1";"1626";"US";"flag-us";"Creaci&oacute;n: 2017-05-03 16:17:54";"25";"5000";"15";"5000";"0";"0";"0";"0";"0";"0";"A";"I"
"3606";"4";"1304";"US";"flag-us";"Creaci&oacute;n: 2018-03-30 16:10:29";"15";"3600";"10";"300";"0";"0";"0";"0";"0";"0";"A";"I"
"685";"2";"1763";"US";"flag-us";"Creaci&oacute;n: 2017-05-03 21:20:06";"25";"3600";"15";"300";"0";"0";"0";"0";"0";"0";"A";"I"
"679";"1";"1716";"US";"flag-us";"Creaci&oacute;n: 2017-05-03 16:42:57";"25";"5000";"15";"5000";"0";"0";"0";"0";"0";"0";"A";"I"
"691";"2";"1575";"US";"flag-us";"Creaci&oacute;n: 2017-05-04 15:35:06";"25";"3600";"15";"300";"0";"0";"0";"0";"0";"0";"A";"I"
"682";"1";"1401";"US";"flag-us";"Creaci&oacute;n: 2017-05-03 19:32:35";"25";"5000";"15";"5000";"0";"0";"0";"0";"0";"0";"A";"I"
"680";"2";"1330";"US";"flag-us";"Creaci&oacute;n: 2017-05-03 17:25:05";"25";"3600";"15";"300";"0";"0";"0";"0";"0";"0";"A";"I"
"683";"1";"1334";"US";"flag-us";"Creaci&oacute;n: 2017-05-03 20:48:07";"25";"5000";"15";"5000";"0";"0";"0";"0";"0";"0";"A";"I"
"684";"1";"1509";"US";"flag-us";"Creaci&oacute;n: 2017-05-03 20:53:08";"25";"5000";"15";"5000";"0";"0";"0";"0";"0";"0";"A";"I"
"690";"1";"1608";"US";"flag-us";"Creaci&oacute;n: 2017-05-04 14:32:17";"25";"5000";"15";"5000";"0";"0";"0";"0";"0";"0";"A";"I"
"689";"2";"1505";"US";"flag-us";"Creaci&oacute;n: 2017-05-04 12:30:05";"25";"3600";"15";"300";"0";"0";"0";"0";"0";"0";"A";"I"
"688";"1";"1506";"CA";"flag-ca";"Creaci&oacute;n: 2017-05-04 02:41:02";"25";"5000";"15";"5000";"0";"0";"0";"0";"0";"0";"A";"I"
"694";"1";"1403";"CA";"flag-ca";"Creación: 2017-06-28 22:00:14";"25";"3600";"25";"3600";"0";"0";"0";"0";"0";"0";"A";"N"
"692";"1";"1609";"US";"flag-us";"Creación: 2017-06-04 23:35:07";"25";"3600";"15";"3600";"0";"0";"0";"0";"0";"0";"A";"I"
"693";"2";"1408";"US";"flag-us";"Creaci&oacute;n: 2017-05-04 16:15:06";"25";"3600";"15";"300";"0";"0";"0";"0";"0";"0";"A";"I"
"696";"2";"1218";"US";"flag-us";"Creación: 2017-05-01 14:51:10";"25";"3600";"15";"3600";"0";"0";"0";"0";"0";"0";"A";"I"
"699";"1";"351";"PT";"flag-pt";"Creaci&oacute;n: 2017-05-04 18:02:55";"25";"5000";"15";"5000";"0";"0";"0";"0";"0";"0";"A";"I"
"695";"1";"1916";"US";"flag-us";"Creaci&oacute;n: 2017-05-04 16:28:13";"25";"5000";"15";"5000";"0";"0";"0";"0";"0";"0";"A";"I"
"708";"1";"1505";"US";"flag-us";"Creaci&oacute;n: 2017-05-05 00:36:36";"25";"5000";"15";"5000";"0";"0";"0";"0";"0";"0";"A";"I"
"702";"2";"1501";"US";"flag-us";"Creaci&oacute;n: 2017-05-04 20:35:08";"25";"3600";"15";"300";"0";"0";"0";"0";"0";"0";"A";"I"
"701";"2";"1530";"US";"flag-us";"Creaci&oacute;n: 2017-05-04 20:25:08";"25";"3600";"15";"300";"0";"0";"0";"0";"0";"0";"A";"I"
"697";"2";"1705";"CA";"flag-ca";"Creaci&oacute;n: 2017-05-04 17:00:09";"25";"3600";"15";"300";"0";"0";"0";"0";"0";"0";"A";"I"
"709";"2";"1902";"CA";"flag-ca";"Creaci&oacute;n: 2017-05-05 13:05:05";"25";"3600";"15";"300";"0";"0";"0";"0";"0";"0";"A";"I"
"698";"2";"1541";"US";"flag-us";"Creación: 2017-05-01 15:11:16";"50";"3600";"25";"3600";"0";"0";"0";"0";"0";"0";"A";"I"
"714";"2";"1610";"US";"flag-us";"Creación: 2017-04-28 21:08:01";"25";"10000";"25";"300";"0";"0";"0";"0";"0";"0";"A";"N"
"703";"1";"1775";"US";"flag-us";"Creaci&oacute;n: 2017-05-04 20:57:49";"25";"5000";"15";"5000";"0";"0";"0";"0";"0";"0";"A";"I"
"704";"2";"1317";"US";"flag-us";"Creaci&oacute;n: 2017-05-04 21:15:06";"25";"3600";"15";"300";"0";"0";"0";"0";"0";"0";"A";"I"
"700";"2";"1212";"US";"flag-us";"Creaci&oacute;n: 2017-05-04 19:45:05";"25";"3600";"15";"300";"0";"0";"0";"0";"0";"0";"A";"I"
"710";"1";"65";"SG";"flag-sg";"Creaci&oacute;n: 2017-05-05 14:06:28";"25";"5000";"15";"5000";"0";"0";"0";"0";"0";"0";"A";"I"
"722";"1";"1849";"DO";"flag-do";"Creaci&oacute;n: 2017-05-05 16:33:09";"25";"5000";"15";"5000";"0";"0";"0";"0";"0";"0";"A";"I"
"711";"1";"47";"NO";"flag-no";"Creaci&oacute;n: 2017-05-05 14:27:07";"25";"5000";"15";"5000";"0";"0";"0";"0";"0";"0";"A";"I"
"707";"1";"1618";"US";"flag-us";"Creaci&oacute;n: 2017-05-05 00:21:38";"25";"5000";"15";"5000";"0";"0";"0";"0";"0";"0";"A";"I"
"716";"2";"1989";"US";"flag-us";"Creación: 2017-05-01 05:20:23";"25";"3600";"15";"3600";"0";"0";"0";"0";"0";"0";"A";"I"
"737";"1";"1661";"US";"flag-us";"Creaci&oacute;n: 2017-05-06 18:01:43";"25";"5000";"15";"5000";"0";"0";"0";"0";"0";"0";"A";"I"
"718";"1";"1619";"US";"flag-us";"Creación: 2017-05-05 16:13:19";"40";"5000";"40";"5000";"0";"0";"0";"0";"0";"0";"A";"I"
"713";"1";"1602";"US";"flag-us";"Creaci&oacute;n: 2017-05-05 15:12:43";"25";"5000";"15";"5000";"0";"0";"0";"0";"0";"0";"A";"I"
"712";"1";"1650";"US";"flag-us";"Creación: 2017-05-05 14:57:17";"25";"6000";"15";"6000";"0";"0";"0";"0";"0";"0";"A";"I"
"723";"1";"1225";"US";"flag-us";"Creaci&oacute;n: 2017-05-05 17:13:00";"25";"5000";"15";"5000";"0";"0";"0";"0";"0";"0";"A";"I"
"715";"2";"98";"IR";"flag-ir";"Creaci&oacute;n: 2017-05-05 15:55:11";"25";"3600";"15";"300";"0";"0";"0";"0";"0";"0";"A";"I"
"717";"2";"1918";"US";"flag-us";"Creaci&oacute;n: 2017-05-05 16:10:07";"25";"3600";"15";"300";"0";"0";"0";"0";"0";"0";"A";"I"
"719";"2";"1209";"US";"flag-us";"Creaci&oacute;n: 2017-05-05 16:15:05";"25";"3600";"15";"300";"0";"0";"0";"0";"0";"0";"A";"I"
"725";"2";"1340";"VI";"flag-vi";"Creación: 2017-05-30 21:42:39";"7";"1000";"7";"1000";"0";"0";"0";"0";"0";"0";"A";"N"
"720";"2";"1785";"US";"flag-us";"Creaci&oacute;n: 2017-05-05 16:30:08";"25";"3600";"15";"300";"0";"0";"0";"0";"0";"0";"A";"I"
"721";"2";"1859";"US";"flag-us";"Creaci&oacute;n: 2017-05-05 16:30:08";"25";"3600";"15";"300";"0";"0";"0";"0";"0";"0";"A";"I"
"724";"1";"1980";"US";"flag-us";"Creaci&oacute;n: 2017-05-05 17:23:07";"25";"5000";"15";"5000";"0";"0";"0";"0";"0";"0";"A";"I"
"730";"2";"1609";"US";"flag-us";"Creación: 2017-06-04 23:35:07";"25";"3600";"15";"3600";"0";"0";"0";"0";"0";"0";"A";"I"
"731";"2";"81";"JP";"flag-jp";"Creaci&oacute;n: 2017-05-06 02:35:07";"25";"3600";"15";"300";"0";"0";"0";"0";"0";"0";"A";"I"
"727";"1";"1979";"US";"flag-us";"Creaci&oacute;n: 2017-05-05 20:02:29";"25";"5000";"15";"5000";"0";"0";"0";"0";"0";"0";"A";"I"
"728";"2";"1614";"US";"flag-us";"Creaci&oacute;n: 2017-05-05 20:05:06";"25";"3600";"15";"300";"0";"0";"0";"0";"0";"0";"A";"I"
"733";"2";"1214";"US";"flag-us";"Creación: 2017-06-21 14:30:11";"25";"3600";"15";"3600";"0";"0";"0";"0";"0";"0";"A";"I"
"729";"1";"1205";"US";"flag-us";"Creaci&oacute;n: 2017-05-05 22:02:41";"25";"5000";"15";"5000";"0";"0";"0";"0";"0";"0";"A";"I"
"734";"1";"1971";"US";"flag-us";"Creaci&oacute;n: 2017-05-06 15:56:45";"25";"5000";"15";"5000";"0";"0";"0";"0";"0";"0";"A";"I"
"736";"1";"1360";"US";"flag-us";"Creaci&oacute;n: 2017-05-06 18:01:40";"25";"5000";"15";"5000";"0";"0";"0";"0";"0";"0";"A";"I"
"735";"1";"1530";"US";"flag-us";"Creaci&oacute;n: 2017-05-06 16:21:56";"25";"5000";"15";"5000";"0";"0";"0";"0";"0";"0";"A";"I"
"741";"2";"1901";"US";"flag-us";"Creaci&oacute;n: 2017-05-08 02:35:06";"25";"3600";"15";"300";"0";"0";"0";"0";"0";"0";"A";"I"
"739";"1";"1701";"US";"flag-us";"Creaci&oacute;n: 2017-05-07 19:41:14";"25";"5000";"15";"5000";"0";"0";"0";"0";"0";"0";"A";"I"
"738";"1";"1951";"US";"flag-us";"Creaci&oacute;n: 2017-05-06 18:46:41";"25";"5000";"15";"5000";"0";"0";"0";"0";"0";"0";"A";"I"
"740";"2";"40";"RO";"flag-ro";"Creación: 2016-06-13 18:01:46";"25";"1200";"15";"1200";"0";"0";"0";"0";"0";"0";"A";"N"
"742";"2";"1323";"US";"flag-us";"Creaci&oacute;n: 2017-05-08 03:20:06";"25";"3600";"15";"300";"0";"0";"0";"0";"0";"0";"A";"I"
"744";"2";"1805";"US";"flag-us";"Creaci&oacute;n: 2017-05-08 16:30:07";"25";"3600";"15";"300";"0";"0";"0";"0";"0";"0";"A";"I"
"752";"2";"1772";"US";"flag-us";"Creación: 2017-06-05 13:05:06";"200";"20000";"25";"3600";"0";"0";"0";"0";"0";"0";"A";"N"
"743";"1";"1443";"US";"flag-us";"Creaci&oacute;n: 2017-05-08 13:05:47";"25";"5000";"15";"5000";"0";"0";"0";"0";"0";"0";"A";"I"
"745";"1";"1706";"US";"flag-us";"Creaci&oacute;n: 2017-05-08 17:43:00";"25";"5000";"15";"5000";"0";"0";"0";"0";"0";"0";"A";"I"
"754";"1";"11";"US";"flag-us";"Creación: 2017-06-20 21:35:10";"200";"20000";"200";"20000";"0";"0";"0";"0";"0";"0";"A";"N"
"748";"1";"1234";"US";"flag-us";"Creaci&oacute;n: 2017-05-08 20:53:01";"25";"5000";"15";"5000";"0";"0";"0";"0";"0";"0";"A";"I"
"746";"1";"1707";"US";"flag-us";"Creaci&oacute;n: 2017-05-08 17:52:50";"25";"5000";"15";"5000";"0";"0";"0";"0";"0";"0";"A";"I"
"747";"1";"1414";"US";"flag-us";"Creaci&oacute;n: 2017-05-08 18:02:44";"25";"5000";"15";"5000";"0";"0";"0";"0";"0";"0";"A";"I"
"749";"1";"1843";"US";"flag-us";"Creaci&oacute;n: 2017-05-08 21:38:03";"25";"5000";"15";"5000";"0";"0";"0";"0";"0";"0";"A";"I"
"3071";"4";"1347";"US";"flag-us";"Creaci&oacute;n: 2017-08-08 13:40:12";"25";"3600";"15";"300";"0";"0";"0";"0";"0";"0";"A";"I"
"756";"1";"1229";"US";"flag-us";"Creaci&oacute;n: 2017-05-09 16:13:02";"25";"5000";"15";"5000";"0";"0";"0";"0";"0";"0";"A";"I"
"750";"1";"1209";"US";"flag-us";"Creaci&oacute;n: 2017-05-08 23:32:00";"25";"5000";"15";"5000";"0";"0";"0";"0";"0";"0";"A";"I"
"753";"2";"1920";"US";"flag-us";"Creaci&oacute;n: 2017-05-09 15:40:07";"25";"3600";"15";"300";"0";"0";"0";"0";"0";"0";"A";"I"
"755";"2";"1312";"US";"flag-us";"Creación: 2017-06-21 22:15:12";"200";"20000";"25";"3600";"0";"0";"0";"0";"0";"0";"A";"N"
"758";"2";"1423";"US";"flag-us";"Creaci&oacute;n: 2017-05-09 17:05:06";"25";"3600";"15";"300";"0";"0";"0";"0";"0";"0";"A";"I"
"757";"1";"1559";"US";"flag-us";"Creaci&oacute;n: 2017-05-09 17:03:21";"25";"5000";"15";"5000";"0";"0";"0";"0";"0";"0";"A";"I"
"761";"1";"1312";"US";"flag-us";"Creación: 2017-06-21 22:15:12";"200";"20000";"200";"20000";"0";"0";"0";"0";"0";"0";"A";"N"
"760";"1";"1715";"US";"flag-us";"Creaci&oacute;n: 2017-05-09 17:27:55";"25";"5000";"15";"5000";"0";"0";"0";"0";"0";"0";"A";"I"
"776";"2";"1949";"US";"flag-us";"Creaci&oacute;n: 2017-05-10 22:45:07";"25";"3600";"15";"300";"0";"0";"0";"0";"0";"0";"A";"I"
"762";"1";"1774";"US";"flag-us";"Creaci&oacute;n: 2017-05-09 17:43:16";"25";"5000";"15";"5000";"0";"0";"0";"0";"0";"0";"A";"I"
"765";"1";"1678";"US";"flag-us";"Creaci&oacute;n: 2017-05-09 21:08:01";"25";"5000";"15";"5000";"0";"0";"0";"0";"0";"0";"A";"I"
"792";"1";"1517";"US";"flag-us";"Creaci&oacute;n: 2017-05-12 16:07:37";"25";"5000";"15";"5000";"0";"0";"0";"0";"0";"0";"A";"I"
"759";"2";"91";"IN";"flag-in";"Creación: 2016-05-17 22:01:40";"9";"3600";"9";"3600";"0";"0";"0";"0";"0";"0";"A";"N"
"764";"1";"1901";"US";"flag-us";"Creaci&oacute;n: 2017-05-09 20:57:50";"25";"5000";"15";"5000";"0";"0";"0";"0";"0";"0";"A";"I"
"763";"2";"1956";"US";"flag-us";"Creaci&oacute;n: 2017-05-09 18:00:10";"25";"3600";"15";"300";"0";"0";"0";"0";"0";"0";"A";"I"
"772";"1";"1721";"US";"flag-us";"Creaci&oacute;n: 2017-05-10 17:22:47";"25";"5000";"15";"5000";"0";"0";"0";"0";"0";"0";"A";"I"
"769";"1";"1268";"AG";"flag-ag";"Creación: 2017-05-10 15:27:47";"7";"1200";"7";"1200";"0";"0";"0";"0";"0";"0";"A";"N"
"770";"2";"1302";"US";"flag-us";"Creaci&oacute;n: 2017-05-10 15:35:05";"25";"3600";"15";"300";"0";"0";"0";"0";"0";"0";"A";"I"
"778";"1";"1352";"US";"flag-us";"Creaci&oacute;n: 2017-05-10 23:26:53";"25";"5000";"15";"5000";"0";"0";"0";"0";"0";"0";"A";"I"
"775";"2";"1425";"US";"flag-us";"Creación: 2017-05-01 02:55:51";"30";"3600";"25";"3600";"0";"0";"0";"0";"0";"0";"A";"I"
"766";"1";"10";"US";"flag-us";"Creación: 2017-06-21 22:40:10";"200";"20000";"200";"20000";"0";"0";"0";"0";"0";"0";"A";"N"
"767";"2";"1337";"US";"flag-us";"Creaci&oacute;n: 2017-05-10 14:55:07";"25";"3600";"15";"300";"0";"0";"0";"0";"0";"0";"A";"I"
"768";"1";"18";"US";"flag-us";"Creaci&oacute;n: 2017-05-10 15:22:54";"25";"5000";"15";"5000";"0";"0";"0";"0";"0";"0";"A";"I"
"773";"2";"1661";"US";"flag-us";"Creaci&oacute;n: 2017-05-10 21:05:06";"25";"3600";"15";"300";"0";"0";"0";"0";"0";"0";"A";"I"
"771";"2";"1727";"US";"flag-us";"Creaci&oacute;n: 2017-05-10 16:40:06";"25";"3600";"15";"300";"0";"0";"0";"0";"0";"0";"A";"I"
"780";"1";"1289";"CA";"flag-ca";"Creaci&oacute;n: 2017-05-11 14:32:15";"25";"5000";"15";"5000";"0";"0";"0";"0";"0";"0";"A";"I"
"782";"2";"1819";"CA";"flag-ca";"Creaci&oacute;n: 2017-05-11 15:10:07";"25";"3600";"15";"300";"0";"0";"0";"0";"0";"0";"A";"I"
"779";"1";"1607";"US";"flag-us";"Creaci&oacute;n: 2017-05-10 23:31:56";"25";"5000";"15";"5000";"0";"0";"0";"0";"0";"0";"A";"I"
"788";"2";"974";"QA";"flag-qa";"Creaci&oacute;n: 2017-05-11 20:30:11";"25";"3600";"15";"300";"0";"0";"0";"0";"0";"0";"A";"I"
"781";"1";"1808";"US";"flag-us";"Creaci&oacute;n: 2017-05-11 14:47:23";"25";"5000";"15";"5000";"0";"0";"0";"0";"0";"0";"A";"I"
"785";"2";"1615";"US";"flag-us";"Creaci&oacute;n: 2017-05-11 17:10:08";"25";"3600";"15";"300";"0";"0";"0";"0";"0";"0";"A";"I"
"784";"1";"1253";"US";"flag-us";"Creaci&oacute;n: 2017-05-11 17:02:41";"25";"5000";"15";"5000";"0";"0";"0";"0";"0";"0";"A";"I"
"794";"2";"1246";"BB";"flag-bb";"Creacion manual";"15";"3600";"15";"800";"0";"0";"0";"0";"0";"0";"A";"N"
"783";"2";"1909";"US";"flag-us";"Creaci&oacute;n: 2017-05-11 16:35:09";"25";"3600";"15";"300";"0";"0";"0";"0";"0";"0";"A";"I"
"796";"2";"1650";"US";"flag-us";"Creación: 2017-05-05 14:57:17";"25";"6000";"15";"6000";"0";"0";"0";"0";"0";"0";"A";"I"
"786";"1";"36";"HU";"flag-hu";"Creaci&oacute;n: 2017-05-11 17:27:59";"25";"5000";"15";"5000";"0";"0";"0";"0";"0";"0";"A";"I"
"787";"2";"1952";"US";"flag-us";"Creación: 2017-05-01 15:56:33";"25";"700";"15";"300";"0";"0";"0";"0";"0";"0";"A";"I"
"795";"2";"1602";"US";"flag-us";"Creaci&oacute;n: 2017-05-12 19:50:07";"25";"3600";"15";"300";"0";"0";"0";"0";"0";"0";"A";"I"
"789";"2";"1774";"US";"flag-us";"Creaci&oacute;n: 2017-05-12 01:25:06";"25";"3600";"15";"300";"0";"0";"0";"0";"0";"0";"A";"I"
"791";"2";"1504";"US";"flag-us";"Creaci&oacute;n: 2017-05-12 15:50:07";"25";"3600";"15";"300";"0";"0";"0";"0";"0";"0";"A";"I"
"790";"2";"1707";"US";"flag-us";"Creaci&oacute;n: 2017-05-12 15:45:06";"25";"3600";"15";"300";"0";"0";"0";"0";"0";"0";"A";"I"
"798";"2";"1318";"US";"flag-us";"Creaci&oacute;n: 2017-05-13 19:40:05";"25";"3600";"15";"300";"0";"0";"0";"0";"0";"0";"A";"I"
"793";"2";"1716";"US";"flag-us";"Creaci&oacute;n: 2017-05-12 19:00:07";"25";"3600";"15";"300";"0";"0";"0";"0";"0";"0";"A";"I"
"800";"1";"1810";"US";"flag-us";"Creaci&oacute;n: 2017-05-14 18:46:15";"25";"5000";"15";"5000";"0";"0";"0";"0";"0";"0";"A";"I"
"797";"2";"1336";"US";"flag-us";"Creaci&oacute;n: 2017-05-13 16:45:06";"25";"3600";"15";"300";"0";"0";"0";"0";"0";"0";"A";"I"
"801";"1";"1438";"CA";"flag-ca";"Creaci&oacute;n: 2017-05-14 18:56:07";"25";"5000";"15";"5000";"0";"0";"0";"0";"0";"0";"A";"I"
"799";"2";"1832";"US";"flag-us";"Creaci&oacute;n: 2017-05-14 16:05:08";"25";"3600";"15";"300";"0";"0";"0";"0";"0";"0";"A";"I"
"802";"2";"1829";"US";"flag-us";"Creación: 2017-04-25 14:32:35";"300";"10000";"25";"3800";"0";"0";"0";"0";"0";"0";"A";"I"
"803";"2";"63";"PH";"flag-ph";"Creaci&oacute;n: 2017-05-15 15:35:08";"25";"3600";"15";"300";"0";"0";"0";"0";"0";"0";"A";"I"
"807";"2";"1268";"AG";"flag-ag";"Creación: 2017-05-10 15:27:47";"7";"1200";"7";"1200";"0";"0";"0";"0";"0";"0";"A";"N"
"812";"2";"1868";"TT";"flag-tt";"Creación: 2017-07-26 20:05:17";"100";"3600";"25";"3600";"0";"0";"0";"0";"0";"0";"A";"N"
"804";"2";"1440";"US";"flag-us";"Creaci&oacute;n: 2017-05-15 16:10:07";"25";"3600";"15";"300";"0";"0";"0";"0";"0";"0";"A";"I"
"808";"1";"1412";"US";"flag-us";"Creaci&oacute;n: 2017-05-16 16:07:56";"25";"5000";"15";"5000";"0";"0";"0";"0";"0";"0";"A";"I"
"810";"2";"1314";"US";"flag-us";"Creaci&oacute;n: 2017-05-16 17:10:05";"25";"3600";"15";"300";"0";"0";"0";"0";"0";"0";"A";"I"
"805";"1";"1937";"US";"flag-us";"Creaci&oacute;n: 2017-05-15 19:02:50";"25";"5000";"15";"5000";"0";"0";"0";"0";"0";"0";"A";"I"
"813";"1";"1385";"US";"flag-us";"Creaci&oacute;n: 2017-05-16 22:27:18";"25";"5000";"15";"5000";"0";"0";"0";"0";"0";"0";"A";"I"
"811";"1";"1248";"US";"flag-us";"Creaci&oacute;n: 2017-05-16 17:22:56";"25";"5000";"15";"5000";"0";"0";"0";"0";"0";"0";"A";"I"
"809";"1";"1585";"US";"flag-us";"Creaci&oacute;n: 2017-05-16 17:08:08";"25";"5000";"15";"5000";"0";"0";"0";"0";"0";"0";"A";"I"
"817";"1";"1767";"DM";"flag-dm";"Creación: 2017-05-17 14:16:57";"5";"300";"5";"300";"0";"0";"0";"0";"0";"0";"A";"N"
"814";"1";"1513";"US";"flag-us";"Creaci&oacute;n: 2017-05-16 23:56:56";"25";"5000";"15";"5000";"0";"0";"0";"0";"0";"0";"A";"I"
"820";"1";"1856";"US";"flag-us";"Creaci&oacute;n: 2017-05-17 19:02:21";"25";"5000";"15";"5000";"0";"0";"0";"0";"0";"0";"A";"I"
"818";"2";"1208";"US";"flag-us";"Creaci&oacute;n: 2017-05-17 14:55:06";"25";"3600";"15";"300";"0";"0";"0";"0";"0";"0";"A";"I"
"821";"1";"1907";"US";"flag-us";"Creaci&oacute;n: 2017-05-17 19:17:33";"25";"5000";"15";"5000";"0";"0";"0";"0";"0";"0";"A";"I"
"819";"2";"1816";"US";"flag-us";"Creaci&oacute;n: 2017-05-17 16:35:09";"25";"3600";"15";"300";"0";"0";"0";"0";"0";"0";"A";"I"
"824";"1";"1623";"US";"flag-us";"Creaci&oacute;n: 2017-05-18 20:07:27";"25";"5000";"15";"5000";"0";"0";"0";"0";"0";"0";"A";"I"
"822";"2";"1306";"CA";"flag-ca";"Creaci&oacute;n: 2017-05-17 20:05:06";"25";"3600";"15";"300";"0";"0";"0";"0";"0";"0";"A";"I"
"829";"2";"1435";"US";"flag-us";"Creaci&oacute;n: 2017-05-19 15:25:07";"25";"3600";"15";"300";"0";"0";"0";"0";"0";"0";"A";"I"
"823";"2";"1417";"US";"flag-us";"Creaci&oacute;n: 2017-05-18 14:45:07";"25";"3600";"15";"300";"0";"0";"0";"0";"0";"0";"A";"I"
"827";"2";"1770";"US";"flag-us";"Creaci&oacute;n: 2017-05-19 13:40:06";"25";"3600";"15";"300";"0";"0";"0";"0";"0";"0";"A";"I"
"828";"1";"1734";"US";"flag-us";"Creaci&oacute;n: 2017-05-19 15:07:33";"25";"5000";"15";"5000";"0";"0";"0";"0";"0";"0";"A";"I"
"825";"2";"1778";"CA";"flag-ca";"Creaci&oacute;n: 2017-05-18 21:55:06";"25";"3600";"15";"300";"0";"0";"0";"0";"0";"0";"A";"I"
"833";"1";"1985";"US";"flag-us";"Creaci&oacute;n: 2017-05-19 19:47:11";"25";"5000";"15";"5000";"0";"0";"0";"0";"0";"0";"A";"I"
"3025";"4";"1978";"US";"flag-us";"Creaci&oacute;n: 2017-08-01 13:50:11";"25";"3600";"15";"300";"0";"0";"0";"0";"0";"0";"A";"I"
"3024";"4";"1414";"US";"flag-us";"Creaci&oacute;n: 2017-08-01 13:30:09";"25";"3600";"15";"300";"0";"0";"0";"0";"0";"0";"A";"I"
"831";"1";"1423";"US";"flag-us";"Creaci&oacute;n: 2017-05-19 17:22:48";"25";"5000";"15";"5000";"0";"0";"0";"0";"0";"0";"A";"I"
"830";"2";"1604";"CA";"flag-ca";"Creaci&oacute;n: 2017-05-19 16:05:07";"25";"3600";"15";"300";"0";"0";"0";"0";"0";"0";"A";"I"
"832";"1";"1315";"US";"flag-us";"Creaci&oacute;n: 2017-05-19 18:37:24";"25";"5000";"15";"5000";"0";"0";"0";"0";"0";"0";"A";"I"
"834";"1";"1501";"US";"flag-us";"Creaci&oacute;n: 2017-05-19 19:52:14";"25";"5000";"15";"5000";"0";"0";"0";"0";"0";"0";"A";"I"
"835";"2";"1616";"US";"flag-us";"Creaci&oacute;n: 2017-05-19 21:40:07";"25";"3600";"15";"300";"0";"0";"0";"0";"0";"0";"A";"I"
"839";"2";"1507";"US";"flag-us";"Creaci&oacute;n: 2017-05-21 22:45:06";"25";"3600";"15";"300";"0";"0";"0";"0";"0";"0";"A";"I"
"837";"2";"1301";"US";"flag-us";"Creaci&oacute;n: 2017-05-21 11:30:06";"25";"3600";"15";"300";"0";"0";"0";"0";"0";"0";"A";"I"
"836";"2";"1980";"US";"flag-us";"Creación: 2017-05-20 14:10:07";"25";"3600";"15";"300";"0";"0";"0";"0";"0";"0";"A";"I"
"841";"1";"1207";"US";"flag-us";"Creaci&oacute;n: 2017-05-22 15:42:32";"25";"5000";"15";"5000";"0";"0";"0";"0";"0";"0";"A";"I"
"840";"1";"1304";"US";"flag-us";"Creaci&oacute;n: 2017-05-22 13:51:09";"25";"5000";"15";"5000";"0";"0";"0";"0";"0";"0";"A";"I"
"844";"2";"1936";"US";"flag-us";"Creaci&oacute;n: 2017-05-22 18:50:10";"25";"3600";"15";"300";"0";"0";"0";"0";"0";"0";"A";"I"
"842";"2";"1509";"US";"flag-us";"Creaci&oacute;n: 2017-05-22 16:35:08";"25";"3600";"15";"300";"0";"0";"0";"0";"0";"0";"A";"I"
"843";"2";"1479";"US";"flag-us";"Creaci&oacute;n: 2017-05-22 18:50:07";"25";"3600";"15";"300";"0";"0";"0";"0";"0";"0";"A";"I"
"850";"2";"1719";"US";"flag-us";"Creaci&oacute;n: 2017-05-23 00:35:07";"25";"3600";"15";"300";"0";"0";"0";"0";"0";"0";"A";"I"
"847";"2";"1254";"US";"flag-us";"Creaci&oacute;n: 2017-05-22 21:35:06";"25";"3600";"15";"300";"0";"0";"0";"0";"0";"0";"A";"I"
"845";"2";"1207";"US";"flag-us";"Creaci&oacute;n: 2017-05-22 20:30:06";"25";"3600";"15";"300";"0";"0";"0";"0";"0";"0";"A";"I"
"848";"1";"1240";"US";"flag-us";"Creaci&oacute;n: 2017-05-22 23:12:14";"25";"5000";"15";"5000";"0";"0";"0";"0";"0";"0";"A";"I"
"846";"1";"1320";"US";"flag-us";"Creaci&oacute;n: 2017-05-22 20:52:42";"25";"5000";"15";"5000";"0";"0";"0";"0";"0";"0";"A";"I"
"849";"2";"1484";"US";"flag-us";"Creaci&oacute;n: 2017-05-23 00:25:05";"25";"3600";"15";"300";"0";"0";"0";"0";"0";"0";"A";"I"
"851";"2";"1937";"US";"flag-us";"Creaci&oacute;n: 2017-05-23 15:05:07";"25";"3600";"15";"300";"0";"0";"0";"0";"0";"0";"A";"I"
"856";"2";"1385";"US";"flag-us";"Creaci&oacute;n: 2017-05-23 18:35:06";"25";"3600";"15";"300";"0";"0";"0";"0";"0";"0";"A";"I"
"852";"1";"1636";"US";"flag-us";"Creaci&oacute;n: 2017-05-23 15:12:36";"25";"5000";"15";"5000";"0";"0";"0";"0";"0";"0";"A";"I"
"855";"2";"1518";"US";"flag-us";"Creación: 2017-05-01 01:36:07";"25";"1000";"15";"1000";"0";"0";"0";"0";"0";"0";"A";"I"
"854";"2";"1469";"US";"flag-us";"Creaci&oacute;n: 2017-05-23 18:05:06";"25";"3600";"15";"300";"0";"0";"0";"0";"0";"0";"A";"I"
"859";"2";"963";"SY";"flag-sy";"Creaci&oacute;n: 2017-05-24 05:25:06";"25";"3600";"15";"300";"0";"0";"0";"0";"0";"0";"A";"I"
"853";"1";"1936";"US";"flag-us";"Creaci&oacute;n: 2017-05-23 17:47:52";"25";"5000";"15";"5000";"0";"0";"0";"0";"0";"0";"A";"I"
"857";"2";"1703";"US";"flag-us";"Creaci&oacute;n: 2017-05-23 21:10:07";"25";"3600";"15";"300";"0";"0";"0";"0";"0";"0";"A";"I"
"858";"1";"1318";"US";"flag-us";"Creaci&oacute;n: 2017-05-23 22:47:24";"25";"5000";"15";"5000";"0";"0";"0";"0";"0";"0";"A";"I"
"861";"1";"1301";"US";"flag-us";"Creaci&oacute;n: 2017-05-24 13:51:09";"25";"5000";"15";"5000";"0";"0";"0";"0";"0";"0";"A";"I"
"862";"2";"1239";"US";"flag-us";"Creaci&oacute;n: 2017-05-24 13:55:06";"25";"3600";"15";"300";"0";"0";"0";"0";"0";"0";"A";"I"
"867";"2";"79";"RU";"flag-ru";"Creaci&oacute;n: 2017-05-25 14:45:10";"25";"3600";"15";"300";"0";"0";"0";"0";"0";"0";"A";"I"
"868";"1";"1574";"US";"flag-us";"Creaci&oacute;n: 2017-05-25 15:17:38";"25";"5000";"15";"5000";"0";"0";"0";"0";"0";"0";"A";"I"
"866";"1";"1830";"US";"flag-us";"Creaci&oacute;n: 2017-05-25 01:56:20";"25";"5000";"15";"5000";"0";"0";"0";"0";"0";"0";"A";"I"
"863";"2";"1443";"US";"flag-us";"Creaci&oacute;n: 2017-05-24 14:35:07";"25";"3600";"15";"300";"0";"0";"0";"0";"0";"0";"A";"I"
"865";"2";"32";"BL";"flag-bl";"Creación: 2016-05-12 15:31:35";"40";"7200";"15";"3000";"0";"0";"0";"0";"0";"0";"A";"N"
"864";"2";"1803";"US";"flag-us";"Creaci&oacute;n: 2017-05-24 15:05:08";"25";"3600";"15";"300";"0";"0";"0";"0";"0";"0";"A";"I"
"874";"2";"1775";"US";"flag-us";"Creaci&oacute;n: 2017-05-25 22:25:16";"25";"3600";"15";"300";"0";"0";"0";"0";"0";"0";"A";"I"
"877";"2";"1513";"US";"flag-us";"Creaci&oacute;n: 2017-05-26 13:55:07";"25";"3600";"15";"300";"0";"0";"0";"0";"0";"0";"A";"I"
"869";"2";"1802";"US";"flag-us";"Creaci&oacute;n: 2017-05-25 15:20:07";"25";"3600";"15";"300";"0";"0";"0";"0";"0";"0";"A";"I"
"872";"2";"1515";"US";"flag-us";"Creaci&oacute;n: 2017-05-25 19:20:07";"25";"3600";"15";"300";"0";"0";"0";"0";"0";"0";"A";"I"
"870";"2";"1781";"US";"flag-us";"Creaci&oacute;n: 2017-05-25 17:05:07";"25";"3600";"15";"300";"0";"0";"0";"0";"0";"0";"A";"I"
"871";"2";"1319";"US";"flag-us";"Creaci&oacute;n: 2017-05-25 17:15:07";"25";"3600";"15";"300";"0";"0";"0";"0";"0";"0";"A";"I"
"878";"1";"1865";"US";"flag-us";"Creaci&oacute;n: 2017-05-26 14:17:06";"25";"5000";"15";"5000";"0";"0";"0";"0";"0";"0";"A";"I"
"876";"1";"1740";"US";"flag-us";"Creaci&oacute;n: 2017-05-26 13:41:04";"25";"5000";"15";"5000";"0";"0";"0";"0";"0";"0";"A";"I"
"875";"2";"1574";"US";"flag-us";"Creaci&oacute;n: 2017-05-26 13:20:08";"25";"3600";"15";"300";"0";"0";"0";"0";"0";"0";"A";"I"
"885";"2";"1321";"US";"flag-us";"Creaci&oacute;n: 2017-05-27 18:10:09";"25";"3600";"15";"300";"0";"0";"0";"0";"0";"0";"A";"I"
"879";"1";"1434";"US";"flag-us";"Creaci&oacute;n: 2017-05-26 15:22:36";"25";"5000";"15";"5000";"0";"0";"0";"0";"0";"0";"A";"I"
"880";"2";"1817";"US";"flag-us";"Creaci&oacute;n: 2017-05-26 15:45:07";"25";"3600";"15";"300";"0";"0";"0";"0";"0";"0";"A";"I"
"881";"1";"1406";"US";"flag-us";"Creaci&oacute;n: 2017-05-26 19:52:32";"25";"5000";"15";"5000";"0";"0";"0";"0";"0";"0";"A";"I"
"882";"2";"1202";"US";"flag-us";"Creaci&oacute;n: 2017-05-26 22:45:11";"25";"3600";"15";"300";"0";"0";"0";"0";"0";"0";"A";"I"
"888";"2";"1941";"US";"flag-us";"Creaci&oacute;n: 2017-05-28 23:50:08";"25";"3600";"15";"300";"0";"0";"0";"0";"0";"0";"A";"I"
"884";"2";"1242";"BA";"flag-ba";"Creación: 2017-04-26 20:37:48";"25";"3600";"15";"3600";"0";"0";"0";"0";"0";"0";"A";"I"
"883";"1";"1540";"US";"flag-us";"Creaci&oacute;n: 2017-05-27 12:50:39";"25";"5000";"15";"5000";"0";"0";"0";"0";"0";"0";"A";"I"
"889";"1";"1717";"US";"flag-us";"Creaci&oacute;n: 2017-05-29 04:15:35";"25";"5000";"15";"5000";"0";"0";"0";"0";"0";"0";"A";"I"
"887";"2";"1849";"DO";"flag-do";"Creaci&oacute;n: 2017-05-28 20:25:06";"25";"3600";"15";"300";"0";"0";"0";"0";"0";"0";"A";"I"
"886";"2";"1830";"US";"flag-us";"Creaci&oacute;n: 2017-05-28 13:05:06";"25";"3600";"15";"300";"0";"0";"0";"0";"0";"0";"A";"I"
"893";"2";"78";"RU";"flag-ru";"Creaci&oacute;n: 2017-05-30 13:35:10";"25";"3600";"15";"300";"0";"0";"0";"0";"0";"0";"A";"I"
"894";"2";"1605";"US";"flag-us";"Creación: 2017-04-26 16:08:01";"25";"10000";"15";"300";"0";"0";"0";"0";"0";"0";"A";"I"
"892";"1";"1705";"CA";"flag-ca";"Creaci&oacute;n: 2017-05-29 22:12:43";"25";"5000";"15";"5000";"0";"0";"0";"0";"0";"0";"A";"I"
"903";"2";"1360";"US";"flag-us";"Creaci&oacute;n: 2017-05-31 16:15:08";"25";"3600";"15";"300";"0";"0";"0";"0";"0";"0";"A";"I"
"890";"1";"1256";"US";"flag-us";"Creaci&oacute;n: 2017-05-29 15:02:35";"25";"5000";"15";"5000";"0";"0";"0";"0";"0";"0";"A";"I"
"891";"2";"1970";"US";"flag-us";"Creaci&oacute;n: 2017-05-29 16:15:11";"25";"3600";"15";"300";"0";"0";"0";"0";"0";"0";"A";"I"
"895";"1";"1450";"CA";;"Creación: 2017-04-27 13:05:06";"25";"600";"15";"600";"0";"0";"0";"0";"0";"0";"A";"I"
"897";"2";"1916";"US";"flag-us";"Creaci&oacute;n: 2017-05-30 20:15:09";"25";"3600";"15";"300";"0";"0";"0";"0";"0";"0";"A";"I"
"896";"1";"1819";"CA";"flag-ca";"Creaci&oacute;n: 2017-05-30 18:02:34";"25";"5000";"15";"5000";"0";"0";"0";"0";"0";"0";"A";"I"
"901";"2";"1910";"US";"flag-us";"Creaci&oacute;n: 2017-05-31 02:35:07";"25";"3600";"15";"300";"0";"0";"0";"0";"0";"0";"A";"I"
"898";"1";"1262";"US";"flag-us";"Creaci&oacute;n: 2017-05-30 20:57:36";"25";"5000";"15";"5000";"0";"0";"0";"0";"0";"0";"A";"I"
"899";"1";"1913";"US";"flag-us";"Creaci&oacute;n: 2017-05-30 21:17:58";"25";"5000";"15";"5000";"0";"0";"0";"0";"0";"0";"A";"I"
"902";"1";"1731";"US";"flag-us";"Creaci&oacute;n: 2017-05-31 15:27:38";"25";"5000";"15";"5000";"0";"0";"0";"0";"0";"0";"A";"I"
"900";"1";"1340";"VI";"flag-vi";"Creación: 2017-05-30 21:42:39";"7";"1000";"7";"1000";"0";"0";"0";"0";"0";"0";"A";"N"
"904";"2";"1603";"US";"flag-us";"Creaci&oacute;n: 2017-05-31 21:10:08";"25";"3600";"15";"300";"0";"0";"0";"0";"0";"0";"A";"I"
"909";"1";"1217";"US";"flag-us";"Creaci&oacute;n: 2017-05-31 23:02:37";"25";"5000";"15";"5000";"0";"0";"0";"0";"0";"0";"A";"I"
"932";"1";"1470";"US";"flag---";"Creaci&oacute;n: 2017-06-01 14:11:34";"25";"5000";"15";"5000";"0";"0";"0";"0";"0";"0";"A";"I"
"3072";"4";"1630";"US";"flag-us";"Creaci&oacute;n: 2017-08-08 14:45:18";"25";"3600";"15";"300";"0";"0";"0";"0";"0";"0";"A";"I"
"943";"2";"47";"NO";"flag-no";"Creaci&oacute;n: 2017-06-01 15:30:13";"25";"3600";"15";"300";"0";"0";"0";"0";"0";"0";"A";"I"
"976";"2";"1352";"US";"flag-us";"Creaci&oacute;n: 2017-06-01 20:00:07";"25";"3600";"15";"300";"0";"0";"0";"0";"0";"0";"A";"I"
"975";"2";"966";"SA";"flag-sa";"Creaci&oacute;n: 2017-06-01 19:45:09";"25";"3600";"15";"300";"0";"0";"0";"0";"0";"0";"A";"I"
"1014";"1";"1712";"US";"flag-us";"Creaci&oacute;n: 2017-06-02 18:12:57";"25";"5000";"15";"5000";"0";"0";"0";"0";"0";"0";"A";"I"
"2980";"4";"1587";"CA";"flag-ca";"Creaci&oacute;n: 2017-07-27 18:05:16";"25";"3600";"15";"300";"0";"0";"0";"0";"0";"0";"A";"I"
"1038";"1";"1520";"US";"flag-us";"Creaci&oacute;n: 2017-06-04 20:51:05";"25";"5000";"15";"5000";"0";"0";"0";"0";"0";"0";"A";"I"
"1046";"2";"1865";"US";"flag-us";"Creaci&oacute;n: 2017-06-20 20:25:32";"25";"3600";"15";"300";"0";"0";"0";"0";"0";"0";"A";"I"
"1048";"1";"254";"KE";"flag-ke";"Creaci&oacute;n: 2017-06-20 20:38:03";"25";"5000";"15";"5000";"0";"0";"0";"0";"0";"0";"A";"I"
"1050";"1";"1319";"US";"flag-us";"Creaci&oacute;n: 2017-06-20 21:08:09";"25";"5000";"15";"5000";"0";"0";"0";"0";"0";"0";"A";"I"
"1051";"2";"1229";"US";"flag-us";"Creaci&oacute;n: 2017-06-20 21:10:15";"25";"3600";"15";"300";"0";"0";"0";"0";"0";"0";"A";"I"
"1053";"2";"1651";"US";"flag-us";"Creaci&oacute;n: 2017-06-20 21:20:20";"25";"3600";"15";"300";"0";"0";"0";"0";"0";"0";"A";"I"
"1054";"2";"1828";"US";"flag-us";"Creaci&oacute;n: 2017-06-20 21:30:17";"25";"3600";"15";"300";"0";"0";"0";"0";"0";"0";"A";"I"
"1063";"1";"221";"SN";"flag-sn";"Creaci&oacute;n: 2017-06-20 22:52:42";"25";"5000";"15";"5000";"0";"0";"0";"0";"0";"0";"A";"I"
"1058";"1";"856";"LA";"flag-la";"Creaci&oacute;n: 2017-06-20 21:48:20";"25";"5000";"15";"5000";"0";"0";"0";"0";"0";"0";"A";"I"
"1078";"1";"1270";"US";"flag-us";"Creaci&oacute;n: 2017-06-21 15:37:50";"25";"5000";"15";"5000";"0";"0";"0";"0";"0";"0";"A";"I"
"2963";"2";"1606";"US";"flag-us";"Creaci&oacute;n: 2017-07-26 17:20:59";"25";"3600";"15";"300";"0";"0";"0";"0";"0";"0";"A";"I"
"1080";"1";"1337";"US";"flag-us";"Creaci&oacute;n: 2017-06-21 15:48:05";"25";"5000";"15";"5000";"0";"0";"0";"0";"0";"0";"A";"I"
"1114";"2";"1720";"US";"flag-us";"Creación: 2017-04-28 21:13:08";"300";"20000";"15";"300";"0";"0";"0";"0";"0";"0";"A";"I"
"1087";"1";"222";"MR";"flag-mr";"Creaci&oacute;n: 2017-06-21 16:53:27";"25";"5000";"15";"5000";"0";"0";"0";"0";"0";"0";"A";"I"
"2961";"4";"1919";"US";"flag-us";"Creaci&oacute;n: 2017-07-26 16:55:24";"25";"3600";"15";"300";"0";"0";"0";"0";"0";"0";"A";"I"
"2994";"4";"1256";"US";"flag-us";"Creaci&oacute;n: 2017-07-28 14:50:18";"25";"3600";"15";"300";"0";"0";"0";"0";"0";"0";"A";"I"
"3009";"4";"1772";"US";"flag-us";"Creación: 2017-06-05 13:05:06";"200";"20000";"200";"20000";"0";"0";"0";"0";"0";"0";"A";"N"
"1094";"1";"226";"BF";"flag-bf";"Creaci&oacute;n: 2017-06-21 18:28:23";"25";"5000";"15";"5000";"0";"0";"0";"0";"0";"0";"A";"I"
"1104";"1";"245";"GW";"flag-gw";"Creación: 2017-06-21 20:58:14";"5";"900";"5";"900";"0";"0";"0";"0";"0";"0";"A";"N"
"1101";"1";"60";"MY";"flag-my";"Creaci&oacute;n: 2017-06-21 20:23:18";"25";"5000";"15";"5000";"0";"0";"0";"0";"0";"0";"A";"I"
"1105";"1";"243";"CD";"flag-cd";"Creaci&oacute;n: 2017-06-21 21:03:09";"25";"5000";"15";"5000";"0";"0";"0";"0";"0";"0";"A";"I"
"1106";"1";"1931";"US";"flag-us";"Creaci&oacute;n: 2017-06-21 21:13:16";"25";"5000";"15";"5000";"0";"0";"0";"0";"0";"0";"A";"I"
"1107";"1";"1870";"US";"flag-us";"Creaci&oacute;n: 2017-06-21 21:32:51";"25";"5000";"15";"5000";"0";"0";"0";"0";"0";"0";"A";"I"
"1110";"1";"253";"DJ";"flag-dj";"Creaci&oacute;n: 2017-06-21 22:18:26";"25";"5000";"15";"5000";"0";"0";"0";"0";"0";"0";"A";"I"
"1116";"2";"1412";"US";"flag-us";"Creaci&oacute;n: 2017-06-22 12:45:07";"25";"3600";"15";"300";"0";"0";"0";"0";"0";"0";"A";"I"
"1132";"2";"1586";"US";"flag-us";"Creaci&oacute;n: 2017-06-22 22:20:07";"25";"3600";"15";"300";"0";"0";"0";"0";"0";"0";"A";"I"
"1136";"2";"1304";"US";"flag-us";"Creaci&oacute;n: 2017-06-23 13:10:08";"25";"3600";"15";"300";"0";"0";"0";"0";"0";"0";"A";"I"
"1140";"1";"87";"NL";"flag-nl";"Creación: 2017-08-16 20:50:17";"25";"4100";"25";"4100";"0";"0";"0";"0";"0";"0";"A";"I"
"1141";"1";"229";"BJ";"flag-bj";"Creaci&oacute;n: 2017-06-23 14:42:39";"25";"5000";"15";"5000";"0";"0";"0";"0";"0";"0";"A";"I"
"1142";"1";"247";"AF";"flag-af";"Creaci&oacute;n: 2017-06-23 14:42:45";"25";"5000";"15";"5000";"0";"0";"0";"0";"0";"0";"A";"I"
"1153";"2";"1517";"US";"flag-us";"Creaci&oacute;n: 2017-06-23 18:25:09";"25";"3600";"15";"300";"0";"0";"0";"0";"0";"0";"A";"I"
"1152";"2";"1907";"US";"flag-us";"Creaci&oacute;n: 2017-06-23 18:05:12";"25";"3600";"15";"300";"0";"0";"0";"0";"0";"0";"A";"I"
"1158";"1";"223";"ML";"flag-ml";"Creaci&oacute;n: 2017-06-23 21:13:48";"25";"5000";"15";"5000";"0";"0";"0";"0";"0";"0";"A";"I"
"1151";"1";"1587";"CA";"flag-ca";"Creaci&oacute;n: 2017-06-23 17:03:31";"25";"5000";"15";"5000";"0";"0";"0";"0";"0";"0";"A";"I"
"5679";"5";"1309";"US";"flag-us";;"25";"5000";"15";"5000";"0";"0";NULL;NULL;NULL;NULL;"A";"N"
"1174";"1";"228";"TG";"flag-tg";"Creación: 2017-06-26 19:08:03";"25";"5000";"15";"5000";"0";"0";"0";"0";"0";"0";"A";"I"
"5678";"5";"1308";"US";"flag-us";;"25";"5000";"15";"5000";"0";"0";NULL;NULL;NULL;NULL;"A";"N"
"1172";"2";"1843";"US";"flag-us";"Creaci&oacute;n: 2017-06-26 17:10:10";"25";"3600";"15";"300";"0";"0";"0";"0";"0";"0";"A";"I"
"1177";"2";"1808";"US";"flag-us";"Creaci&oacute;n: 2017-06-26 20:40:10";"25";"3600";"15";"300";"0";"0";"0";"0";"0";"0";"A";"I"
"1173";"2";"1757";"US";"flag-us";"Creaci&oacute;n: 2017-06-26 17:50:09";"25";"3600";"15";"300";"0";"0";"0";"0";"0";"0";"A";"I"
"1181";"1";"1309";"US";"flag-us";"Creaci&oacute;n: 2017-06-27 14:37:32";"25";"5000";"15";"5000";"0";"0";"0";"0";"0";"0";"A";"I"
"1184";"1";"244";"AO";"flag-ao";"Creaci&oacute;n: 2017-06-27 15:42:54";"25";"5000";"15";"5000";"0";"0";"0";"0";"0";"0";"A";"I"
"1192";"1";"1573";"US";"flag-us";"Creaci&oacute;n: 2017-06-27 17:18:20";"25";"5000";"15";"5000";"0";"0";"0";"0";"0";"0";"A";"I"
"1197";"1";"225";"CI";"flag-ci";"Creaci&oacute;n: 2017-06-27 20:18:19";"25";"5000";"15";"5000";"0";"0";"0";"0";"0";"0";"A";"I"
"1215";"2";"1571";"US";"flag-us";"Creaci&oacute;n: 2017-06-28 20:45:08";"25";"3600";"15";"300";"0";"0";"0";"0";"0";"0";"A";"I"
"1207";"1";"252";"SO";"flag-so";"Creaci&oacute;n: 2017-06-28 16:23:24";"25";"5000";"15";"5000";"0";"0";"0";"0";"0";"0";"A";"I"
"1195";"2";"1806";"US";"flag-us";"Creaci&oacute;n: 2017-06-27 19:10:13";"25";"3600";"15";"300";"0";"0";"0";"0";"0";"0";"A";"I"
"1209";"2";"1940";"US";"flag-us";"Creaci&oacute;n: 2017-06-28 16:45:11";"25";"3600";"15";"300";"0";"0";"0";"0";"0";"0";"A";"I"
"1213";"1";"84";"VN";"flag-vn";"Creaci&oacute;n: 2017-06-28 19:33:01";"25";"5000";"15";"5000";"0";"0";"0";"0";"0";"0";"A";"I"
"1216";"2";"1913";"US";"flag-us";"Creaci&oacute;n: 2017-06-28 20:55:13";"25";"3600";"15";"300";"0";"0";"0";"0";"0";"0";"A";"I"
"1222";"2";"1248";"US";"flag-us";"Creaci&oacute;n: 2017-06-29 01:50:07";"25";"3600";"15";"300";"0";"0";"0";"0";"0";"0";"A";"I"
"1225";"1";"79";"RU";"flag-ru";"Creaci&oacute;n: 2017-06-29 13:41:20";"25";"5000";"15";"5000";"0";"0";"0";"0";"0";"0";"A";"I"
"1226";"1";"258";"MZ";"flag-mz";"Creaci&oacute;n: 2017-06-29 14:17:38";"25";"5000";"15";"5000";"0";"0";"0";"0";"0";"0";"A";"I"
"1246";"1";"62";"ID";"flag-id";"Creaci&oacute;n: 2017-06-29 21:08:29";"25";"5000";"15";"5000";"0";"0";"0";"0";"0";"0";"A";"I"
"1236";"2";"1414";"US";"flag-us";"Creaci&oacute;n: 2017-06-29 18:05:08";"25";"3600";"15";"300";"0";"0";"0";"0";"0";"0";"A";"I"
"3077";"4";"351";"PT";"flag-pt";"Creaci&oacute;n: 2017-08-08 21:40:36";"25";"3600";"15";"300";"0";"0";"0";"0";"0";"0";"A";"I"
"3070";"4";"1760";"US";"flag-us";"Creaci&oacute;n: 2017-08-08 08:30:09";"25";"3600";"15";"300";"0";"0";"0";"0";"0";"0";"A";"I"
"1244";"1";"1479";"US";"flag-us";"Creaci&oacute;n: 2017-06-29 19:53:15";"25";"5000";"15";"5000";"0";"0";"0";"0";"0";"0";"A";"I"
"1241";"2";"1562";"US";"flag-us";"Creaci&oacute;n: 2017-06-29 19:35:10";"25";"3600";"15";"300";"0";"0";"0";"0";"0";"0";"A";"I"
"1245";"2";"1717";"US";"flag-us";"Creaci&oacute;n: 2017-06-29 20:05:10";"25";"3600";"15";"300";"0";"0";"0";"0";"0";"0";"A";"I"
"5677";"5";"1307";"US";"flag-us";;"25";"1200";"15";"1200";"0";"0";NULL;NULL;NULL;NULL;"A";"N"
"1254";"2";"352";"LU";"flag-lu";"Creación: 2016-05-23 13:45:46";"25";"6000";"15";"1600";"0";"0";"0";"0";"0";"0";"A";"N"
"1255";"2";"1706";"US";"flag-us";"Creaci&oacute;n: 2017-06-30 16:00:11";"25";"3600";"15";"300";"0";"0";"0";"0";"0";"0";"A";"I"
"1256";"1";"220";"GM";"flag-gm";"Creaci&oacute;n: 2017-06-30 16:08:48";"25";"5000";"15";"5000";"0";"0";"0";"0";"0";"0";"A";"I"
"1265";"2";"1204";"CA";"flag-ca";"Creación: 2017-06-22 15:05:10";"25";"5000";"15";"5000";"0";"0";"0";"0";"0";"0";"A";"I"
"1266";"2";"1951";"US";"flag-us";"Creaci&oacute;n: 2017-07-01 17:20:10";"25";"3600";"15";"300";"0";"0";"0";"0";"0";"0";"A";"I"
"1284";"2";"1862";"US";"flag-us";"Creación: 2017-06-30 21:10:19";"25";"3600";"15";"3600";"0";"0";"0";"0";"0";"0";"A";"I"
"1291";"1";"1848";"US";"flag-us";"Creaci&oacute;n: 2017-07-04 02:16:16";"25";"5000";"15";"5000";"0";"0";"0";"0";"0";"0";"A";"I"
"1287";"1";"1941";"US";"flag-us";"Creaci&oacute;n: 2017-07-03 22:28:15";"25";"5000";"15";"5000";"0";"0";"0";"0";"0";"0";"A";"I"
"5983";"5";"375";"BY";;"Creación: 2022-10-09 02:31:10";"5";"300";"1";"60";"0";"0";NULL;NULL;NULL;NULL;"A";"B"
"5482";"5";"1";"US";"flag-us";;"25";"10000";"15";"1200";"0";"0";NULL;NULL;NULL;NULL;"A";"N"
"1294";"2";"1226";"CA";"flag-ca";"Creación: 2017-04-27 16:47:42";"25";"1300";"15";"1300";"0";"0";"0";"0";"0";"0";"A";"I"
"1307";"1";"1802";"US";"flag-us";"Creaci&oacute;n: 2017-07-05 18:12:53";"25";"5000";"15";"5000";"0";"0";"0";"0";"0";"0";"A";"I"
"1308";"1";"886";"TW";"flag-tw";"Creación: 2018-02-08 14:35:51";"10";"3600";"4";"300";"0";"0";"0";"0";"0";"0";"A";"N"
"1316";"2";"1978";"US";"flag-us";"Creaci&oacute;n: 2017-07-06 14:40:09";"25";"3600";"15";"300";"0";"0";"0";"0";"0";"0";"A";"I"
"1315";"1";"1440";"US";"flag-us";"Creaci&oacute;n: 2017-07-06 14:17:04";"25";"5000";"15";"5000";"0";"0";"0";"0";"0";"0";"A";"I"
"1321";"1";"881";"--";"flag---";"Creaci&oacute;n: 2017-07-06 20:47:58";"25";"5000";"15";"5000";"0";"0";"0";"0";"0";"0";"A";"I"
"1326";"1";"255";"TZ";"flag-tz";"Creaci&oacute;n: 2017-07-07 15:22:36";"25";"5000";"15";"5000";"0";"0";"0";"0";"0";"0";"A";"I"
"1323";"1";"1812";"US";"flag-us";"Creaci&oacute;n: 2017-07-06 22:37:44";"25";"5000";"15";"5000";"0";"0";"0";"0";"0";"0";"A";"I"
"1329";"2";"1856";"US";"flag-us";"Creaci&oacute;n: 2017-07-07 19:00:09";"25";"3600";"15";"300";"0";"0";"0";"0";"0";"0";"A";"I"
"1338";"1";"1570";"US";"flag-us";"Creaci&oacute;n: 2017-07-10 15:52:25";"25";"5000";"15";"5000";"0";"0";"0";"0";"0";"0";"A";"I"
"1344";"2";"1267";"US";"flag-us";"Creaci&oacute;n: 2017-07-11 19:40:08";"25";"3600";"15";"300";"0";"0";"0";"0";"0";"0";"A";"I"
"1351";"1";"1864";"US";"flag-us";"Creación: 2017-07-11 23:31:53";"25";"5000";"15";"5000";"0";"0";"0";"0";"0";"0";"A";"I"
"1349";"1";"1458";"US";"flag-us";"Creaci&oacute;n: 2017-07-11 21:52:30";"25";"5000";"15";"5000";"0";"0";"0";"0";"0";"0";"A";"I"
"1346";"1";"1641";"US";"flag-us";"Creaci&oacute;n: 2017-07-11 21:07:44";"25";"5000";"15";"5000";"0";"0";"0";"0";"0";"0";"A";"I"
"1353";"2";"1573";"US";"flag-us";"Creaci&oacute;n: 2017-07-12 15:15:12";"25";"3600";"15";"300";"0";"0";"0";"0";"0";"0";"A";"I"
"1362";"2";"1409";"US";"flag-us";"Creaci&oacute;n: 2017-07-13 01:45:08";"25";"3600";"15";"300";"0";"0";"0";"0";"0";"0";"A";"I"
"1358";"1";"249";"SD";"flag-sd";"Creaci&oacute;n: 2017-07-12 19:07:28";"25";"5000";"15";"5000";"0";"0";"0";"0";"0";"0";"A";"I"
"1359";"1";"1254";"US";"flag-us";"Creaci&oacute;n: 2017-07-12 21:02:46";"25";"5000";"15";"5000";"0";"0";"0";"0";"0";"0";"A";"I"
"1361";"1";"1361";"US";"flag-us";"Creaci&oacute;n: 2017-07-13 01:06:05";"25";"5000";"15";"5000";"0";"0";"0";"0";"0";"0";"A";"I"
"1364";"1";"250";"RW";"flag-rw";"Creaci&oacute;n: 2017-07-13 14:47:29";"25";"5000";"15";"5000";"0";"0";"0";"0";"0";"0";"A";"I"
"1365";"1";"257";"BI";"flag-bi";"Creaci&oacute;n: 2017-07-13 16:02:45";"25";"5000";"15";"5000";"0";"0";"0";"0";"0";"0";"A";"I"
"1366";"1";"256";"UG";"flag-ug";"Creaci&oacute;n: 2017-07-13 16:22:59";"25";"5000";"15";"5000";"0";"0";"0";"0";"0";"0";"A";"I"
"1372";"1";"1872";"US";"flag-us";"Creaci&oacute;n: 2017-07-13 19:32:06";"25";"5000";"15";"5000";"0";"0";"0";"0";"0";"0";"A";"I"
"1374";"1";"227";"NE";"flag-ne";"Creaci&oacute;n: 2017-07-13 22:57:20";"25";"5000";"15";"5000";"0";"0";"0";"0";"0";"0";"A";"I"
"1391";"2";"1863";"US";"flag-us";"Creaci&oacute;n: 2017-07-17 16:35:11";"25";"3600";"15";"300";"0";"0";"0";"0";"0";"0";"A";"I"
"1388";"1";"1409";"US";"flag-us";"Creaci&oacute;n: 2017-07-16 23:11:03";"25";"5000";"15";"5000";"0";"0";"0";"0";"0";"0";"A";"I"
"1393";"1";"1313";"US";"flag-us";"Creaci&oacute;n: 2017-07-17 19:43:00";"25";"5000";"15";"5000";"0";"0";"0";"0";"0";"0";"A";"I"
"1400";"2";"1432";"US";"flag-us";"Creaci&oacute;n: 2017-07-18 20:20:09";"25";"3600";"15";"300";"0";"0";"0";"0";"0";"0";"A";"I"
"1389";"1";"880";"BD";"flag-bd";"Creaci&oacute;n: 2017-07-17 15:12:54";"25";"5000";"15";"5000";"0";"0";"0";"0";"0";"0";"A";"I"
"1397";"1";"1531";"US";"flag-us";"Creaci&oacute;n: 2017-07-18 15:33:05";"25";"5000";"15";"5000";"0";"0";"0";"0";"0";"0";"A";"I"
"1394";"2";"1386";"US";"flag-us";"Creaci&oacute;n: 2017-07-18 00:20:11";"25";"3600";"15";"300";"0";"0";"0";"0";"0";"0";"A";"I"
"2901";"2";"1225";"US";"flag-us";"Creaci&oacute;n: 2017-07-23 19:00:14";"25";"3600";"15";"300";"0";"0";"0";"0";"0";"0";"A";"I"
"3565";"4";"234";"NG";"flag-ng";"Creaci&oacute;n: 2018-03-02 17:01:00";"15";"3600";"10";"300";"0";"0";"0";"0";"0";"0";"A";"I"
"1398";"1";"266";"LS";"flag-ls";"Creaci&oacute;n: 2017-07-18 20:07:52";"25";"5000";"15";"5000";"0";"0";"0";"0";"0";"0";"A";"I"
"5671";"5";"1301";"US";"flag-us";;"25";"5000";"15";"5000";"0";"0";NULL;NULL;NULL;NULL;"A";"N"
"1403";"2";"1701";"US";"flag-us";"Creaci&oacute;n: 2017-07-20 18:30:14";"25";"3600";"15";"300";"0";"0";"0";"0";"0";"0";"A";"I"
"1402";"2";"1205";"US";"flag-us";"Creaci&oacute;n: 2017-07-19 19:00:08";"25";"3600";"15";"300";"0";"0";"0";"0";"0";"0";"A";"I"
"1581";"2";"1418";"CA";"flag-ca";"Creaci&oacute;n: 2017-07-21 12:45:15";"25";"3600";"15";"300";"0";"0";"0";"0";"0";"0";"A";"I"
"1604";"2";"1413";"US";"flag-us";"Creaci&oacute;n: 2017-07-21 12:55:15";"25";"3600";"15";"300";"0";"0";"0";"0";"0";"0";"A";"I"
"3197";"1";"1567";"US";"flag-us";"Creaci&oacute;n: 2017-09-12 15:38:02";"25";"5000";"15";"5000";"0";"0";"0";"0";"0";"0";"A";"I"
"3196";"1";"268";"SZ";"flag-sz";"Creaci&oacute;n: 2017-09-11 20:33:15";"25";"5000";"15";"5000";"0";"0";"0";"0";"0";"0";"A";"I"
"3192";"4";"1218";"US";"flag-us";"Creación: 2017-05-01 14:51:10";"25";"3600";"15";"3600";"0";"0";"0";"0";"0";"0";"A";"I"
"3191";"4";"231";"LR";"flag-lr";"Creaci&oacute;n: 2017-09-11 00:30:16";"25";"3600";"15";"300";"0";"0";"0";"0";"0";"0";"A";"I"
"3189";"4";"222";"MR";"flag-mr";"Creaci&oacute;n: 2017-09-10 17:20:23";"25";"3600";"15";"300";"0";"0";"0";"0";"0";"0";"A";"I"
"3184";"4";"1506";"CA";"flag-ca";"Creaci&oacute;n: 2017-09-09 21:40:11";"25";"3600";"15";"300";"0";"0";"0";"0";"0";"0";"A";"I"
"3154";"4";"1313";"US";"flag-us";"Creaci&oacute;n: 2017-09-01 17:30:18";"25";"3600";"15";"300";"0";"0";"0";"0";"0";"0";"A";"I"
"3190";"4";"261";"MG";"flag-mg";"Creación: 2017-09-10 17:20:30";"1";"100";"1";"100";"0";"0";"0";"0";"0";"0";"A";"N"
"3188";"4";"370";"LT";"flag-lt";"Creación: 2017-09-10 17:15:22";"15";"900";"5";"300";"0";"0";"0";"0";"0";"0";"A";"B"
"3187";"4";"372";"EE";"flag-ee";"Creaci&oacute;n: 2017-09-10 16:55:20";"25";"3600";"15";"300";"0";"0";"0";"0";"0";"0";"A";"I"
"3186";"4";"385";"HR";"flag-hr";"Creaci&oacute;n: 2017-09-10 16:35:18";"25";"3600";"15";"300";"0";"0";"0";"0";"0";"0";"A";"I"
"3185";"4";"1767";"DM";"flag-dm";"Creación: 2017-05-17 14:16:57";"5";"300";"5";"300";"0";"0";"0";"0";"0";"0";"A";"N"
"3183";"4";"1419";"US";"flag-us";"Creaci&oacute;n: 2017-09-09 15:50:15";"25";"3600";"15";"300";"0";"0";"0";"0";"0";"0";"A";"I"
"3182";"4";"291";"ER";"flag-er";"Creaci&oacute;n: 2017-09-09 11:40:12";"25";"3600";"15";"300";"0";"0";"0";"0";"0";"0";"A";"I"
"3181";"4";"1778";"CA";"flag-ca";"Creaci&oacute;n: 2017-09-09 07:45:10";"25";"3600";"15";"300";"0";"0";"0";"0";"0";"0";"A";"I"
"3178";"4";"1859";"US";"flag-us";"Creaci&oacute;n: 2017-09-08 18:50:25";"25";"3600";"15";"300";"0";"0";"0";"0";"0";"0";"A";"I"
"3176";"4";"1250";"CA";"flag-ca";"Creaci&oacute;n: 2017-09-08 18:20:29";"25";"3600";"15";"300";"0";"0";"0";"0";"0";"0";"A";"I"
"3180";"4";"212";"MA";"flag-ma";"Creación: 2017-09-08 22:45:27";"5";"900";"8";"300";"0";"0";"0";"0";"0";"0";"A";"I"
"3155";"4";"1774";"US";"flag-us";"Creaci&oacute;n: 2017-09-02 14:20:12";"25";"3600";"15";"300";"0";"0";"0";"0";"0";"0";"A";"I"
"3177";"4";"1920";"US";"flag-us";"Creaci&oacute;n: 2017-09-08 18:30:39";"25";"3600";"15";"300";"0";"0";"0";"0";"0";"0";"A";"I"
"3179";"4";"48";"PL";"flag-pl";"Creación: 2016-07-08 19:47:03";"25";"1500";"15";"1500";"0";"0";"0";"0";"0";"0";"A";"N"
"3175";"4";"1206";"US";"flag-us";"Creaci&oacute;n: 2017-09-08 14:35:15";"25";"3600";"15";"300";"0";"0";"0";"0";"0";"0";"A";"I"
"3172";"4";"1308";"US";"flag-us";"Creaci&oacute;n: 2017-09-07 02:30:11";"25";"3600";"15";"300";"0";"0";"0";"0";"0";"0";"A";"I"
"3170";"4";"1707";"US";"flag-us";"Creaci&oacute;n: 2017-09-06 21:55:19";"25";"3600";"15";"300";"0";"0";"0";"0";"0";"0";"A";"I"
"3174";"1";"1478";"US";"flag-us";"Creaci&oacute;n: 2017-09-08 02:55:57";"25";"5000";"15";"5000";"0";"0";"0";"0";"0";"0";"A";"I"
"3171";"1";"1432";"US";"flag-us";"Creaci&oacute;n: 2017-09-07 01:56:24";"25";"5000";"15";"5000";"0";"0";"0";"0";"0";"0";"A";"I"
"3173";"4";"1914";"US";"flag-us";"Creaci&oacute;n: 2017-09-07 15:55:23";"25";"3600";"15";"300";"0";"0";"0";"0";"0";"0";"A";"I"
"3165";"4";"1951";"US";"flag-us";"Creaci&oacute;n: 2017-09-06 15:55:44";"25";"3600";"15";"300";"0";"0";"0";"0";"0";"0";"A";"I"
"3168";"4";"1616";"US";"flag-us";"Creaci&oacute;n: 2017-09-06 18:40:22";"25";"3600";"15";"300";"0";"0";"0";"0";"0";"0";"A";"I"
"3163";"4";"1209";"US";"flag-us";"Creaci&oacute;n: 2017-09-06 15:40:20";"25";"3600";"15";"300";"0";"0";"0";"0";"0";"0";"A";"I"
"3166";"4";"1817";"US";"flag-us";"Creaci&oacute;n: 2017-09-06 17:25:26";"25";"3600";"15";"300";"0";"0";"0";"0";"0";"0";"A";"I"
"3164";"4";"1916";"US";"flag-us";"Creaci&oacute;n: 2017-09-06 15:45:46";"25";"3600";"15";"300";"0";"0";"0";"0";"0";"0";"A";"I"
"3162";"4";"1661";"US";"flag-us";"Creaci&oacute;n: 2017-09-06 15:35:26";"25";"3600";"15";"300";"0";"0";"0";"0";"0";"0";"A";"I"
"3160";"4";"1803";"US";"flag-us";"Creaci&oacute;n: 2017-09-05 20:40:25";"25";"3600";"15";"300";"0";"0";"0";"0";"0";"0";"A";"I"
"3161";"4";"1417";"US";"flag-us";"Creaci&oacute;n: 2017-09-06 15:05:26";"25";"3600";"15";"300";"0";"0";"0";"0";"0";"0";"A";"I"
"3167";"4";"1604";"CA";"flag-ca";"Creaci&oacute;n: 2017-09-06 18:30:22";"25";"3600";"15";"300";"0";"0";"0";"0";"0";"0";"A";"I"
"3158";"4";"1734";"US";"flag-us";"Creaci&oacute;n: 2017-09-05 19:20:27";"25";"3600";"15";"300";"0";"0";"0";"0";"0";"0";"A";"I"
"3157";"4";"1972";"US";"flag-us";"Creaci&oacute;n: 2017-09-05 18:00:31";"25";"3600";"15";"300";"0";"0";"0";"0";"0";"0";"A";"I"
"3159";"4";"1513";"US";"flag-us";"Creaci&oacute;n: 2017-09-05 19:40:23";"25";"3600";"15";"300";"0";"0";"0";"0";"0";"0";"A";"I"
"3156";"1";"248";"SC";"flag-sc";"Creaci&oacute;n: 2017-09-04 20:44:18";"25";"5000";"15";"5000";"0";"0";"0";"0";"0";"0";"A";"I"
"3169";"1";"1620";"US";"flag-us";"Creaci&oacute;n: 2017-09-06 19:32:39";"25";"5000";"15";"5000";"0";"0";"0";"0";"0";"0";"A";"I"
"1712";"2";"1269";"US";"flag-us";"Creaci&oacute;n: 2017-07-21 13:30:16";"25";"3600";"15";"300";"0";"0";"0";"0";"0";"0";"A";"I"
"2955";"4";"57";"CO";"flag-co";"Creación: 2017-05-31 22:55:09";"60";"15000";"60";"15000";"0";"0";"0";"0";"0";"0";"A";"I"
"3020";"4";"1479";"US";"flag-us";"Creaci&oacute;n: 2017-07-31 16:05:15";"25";"3600";"15";"300";"0";"0";"0";"0";"0";"0";"A";"I"
"3023";"4";"1908";"US";"flag-us";"Creaci&oacute;n: 2017-07-31 20:00:21";"25";"3600";"15";"300";"0";"0";"0";"0";"0";"0";"A";"I"
"3018";"4";"1204";"CA";"flag-ca";"Creación: 2017-06-22 15:05:10";"25";"5000";"15";"5000";"0";"0";"0";"0";"0";"0";"A";"I"
"3017";"4";"1301";"US";"flag-us";"Creaci&oacute;n: 2017-07-31 15:00:16";"25";"3600";"15";"300";"0";"0";"0";"0";"0";"0";"A";"I"
"3015";"4";"1850";"US";"flag-us";"Creaci&oacute;n: 2017-07-30 17:05:10";"25";"3600";"15";"300";"0";"0";"0";"0";"0";"0";"A";"I"
"3078";"4";"1440";"US";"flag-us";"Creaci&oacute;n: 2017-08-08 21:45:25";"25";"3600";"15";"300";"0";"0";"0";"0";"0";"0";"A";"I"
"3006";"4";"1832";"US";"flag-us";"Creaci&oacute;n: 2017-07-28 22:35:23";"25";"3600";"15";"300";"0";"0";"0";"0";"0";"0";"A";"I"
"3000";"4";"1706";"US";"flag-us";"Creaci&oacute;n: 2017-07-28 17:05:24";"25";"3600";"15";"300";"0";"0";"0";"0";"0";"0";"A";"I"
"3004";"4";"1847";"US";"flag-us";"Creación: 2017-06-01 17:10:24";"25";"3600";"15";"3600";"0";"0";"0";"0";"0";"0";"A";"I"
"2997";"4";"1613";"CA";"flag-ca";"Creación: 2017-06-02 15:30:13";"25";"3600";"25";"3600";"0";"0";"0";"0";"0";"0";"A";"N"
"3114";"4";"599";"AN";"flag-an";"Solicitado por Nissim";"10";"3000";"10";"3000";"0";"0";"0";"0";"0";"0";"A";"N"
"3002";"4";"1512";"US";"flag-us";"Creaci&oacute;n: 2017-07-28 18:30:16";"25";"3600";"15";"300";"0";"0";"0";"0";"0";"0";"A";"I"
"2998";"4";"1385";"US";"flag-us";"Creaci&oacute;n: 2017-07-28 16:40:20";"25";"3600";"15";"300";"0";"0";"0";"0";"0";"0";"A";"I"
"2996";"4";"1281";"US";"flag-us";"Creaci&oacute;n: 2017-07-28 15:40:20";"25";"3600";"15";"300";"0";"0";"0";"0";"0";"0";"A";"I"
"2991";"1";"1747";"US";"flag-us";"Creaci&oacute;n: 2017-07-27 22:12:34";"25";"5000";"15";"5000";"0";"0";"0";"0";"0";"0";"A";"I"
"2995";"4";"1504";"US";"flag-us";"Creaci&oacute;n: 2017-07-28 15:25:21";"25";"3600";"15";"300";"0";"0";"0";"0";"0";"0";"A";"I"
"2992";"4";"1718";"US";"flag-us";"Creaci&oacute;n: 2017-07-28 11:40:08";"25";"3600";"15";"300";"0";"0";"0";"0";"0";"0";"A";"I"
"2993";"4";"49";"DE";"flag-de";"Creación: 2016-05-10 16:16:20";"25";"8000";"15";"8000";"0";"0";"0";"0";"0";"0";"A";"N"
"2999";"4";"56";"CL";"flag-cl";"Creación: 2017-05-31 22:55:06";"25";"6500";"25";"6500";"0";"0";"0";"0";"0";"0";"A";"I"
"1739";"2";"506";"CR";"flag-cr";"Creación: 2020-05-28 13:11:30";"1000";"100000";"1000";"100000";"0";"0";"0";"0";"0";"0";"A";"I"
"3756";"1";"1934";"US";"flag-us";"Creaci&oacute;n: 2019-08-07 22:08:42";"25";"5000";"15";"5000";"0";"0";"0";"0";"0";"0";"A";"I"
"3754";"1";"1430";"US";"flag-us";"Creaci&oacute;n: 2019-07-23 17:48:18";"25";"5000";"15";"5000";"0";"0";"0";"0";"0";"0";"A";"I"
"5668";"5";"1281";"US";"flag-us";;"25";"10000";"15";"300";"0";"0";NULL;NULL;NULL;NULL;"A";"N"
"3753";"4";"1563";"US";"flag-us";"Creaci&oacute;n: 2019-07-09 17:21:48";"15";"3600";"10";"300";"0";"0";"0";"0";"0";"0";"A";"I"
"5667";"5";"1276";"US";"flag-us";;"25";"5000";"15";"5000";"0";"0";NULL;NULL;NULL;NULL;"A";"N"
"3749";"4";"1284";"VG";"flag-vg";"Creaci&oacute;n: 2019-06-11 16:06:35";"15";"3600";"10";"300";"0";"0";"0";"0";"0";"0";"A";"I"
"3755";"2";"1825";"CA";"flag-ca";"Creaci&oacute;n: 2019-07-25 20:12:14";"25";"3600";"15";"300";"0";"0";"0";"0";"0";"0";"A";"I"
"3747";"2";"594";"GF";"flag-gf";"Creaci&oacute;n: 2019-06-10 18:46:50";"25";"3600";"15";"300";"0";"0";"0";"0";"0";"0";"A";"I"
"3748";"2";"592";"GY";"flag-gy";"Solicitado por Nissim";"8";"3000";"8";"3000";"0";"0";"0";"0";"0";"0";"A";"N"
"5666";"5";"1272";"US";"flag-us";;"5";"300";"2";"600";"0";"0";NULL;NULL;NULL;NULL;"A";"N"
"3743";"4";"352";"LU";"flag-lu";"Creación: 2016-05-23 13:45:46";"25";"6000";"25";"6000";"0";"0";"0";"0";"0";"0";"A";"N"
"3745";"4";"968";"OM";"flag-om";"Creaci&oacute;n: 2019-06-05 20:11:42";"15";"3600";"10";"300";"0";"0";"0";"0";"0";"0";"A";"I"
"3740";"2";"1331";"US";"flag-us";"Creaci&oacute;n: 2019-05-20 20:01:10";"25";"3600";"15";"300";"0";"0";"0";"0";"0";"0";"A";"I"
"3746";"1";"590";"GP";"flag-gp";"Creaci&oacute;n: 2019-06-07 16:58:40";"25";"5000";"15";"5000";"0";"0";"0";"0";"0";"0";"A";"I"
"3741";"2";"1872";"US";"flag-us";"Creaci&oacute;n: 2019-05-22 15:16:07";"25";"3600";"15";"300";"0";"0";"0";"0";"0";"0";"A";"I"
"3739";"4";"1437";"CA";"flag-ca";"Creaci&oacute;n: 2019-05-20 16:06:30";"15";"3600";"10";"300";"0";"0";"0";"0";"0";"0";"A";"I"
"3725";"1";"1628";"US";"flag-us";"Creaci&oacute;n: 2019-03-12 21:12:42";"25";"5000";"15";"5000";"0";"0";"0";"0";"0";"0";"A";"I"
"3727";"1";"1343";"CA";"flag-ca";"Creaci&oacute;n: 2019-03-18 18:02:57";"25";"5000";"15";"5000";"0";"0";"0";"0";"0";"0";"A";"I"
"3728";"2";"1320";"US";"flag-us";"Creaci&oacute;n: 2019-03-21 21:16:25";"25";"3600";"15";"300";"0";"0";"0";"0";"0";"0";"A";"I"
"3724";"2";"595";"PY";"flag-py";"Creaci&oacute;n: 2019-03-04 21:51:23";"25";"3600";"15";"300";"0";"0";"0";"0";"0";"0";"A";"I"
"3722";"2";"1807";"CA";"flag-ca";"Creaci&oacute;n: 2019-02-05 19:06:09";"25";"3600";"15";"300";"0";"0";"0";"0";"0";"0";"A";"I"
"3721";"2";"375";"BY";"flag-by";"Creaci&oacute;n: 2019-02-05 15:41:20";"25";"3600";"15";"300";"0";"0";"0";"0";"0";"0";"A";"I"
"3720";"1";"359";"BG";"flag-bg";"Creaci&oacute;n: 2019-01-28 15:22:34";"25";"5000";"15";"5000";"0";"0";"0";"0";"0";"0";"A";"I"
"3732";"2";"1343";"CA";"flag-ca";"Creaci&oacute;n: 2019-04-30 23:41:16";"25";"3600";"15";"300";"0";"0";"0";"0";"0";"0";"A";"I"
"3718";"2";"1870";"US";"flag-us";"Creaci&oacute;n: 2019-01-02 13:21:40";"25";"3600";"15";"300";"0";"0";"0";"0";"0";"0";"A";"I"
"3715";"4";"1228";"US";"flag-us";"Creaci&oacute;n: 2018-12-17 20:26:29";"15";"3600";"10";"300";"0";"0";"0";"0";"0";"0";"A";"I"
"3714";"4";"1229";"US";"flag-us";"Creaci&oacute;n: 2018-12-13 20:06:26";"15";"3600";"10";"300";"0";"0";"0";"0";"0";"0";"A";"I"
"3716";"2";"1682";"US";"flag-us";"Creaci&oacute;n: 2018-12-17 20:56:05";"25";"3600";"15";"300";"0";"0";"0";"0";"0";"0";"A";"I"
"3712";"2";"1984";"--";"flag---";"Creaci&oacute;n: 2018-11-23 19:51:09";"25";"3600";"15";"300";"0";"0";"0";"0";"0";"0";"A";"I"
"3713";"1";"1437";"CA";"flag-ca";"Creaci&oacute;n: 2018-11-23 22:17:34";"25";"5000";"15";"5000";"0";"0";"0";"0";"0";"0";"A";"I"
"3709";"4";"1320";"US";"flag-us";"Creaci&oacute;n: 2018-11-16 17:31:26";"15";"3600";"10";"300";"0";"0";"0";"0";"0";"0";"A";"I"
"3708";"2";"1747";"US";"flag-us";"Creaci&oacute;n: 2018-11-13 16:16:04";"25";"3600";"15";"300";"0";"0";"0";"0";"0";"0";"A";"I"
"3710";"4";"1931";"US";"flag-us";"Creaci&oacute;n: 2018-11-20 17:31:36";"15";"3600";"10";"300";"0";"0";"0";"0";"0";"0";"A";"I"
"3706";"2";"1581";"CA";"flag-ca";"Creaci&oacute;n: 2018-11-02 17:21:05";"25";"3600";"15";"300";"0";"0";"0";"0";"0";"0";"A";"I"
"3705";"1";"420";"CZ";"flag-cz";"Creaci&oacute;n: 2018-10-30 15:52:59";"25";"5000";"15";"5000";"0";"0";"0";"0";"0";"0";"A";"I"
"3711";"4";"1731";"US";"flag-us";"Creaci&oacute;n: 2018-11-20 17:36:29";"15";"3600";"10";"300";"0";"0";"0";"0";"0";"0";"A";"I"
"3717";"2";"1339";"US";"flag-us";"Creaci&oacute;n: 2018-12-20 22:56:11";"25";"3600";"15";"300";"0";"0";"0";"0";"0";"0";"A";"I"
"3704";"4";"420";"CZ";"flag-cz";"Creaci&oacute;n: 2018-10-17 12:26:42";"15";"3600";"10";"300";"0";"0";"0";"0";"0";"0";"A";"I"
"3700";"2";"1307";"US";"flag-us";"Creaci&oacute;n: 2018-09-19 16:30:59";"25";"3600";"15";"300";"0";"0";"0";"0";"0";"0";"A";"I"
"3698";"4";"1567";"US";"flag-us";"Creaci&oacute;n: 2018-08-28 23:11:17";"15";"3600";"10";"300";"0";"0";"0";"0";"0";"0";"A";"I"
"3699";"4";"380";"UA";"flag-ua";"Creaci&oacute;n: 2018-08-29 15:01:25";"15";"3600";"10";"300";"0";"0";"0";"0";"0";"0";"A";"I"
"3696";"4";"1765";"US";"flag-us";"Creaci&oacute;n: 2018-08-21 21:41:22";"15";"3600";"10";"300";"0";"0";"0";"0";"0";"0";"A";"I"
"3695";"4";"1325";"US";"flag-us";"Creaci&oacute;n: 2018-08-16 01:01:24";"15";"3600";"10";"300";"0";"0";"0";"0";"0";"0";"A";"I"
"3694";"4";"32";"BL";"flag-bl";"Creación: 2016-05-12 15:31:35";"40";"7200";"40";"7200";"0";"0";"0";"0";"0";"0";"A";"N"
"3691";"1";"78";"RU";"flag-ru";"Creaci&oacute;n: 2018-08-02 00:52:02";"25";"5000";"15";"5000";"0";"0";"0";"0";"0";"0";"A";"I"
"3689";"4";"973";"BH";"flag-bh";"Creaci&oacute;n: 2018-07-31 15:06:40";"15";"3600";"10";"300";"0";"0";"0";"0";"0";"0";"A";"I"
"3692";"1";"962";"JO";"flag-jo";"Creaci&oacute;n: 2018-08-02 00:52:06";"25";"5000";"15";"5000";"0";"0";"0";"0";"0";"0";"A";"I"
"3688";"2";"1276";"US";"flag-us";"Creaci&oacute;n: 2018-07-23 15:06:04";"25";"3600";"15";"300";"0";"0";"0";"0";"0";"0";"A";"I"
"3687";"4";"974";"QA";"flag-qa";"Creaci&oacute;n: 2018-07-16 16:11:48";"15";"3600";"10";"300";"0";"0";"0";"0";"0";"0";"A";"I"
"3693";"4";"43";"AT";"flag-at";"Creaci&oacute;n: 2018-08-03 19:26:25";"15";"3600";"10";"300";"0";"0";"0";"0";"0";"0";"A";"I"
"3686";"1";"1833";"US";"flag-us";"Creaci&oacute;n: 2018-07-12 20:57:26";"25";"5000";"15";"5000";"0";"0";"0";"0";"0";"0";"A";"I"
"3685";"4";"1833";"US";"flag-us";"Creaci&oacute;n: 2018-07-12 20:41:33";"15";"3600";"10";"300";"0";"0";"0";"0";"0";"0";"A";"I"
"3684";"1";"30";"GI";"flag-gi";"Creaci&oacute;n: 2018-07-12 14:01:37";"1";"60";"25";"300";"0";"0";"0";"0";"0";"0";"A";"N"
"3681";"4";"297";"AW";"flag-aw";"Creaci&oacute;n: 2018-07-06 18:26:30";"15";"3600";"10";"300";"0";"0";"0";"0";"0";"0";"A";"I"
"3680";"1";"358";"FI";"flag-fi";"Creaci&oacute;n: 2018-07-05 05:01:44";"25";"5000";"15";"5000";"0";"0";"0";"0";"0";"0";"A";"I"
"3682";"4";"992";"TJ";"flag-tj";"Creaci&oacute;n: 2018-07-06 20:57:04";"15";"3600";"10";"300";"0";"0";"0";"0";"0";"0";"A";"I"
"3678";"4";"233";"GH";"flag-gh";"Creaci&oacute;n: 2018-07-04 23:36:29";"15";"3600";"10";"300";"0";"0";"0";"0";"0";"0";"A";"I"
"3652";"4";"1649";"TC";"flag-tc";"Creaci&oacute;n: 2018-06-02 15:40:37";"15";"3600";"10";"300";"0";"0";"0";"0";"0";"0";"A";"I"
"3653";"4";"90";"TR";"flag-tr";"Creación: 2018-06-02 20:00:37";"10";"3600";"5";"200";"0";"0";"0";"0";"0";"0";"A";"N"
"3683";"4";"1251";"US";"flag-us";"Creaci&oacute;n: 2018-07-08 22:41:28";"15";"3600";"10";"300";"0";"0";"0";"0";"0";"0";"A";"I"
"3679";"4";"962";"JO";"flag-jo";"Creaci&oacute;n: 2018-07-05 00:16:56";"15";"3600";"10";"300";"0";"0";"0";"0";"0";"0";"A";"I"
"3677";"4";"358";"FI";"flag-fi";"Creaci&oacute;n: 2018-07-04 23:31:37";"15";"3600";"10";"300";"0";"0";"0";"0";"0";"0";"A";"I"
"3674";"4";"382";"ME";"flag-me";"Creaci&oacute;n: 2018-06-29 21:56:27";"15";"3600";"10";"300";"0";"0";"0";"0";"0";"0";"A";"I"
"3707";"1";"974";"QA";"flag-qa";"Creaci&oacute;n: 2018-11-09 14:48:13";"25";"5000";"15";"5000";"0";"0";"0";"0";"0";"0";"A";"I"
"3676";"4";"1473";"GD";"flag-gd";"Creaci&oacute;n: 2018-07-03 00:01:23";"15";"3600";"10";"300";"0";"0";"0";"0";"0";"0";"A";"I"
"3675";"2";"1325";"US";"flag-us";"Creaci&oacute;n: 2018-07-02 20:16:00";"25";"3600";"15";"300";"0";"0";"0";"0";"0";"0";"A";"I"
"3671";"4";"241";"GA";"flag-ga";"Creaci&oacute;n: 2018-06-25 14:26:23";"15";"3600";"10";"300";"0";"0";"0";"0";"0";"0";"A";"I"
"3669";"4";"36";"HU";"flag-hu";"Creaci&oacute;n: 2018-06-22 18:26:33";"15";"3600";"10";"300";"0";"0";"0";"0";"0";"0";"A";"I"
"3663";"2";"1731";"US";"flag-us";"Creaci&oacute;n: 2018-06-20 15:00:58";"25";"3600";"15";"300";"0";"0";"0";"0";"0";"0";"A";"I"
"3670";"1";"1825";"CA";"flag-ca";"Creaci&oacute;n: 2018-06-24 00:36:38";"25";"5000";"15";"5000";"0";"0";"0";"0";"0";"0";"A";"I"
"3666";"1";"241";"GA";"flag-ga";"Creaci&oacute;n: 2018-06-21 20:52:54";"25";"5000";"15";"5000";"0";"0";"0";"0";"0";"0";"A";"I"
"3662";"4";"1628";"US";"flag-us";"Creaci&oacute;n: 2018-06-18 16:01:17";"15";"3600";"10";"300";"0";"0";"0";"0";"0";"0";"A";"I"
"3665";"4";"1712";"US";"flag-us";"Creaci&oacute;n: 2018-06-21 17:46:16";"15";"3600";"10";"300";"0";"0";"0";"0";"0";"0";"A";"I"
"3664";"2";"234";"NG";"flag-ng";"Creaci&oacute;n: 2018-06-21 14:01:16";"25";"3600";"15";"300";"0";"0";"0";"0";"0";"0";"A";"I"
"3661";"4";"1270";"US";"flag-us";"Creaci&oacute;n: 2018-06-15 15:21:12";"15";"3600";"10";"300";"0";"0";"0";"0";"0";"0";"A";"I"
"3658";"4";"1971";"US";"flag-us";"Creaci&oacute;n: 2018-06-13 16:06:23";"15";"3600";"10";"300";"0";"0";"0";"0";"0";"0";"A";"I"
"3657";"1";"72";"RU";"flag-ru";"Creaci&oacute;n: 2018-06-11 21:13:14";"25";"5000";"15";"5000";"0";"0";"0";"0";"0";"0";"A";"I"
"3656";"2";"1765";"US";"flag-us";"Creaci&oacute;n: 2018-06-11 14:31:02";"25";"3600";"15";"300";"0";"0";"0";"0";"0";"0";"A";"I"
"3655";"4";"1812";"US";"flag-us";"Creaci&oacute;n: 2018-06-08 21:56:19";"15";"3600";"10";"300";"0";"0";"0";"0";"0";"0";"A";"I"
"3731";"1";"1867";"CA";"flag-ca";"Creaci&oacute;n: 2019-04-30 22:13:00";"25";"5000";"15";"5000";"0";"0";"0";"0";"0";"0";"A";"I"
"3654";"4";"74";"RU";"flag-ru";"Creaci&oacute;n: 2018-06-06 03:41:25";"15";"3600";"10";"300";"0";"0";"0";"0";"0";"0";"A";"I"
"3503";"4";"246";"IO";"flag-io";"Creaci&oacute;n: 2018-02-05 17:05:38";"15";"3600";"10";"300";"0";"0";"0";"0";"0";"0";"A";"I"
"3498";"4";"257";"BI";"flag-bi";"Creaci&oacute;n: 2018-02-02 17:05:38";"15";"3600";"10";"300";"0";"0";"0";"0";"0";"0";"A";"I"
"3449";"4";"223";"ML";"flag-ml";"Creaci&oacute;n: 2018-01-25 19:10:45";"15";"3600";"10";"300";"0";"0";"0";"0";"0";"0";"A";"I"
"3450";"4";"86";"CN";"flag-cn";"Creaci&oacute;n: 2018-01-25 19:15:50";"15";"3600";"10";"300";"0";"0";"0";"0";"0";"0";"A";"I"
"3452";"4";"225";"CI";"flag-ci";"Creaci&oacute;n: 2018-01-25 19:45:51";"15";"3600";"10";"300";"0";"0";"0";"0";"0";"0";"A";"I"
"5642";"5";"1225";"US";"flag-us";;"25";"5000";"15";"5000";"0";"0";NULL;NULL;NULL;NULL;"A";"N"
"5641";"5";"1224";"US";"flag-us";;"25";"10000";"15";"300";"0";"0";NULL;NULL;NULL;NULL;"A";"N"
"5637";"5";"1216";"US";"flag-us";;"25";"10000";"15";"300";"0";"0";NULL;NULL;NULL;NULL;"A";"N"
"3546";"1";"1710";"US";"flag-us";"Creaci&oacute;n: 2018-02-26 19:42:34";"25";"5000";"15";"5000";"0";"0";"0";"0";"0";"0";"A";"I"
"5636";"5";"1215";"US";"flag-us";;"25";"10000";"15";"300";"0";"0";NULL;NULL;NULL;NULL;"A";"N"
"3476";"4";"226";"BF";"flag-bf";"Creaci&oacute;n: 2018-01-30 20:40:47";"15";"3600";"10";"300";"0";"0";"0";"0";"0";"0";"A";"I"
"3468";"4";"255";"TZ";"flag-tz";"Creaci&oacute;n: 2018-01-29 19:45:52";"15";"3600";"10";"300";"0";"0";"0";"0";"0";"0";"A";"I"
"3455";"4";"220";"GM";"flag-gm";"Creaci&oacute;n: 2018-01-25 22:15:48";"15";"3600";"10";"300";"0";"0";"0";"0";"0";"0";"A";"I"
"5633";"5";"1212";"US";"flag-us";;"25";"10000";"15";"300";"0";"0";NULL;NULL;NULL;NULL;"A";"N"
"3547";"4";"1334";"US";"flag-us";"Creaci&oacute;n: 2018-02-26 22:20:39";"15";"3600";"10";"300";"0";"0";"0";"0";"0";"0";"A";"I"
"3456";"4";"87";"NL";"flag-nl";"Creaci&oacute;n: 2018-01-25 22:15:59";"15";"3600";"10";"300";"0";"0";"0";"0";"0";"0";"A";"I"
"3457";"4";"229";"BJ";"flag-bj";"Creaci&oacute;n: 2018-01-25 23:05:48";"15";"3600";"10";"300";"0";"0";"0";"0";"0";"0";"A";"I"
"3478";"4";"1937";"US";"flag-us";"Creaci&oacute;n: 2018-01-30 23:55:34";"15";"3600";"10";"300";"0";"0";"0";"0";"0";"0";"A";"I"
"3473";"4";"60";"MY";"flag-my";"Creaci&oacute;n: 2018-01-30 19:50:51";"15";"3600";"10";"300";"0";"0";"0";"0";"0";"0";"A";"I"
"5631";"5";"1209";"US";"flag-us";;"25";"5000";"15";"5000";"0";"0";NULL;NULL;NULL;NULL;"A";"N"
"3494";"1";"63";"PH";"flag-ph";"Creaci&oacute;n: 2018-02-01 17:58:28";"25";"5000";"15";"5000";"0";"0";"0";"0";"0";"0";"A";"I"
"3466";"4";"253";"DJ";"flag-dj";"Creaci&oacute;n: 2018-01-29 19:10:45";"15";"3600";"10";"300";"0";"0";"0";"0";"0";"0";"A";"I"
"3464";"4";"72";"RU";"flag-ru";"Creaci&oacute;n: 2018-01-29 15:40:51";"15";"3600";"10";"300";"0";"0";"0";"0";"0";"0";"A";"I"
"3463";"4";"227";"NE";"flag-ne";"Creaci&oacute;n: 2018-01-26 22:20:42";"15";"3600";"10";"300";"0";"0";"0";"0";"0";"0";"A";"I"
"3461";"4";"881";"--";"flag---";"Creaci&oacute;n: 2018-01-26 21:55:53";"15";"3600";"10";"300";"0";"0";"0";"0";"0";"0";"A";"I"
"3460";"4";"252";"SO";"flag-so";"Creaci&oacute;n: 2018-01-26 20:10:41";"15";"3600";"10";"300";"0";"0";"0";"0";"0";"0";"A";"I"
"3459";"4";"228";"TG";"flag-tg";"Creaci&oacute;n: 2018-01-26 19:45:44";"15";"3600";"10";"300";"0";"0";"0";"0";"0";"0";"A";"I"
"3462";"4";"84";"VN";"flag-vn";"Creaci&oacute;n: 2018-01-26 22:00:59";"15";"3600";"10";"300";"0";"0";"0";"0";"0";"0";"A";"I"
"2004";"2";"1857";"US";"flag-us";"Creaci&oacute;n: 2017-07-21 15:20:40";"25";"3600";"15";"300";"0";"0";"0";"0";"0";"0";"A";"I"
"3629";"4";"1747";"US";"flag-us";"Creaci&oacute;n: 2018-04-21 18:30:34";"15";"3600";"10";"300";"0";"0";"0";"0";"0";"0";"A";"I"
"3625";"2";"48";"PL";"flag-pl";"Creación: 2016-07-08 19:47:03";"25";"1500";"15";"1500";"0";"0";"0";"0";"0";"0";"A";"N"
"3624";"2";"224";"GN";"flag-gn";"Creaci&oacute;n: 2018-04-14 19:30:27";"25";"3600";"15";"300";"0";"0";"0";"0";"0";"0";"A";"I"
"3616";"4";"1779";"CA";"flag-ca";"Creaci&oacute;n: 2018-04-09 23:20:42";"15";"3600";"10";"300";"0";"0";"0";"0";"0";"0";"A";"I"
"3623";"4";"855";"KH";"flag-kh";"Creaci&oacute;n: 2018-04-13 15:40:59";"15";"3600";"10";"300";"0";"0";"0";"0";"0";"0";"A";"I"
"3628";"4";"1848";"US";"flag-us";"Creaci&oacute;n: 2018-04-20 11:30:35";"15";"3600";"10";"300";"0";"0";"0";"0";"0";"0";"A";"I"
"3620";"4";"1869";"KN";"flag-kn";"Creaci&oacute;n: 2018-04-11 18:25:43";"15";"3600";"10";"300";"0";"0";"0";"0";"0";"0";"A";"I"
"3617";"1";"1779";"CA";"flag-ca";"Creaci&oacute;n: 2018-04-10 00:11:09";"25";"5000";"15";"5000";"0";"0";"0";"0";"0";"0";"A";"I"
"2042";"2";"1540";"US";"flag-us";"Creaci&oacute;n: 2017-07-21 15:45:25";"25";"3600";"15";"300";"0";"0";"0";"0";"0";"0";"A";"I"
"3648";"4";"1769";"US";"flag-us";"Creaci&oacute;n: 2018-05-29 19:10:43";"15";"3600";"10";"300";"0";"0";"0";"0";"0";"0";"A";"I"
"3645";"2";"232";"SL";"flag-sl";"Creaci&oacute;n: 2018-05-24 23:00:28";"25";"3600";"15";"300";"0";"0";"0";"0";"0";"0";"A";"I"
"3646";"4";"256";"UG";"flag-ug";"Creaci&oacute;n: 2018-05-28 19:11:00";"15";"3600";"10";"300";"0";"0";"0";"0";"0";"0";"A";"I"
"3649";"1";"1769";"US";"flag-us";"Creaci&oacute;n: 2018-05-29 20:07:29";"25";"5000";"15";"5000";"0";"0";"0";"0";"0";"0";"A";"I"
"3643";"2";"1217";"US";"flag-us";"Creaci&oacute;n: 2018-05-17 16:30:22";"25";"3600";"15";"300";"0";"0";"0";"0";"0";"0";"A";"I"
"3642";"4";"268";"SZ";"flag-sz";"Creaci&oacute;n: 2018-05-09 19:50:45";"15";"3600";"10";"300";"0";"0";"0";"0";"0";"0";"A";"I"
"3638";"1";"259";"TZ";"flag-tz";"Creaci&oacute;n: 2018-05-02 20:57:41";"25";"5000";"15";"5000";"0";"0";"0";"0";"0";"0";"A";"I"
"3639";"2";"591";"BO";"flag-bo";"Creación: 2017-08-09 00:25:41";"8";"7200";"8";"1500";"0";"0";"0";"0";"0";"0";"A";"N"
"3634";"4";"389";"MK";"flag-mk";"Creación: 2018-04-27 16:36:10";"15";"2000";"5";"200";"0";"0";"0";"0";"0";"0";"A";"I"
"3635";"1";"850";"KP";"flag-kp";"Creaci&oacute;n: 2018-04-30 16:23:27";"25";"5000";"15";"5000";"0";"0";"0";"0";"0";"0";"A";"I"
"3633";"4";"1316";"US";"flag-us";"Creación: 2017-09-27 17:47:05";"25";"7000";"15";"7000";"0";"0";"0";"0";"0";"0";"A";"I"
"3641";"4";"595";"PY";"flag-py";"Creaci&oacute;n: 2018-05-08 17:06:18";"15";"3600";"10";"300";"0";"0";"0";"0";"0";"0";"A";"I"
"3632";"1";"232";"SL";"flag-sl";"Creaci&oacute;n: 2018-04-24 21:17:02";"25";"5000";"15";"5000";"0";"0";"0";"0";"0";"0";"A";"I"
"3631";"2";"1971";"US";"flag-us";"Creaci&oacute;n: 2018-04-24 19:15:29";"25";"3600";"15";"300";"0";"0";"0";"0";"0";"0";"A";"I"
"2122";"2";"1585";"US";"flag-us";"Creaci&oacute;n: 2017-07-21 16:40:33";"25";"3600";"15";"300";"0";"0";"0";"0";"0";"0";"A";"I"
"3644";"4";"247";"AF";"flag-af";"Creaci&oacute;n: 2018-05-21 19:21:00";"15";"3600";"10";"300";"0";"0";"0";"0";"0";"0";"A";"I"
"3626";"4";"249";"SD";"flag-sd";"Creaci&oacute;n: 2018-04-18 20:20:53";"15";"3600";"10";"300";"0";"0";"0";"0";"0";"0";"A";"I"
"3610";"1";"500";"FK";"flag-fk";"Creaci&oacute;n: 2018-04-02 23:16:56";"25";"5000";"15";"5000";"0";"0";"0";"0";"0";"0";"A";"I"
"5619";"5";"972";"IL";;;"10";"4500";"1";"60";"0";"0";NULL;NULL;NULL;NULL;"A";"N"
"3576";"4";"856";"LA";"flag-la";"Creaci&oacute;n: 2018-03-06 20:30:52";"15";"3600";"10";"300";"0";"0";"0";"0";"0";"0";"A";"I"
"5618";"5";"971";"AE";;;"5";"3600";"1";"60";"0";"0";NULL;NULL;NULL;NULL;"A";"N"
"3603";"2";"1833";"US";"flag-us";"Creaci&oacute;n: 2018-03-27 15:40:29";"25";"3600";"15";"300";"0";"0";"0";"0";"0";"0";"A";"I"
"3602";"2";"372";"EE";"flag-ee";"Creaci&oacute;n: 2018-03-26 14:10:25";"25";"3600";"15";"300";"0";"0";"0";"0";"0";"0";"A";"I"
"3605";"4";"850";"KP";"flag-kp";"Creaci&oacute;n: 2018-03-27 21:00:57";"15";"3600";"10";"300";"0";"0";"0";"0";"0";"0";"A";"I"
"3597";"4";"73";"RU";"flag-ru";"Creaci&oacute;n: 2018-03-22 22:25:56";"15";"3600";"10";"300";"0";"0";"0";"0";"0";"0";"A";"I"
"3604";"2";"1570";"US";"flag-us";"Creaci&oacute;n: 2018-03-27 20:50:26";"25";"3600";"15";"300";"0";"0";"0";"0";"0";"0";"A";"I"
"3595";"2";"60";"MY";"flag-my";"Creaci&oacute;n: 2018-03-21 09:30:33";"25";"3600";"15";"300";"0";"0";"0";"0";"0";"0";"A";"I"
"3594";"4";"1928";"US";"flag-us";"Creaci&oacute;n: 2018-03-20 16:30:48";"15";"3600";"10";"300";"0";"0";"0";"0";"0";"0";"A";"I"
"3592";"4";"1386";"US";"flag-us";"Creaci&oacute;n: 2018-03-16 19:30:35";"15";"3600";"10";"300";"0";"0";"0";"0";"0";"0";"A";"I"
"3591";"1";"46";"SE";"flag-se";"Creaci&oacute;n: 2018-03-15 22:17:22";"25";"5000";"15";"5000";"0";"0";"0";"0";"0";"0";"A";"I"
"3593";"1";"855";"KH";"flag-kh";"Creaci&oacute;n: 2018-03-20 16:13:30";"25";"5000";"15";"5000";"0";"0";"0";"0";"0";"0";"A";"I"
"3590";"4";"46";"SE";"flag-se";"Creaci&oacute;n: 2018-03-15 22:00:35";"15";"3600";"10";"300";"0";"0";"0";"0";"0";"0";"A";"I"
"3589";"4";"1740";"US";"flag-us";"Creaci&oacute;n: 2018-03-14 14:40:36";"15";"3600";"10";"300";"0";"0";"0";"0";"0";"0";"A";"I"
"5617";"5";"965";"ES";;;"25";"3600";"1";"60";"0";"0";NULL;NULL;NULL;NULL;"A";"N"
"3601";"4";"1345";"KY";"flag-ky";;"4";"1000";"4";"1000";"0";"0";"0";"0";"0";"0";"A";"I"
"3586";"4";"1936";"US";"flag-us";"Creaci&oacute;n: 2018-03-12 21:50:58";"15";"3600";"10";"300";"0";"0";"0";"0";"0";"0";"A";"I"
"3580";"4";"1246";"BB";"flag-bb";"Creacion manual";"15";"3600";"15";"800";"0";"0";"0";"0";"0";"0";"A";"N"
"3579";"4";"266";"LS";"flag-ls";"Creaci&oacute;n: 2018-03-07 16:40:42";"15";"3600";"10";"300";"0";"0";"0";"0";"0";"0";"A";"I"
"3598";"2";"1667";"US";"flag-us";"Creaci&oacute;n: 2018-03-23 23:35:25";"25";"3600";"15";"300";"0";"0";"0";"0";"0";"0";"A";"I"
"3587";"4";"1234";"US";"flag-us";"Creaci&oacute;n: 2018-03-13 17:00:52";"15";"3600";"10";"300";"0";"0";"0";"0";"0";"0";"A";"I"
"3585";"4";"1810";"US";"flag-us";"Creaci&oacute;n: 2018-03-11 21:35:31";"15";"3600";"10";"300";"0";"0";"0";"0";"0";"0";"A";"I"
"2218";"2";"1253";"US";"flag-us";"Creaci&oacute;n: 2017-07-21 17:40:21";"25";"3600";"15";"300";"0";"0";"0";"0";"0";"0";"A";"I"
"2989";"4";"1540";"US";"flag-us";"Creaci&oacute;n: 2017-07-27 19:55:23";"25";"3600";"15";"300";"0";"0";"0";"0";"0";"0";"A";"I"
"2986";"4";"58";"VE";"flag-ve";"Creación: 2017-06-01 01:25:11";"40";"5500";"40";"3600";"0";"0";"0";"0";"0";"0";"A";"I"
"3007";"4";"1646";"US";"flag-us";"Creaci&oacute;n: 2017-07-29 04:25:08";"25";"3600";"15";"300";"0";"0";"0";"0";"0";"0";"A";"I"
"2974";"4";"1201";"US";"flag-us";"Creaci&oacute;n: 2017-07-26 22:35:09";"25";"3600";"15";"300";"0";"0";"0";"0";"0";"0";"A";"I"
"3379";"4";"1763";"US";"flag-us";"Creaci&oacute;n: 2017-12-18 17:45:48";"15";"3600";"10";"300";"0";"0";"0";"0";"0";"0";"A";"I"
"2968";"4";"1868";"TT";"flag-tt";"Creación: 2017-07-26 20:05:17";"100";"3600";"100";"3600";"0";"0";"0";"0";"0";"0";"A";"N"
"2967";"4";"1603";"US";"flag-us";"Creaci&oacute;n: 2017-07-26 20:05:15";"25";"3600";"15";"300";"0";"0";"0";"0";"0";"0";"A";"I"
"2966";"4";"1876";"JM";"flag-jm";"Creacion manual";"65";"9000";"65";"9000";"0";"0";"0";"0";"0";"0";"A";"N"
"2972";"4";"1939";"PR";"flag-pr";"Creaci&oacute;n: 2017-07-26 21:30:18";"25";"3600";"15";"300";"0";"0";"0";"0";"0";"0";"A";"I"
"2956";"2";"1612";"US";"flag-us";"Creaci&oacute;n: 2017-07-25 21:00:17";"25";"3600";"15";"300";"0";"0";"0";"0";"0";"0";"A";"I"
"2965";"4";"1909";"US";"flag-us";"Creaci&oacute;n: 2017-07-26 18:20:18";"25";"3600";"15";"300";"0";"0";"0";"0";"0";"0";"A";"I"
"2964";"4";"1805";"US";"flag-us";"Creaci&oacute;n: 2017-07-26 18:00:20";"25";"3600";"15";"300";"0";"0";"0";"0";"0";"0";"A";"I"
"2962";"4";"1719";"US";"flag-us";"Creaci&oacute;n: 2017-07-26 17:05:26";"25";"3600";"15";"300";"0";"0";"0";"0";"0";"0";"A";"I"
"2960";"4";"1662";"US";"flag-us";"Creaci&oacute;n: 2017-07-26 16:15:19";"25";"3600";"15";"300";"0";"0";"0";"0";"0";"0";"A";"I"
"2969";"4";"1503";"US";"flag-us";"Creaci&oacute;n: 2017-07-26 20:40:18";"25";"3600";"15";"300";"0";"0";"0";"0";"0";"0";"A";"I"
"2959";"4";"30";"GI";"flag-gi";"Creaci&oacute;n: 2017-07-26 15:45:27";"1";"3600";"15";"300";"0";"0";"0";"0";"0";"0";"A";"N"
"2957";"4";"1678";"US";"flag-us";"Creaci&oacute;n: 2017-07-26 13:20:09";"25";"3600";"15";"300";"0";"0";"0";"0";"0";"0";"A";"I"
"3544";"1";"1581";"CA";"flag-ca";"Creaci&oacute;n: 2018-02-24 01:01:03";"25";"5000";"15";"5000";"0";"0";"0";"0";"0";"0";"A";"I"
"5603";"5";"598";"UY";"flag-uy";;"25";"3200";"15";"3600";"0";"0";NULL;NULL;NULL;NULL;"A";"N"
"3607";"4";"1432";"US";"flag-us";"Creaci&oacute;n: 2018-03-30 18:20:31";"15";"3600";"10";"300";"0";"0";"0";"0";"0";"0";"A";"I"
"3530";"2";"1334";"US";"flag-us";"Creaci&oacute;n: 2018-02-14 16:50:20";"25";"3600";"15";"300";"0";"0";"0";"0";"0";"0";"A";"I"
"3529";"4";"1307";"US";"flag-us";"Creación: 2017-05-01 16:46:26";"25";"1200";"15";"1200";"0";"0";"0";"0";"0";"0";"A";"I"
"3010";"4";"1321";"US";"flag-us";"Creaci&oacute;n: 2017-07-29 16:25:14";"25";"3600";"15";"300";"0";"0";"0";"0";"0";"0";"A";"I"
"3014";"4";"235";"TD";"flag-td";"Creación: 2017-07-30 14:30:16";"15";"900";"5";"300";"0";"0";"0";"0";"0";"0";"A";"B"
"3013";"4";"387";"BA";"flag-ba";"Creación: 2017-07-30 14:10:14";"15";"900";"5";"300";"0";"0";"0";"0";"0";"0";"A";"B"
"3012";"4";"53";"CU";"flag-cu";"Creación: 2017-07-29 19:50:20";"1";"15";"1";"15";"0";"0";"0";"0";"0";"0";"A";"N"
"3011";"4";"1405";"US";"flag-us";"Creación: 2017-07-03 17:40:13";"25";"3600";"15";"3600";"0";"0";"0";"0";"0";"0";"A";"I"
"3003";"4";"1212";"US";"flag-us";"Creaci&oacute;n: 2017-07-28 19:10:19";"25";"3600";"15";"300";"0";"0";"0";"0";"0";"0";"A";"I"
"3001";"4";"1469";"US";"flag-us";"Creaci&oacute;n: 2017-07-28 17:20:25";"25";"3600";"15";"300";"0";"0";"0";"0";"0";"0";"A";"I"
"2985";"4";"1913";"US";"flag-us";"Creaci&oacute;n: 2017-07-27 19:05:25";"25";"3600";"15";"300";"0";"0";"0";"0";"0";"0";"A";"I"
"2975";"4";"1714";"US";"flag-us";"Creaci&oacute;n: 2017-07-27 01:40:11";"25";"3600";"15";"300";"0";"0";"0";"0";"0";"0";"A";"I"
"2976";"4";"1844";"US";"flag-us";"Creaci&oacute;n: 2017-07-27 02:30:16";"25";"3600";"15";"300";"0";"0";"0";"0";"0";"0";"A";"I"
"2977";"1";"264";"NA";"flag-na";"Creaci&oacute;n: 2017-07-27 14:47:03";"25";"5000";"15";"5000";"0";"0";"0";"0";"0";"0";"A";"I"
"2981";"4";"64";"NZ";"flag-nz";"Creaci&oacute;n: 2017-07-27 18:05:33";"25";"3600";"15";"300";"0";"0";"0";"0";"0";"0";"A";"I"
"2982";"4";"1403";"CA";"flag-ca";"Creación: 2017-06-28 22:00:14";"25";"3600";"25";"3600";"0";"0";"0";"0";"0";"0";"A";"N"
"2988";"4";"1816";"US";"flag-us";"Creaci&oacute;n: 2017-07-27 19:45:27";"25";"3600";"15";"300";"0";"0";"0";"0";"0";"0";"A";"I"
"2978";"4";"359";"BG";"flag-bg";"Creaci&oacute;n: 2017-07-27 15:20:30";"25";"3600";"15";"300";"0";"0";"0";"0";"0";"0";"A";"I"
"2983";"4";"1813";"US";"flag-us";"Creaci&oacute;n: 2017-07-27 18:20:21";"25";"3600";"15";"300";"0";"0";"0";"0";"0";"0";"A";"I"
"2979";"4";"1614";"US";"flag-us";"Creaci&oacute;n: 2017-07-27 17:45:20";"25";"3600";"15";"300";"0";"0";"0";"0";"0";"0";"A";"I"
"2235";"2";"1734";"US";"flag-us";"Creaci&oacute;n: 2017-07-21 17:45:38";"25";"3600";"15";"300";"0";"0";"0";"0";"0";"0";"A";"I"
"3543";"4";"1581";"CA";"flag-ca";"Creaci&oacute;n: 2018-02-24 00:20:28";"15";"3600";"10";"300";"0";"0";"0";"0";"0";"0";"A";"I"
"3532";"4";"353";"IE";"flag-ie";"Creaci&oacute;n: 2018-02-15 19:15:48";"15";"3600";"10";"300";"0";"0";"0";"0";"0";"0";"A";"I"
"3528";"4";"1225";"US";"flag-us";"Creaci&oacute;n: 2018-02-13 01:50:25";"15";"3600";"10";"300";"0";"0";"0";"0";"0";"0";"A";"I"
"3525";"4";"880";"BD";"flag-bd";"Creaci&oacute;n: 2018-02-12 22:15:51";"15";"3600";"10";"300";"0";"0";"0";"0";"0";"0";"A";"I"
"3574";"2";"1231";"US";"flag-us";"Creaci&oacute;n: 2018-03-06 19:40:20";"25";"3600";"15";"300";"0";"0";"0";"0";"0";"0";"A";"I"
"3527";"4";"267";"BW";"flag-bw";"Creaci&oacute;n: 2018-02-12 22:40:54";"15";"3600";"10";"300";"0";"0";"0";"0";"0";"0";"A";"I"
"3573";"4";"250";"RW";"flag-rw";"Creaci&oacute;n: 2018-03-06 17:40:43";"15";"3600";"10";"300";"0";"0";"0";"0";"0";"0";"A";"I"
"3518";"2";"1715";"US";"flag-us";"Creaci&oacute;n: 2018-02-07 20:50:35";"25";"3600";"15";"300";"0";"0";"0";"0";"0";"0";"A";"I"
"3517";"2";"967";"YE";"flag-ye";"Creaci&oacute;n: 2018-02-06 19:55:30";"25";"3600";"15";"300";"0";"0";"0";"0";"0";"0";"A";"I"
"3519";"4";"886";"TW";"flag-tw";"Creación: 2018-02-08 14:35:51";"10";"3600";"4";"300";"0";"0";"0";"0";"0";"0";"A";"N"
"3521";"2";"1939";"PR";"flag-pr";"Creaci&oacute;n: 2018-02-09 14:40:20";"25";"3600";"15";"300";"0";"0";"0";"0";"0";"0";"A";"I"
"3524";"4";"1224";"US";"flag-us";"Creaci&oacute;n: 2018-02-12 13:40:26";"15";"3600";"10";"300";"0";"0";"0";"0";"0";"0";"A";"I"
"3537";"2";"1867";"CA";"flag-ca";"Creaci&oacute;n: 2018-02-19 19:00:27";"25";"3600";"15";"300";"0";"0";"0";"0";"0";"0";"A";"I"
"3522";"4";"20";"EG";"flag-eg";"EGIPTO";"7";"3000";"15";"3000";"0";"0";"0";"0";"0";"0";"A";"N"
"3526";"4";"259";"TZ";"flag-tz";"Creaci&oacute;n: 2018-02-12 22:35:49";"15";"3600";"10";"300";"0";"0";"0";"0";"0";"0";"A";"I"
"3523";"4";"1289";"CA";"flag-ca";"Creaci&oacute;n: 2018-02-11 00:30:28";"15";"3600";"10";"300";"0";"0";"0";"0";"0";"0";"A";"I"
"3540";"4";"258";"MZ";"flag-mz";"Creaci&oacute;n: 2018-02-22 16:50:49";"15";"3600";"10";"300";"0";"0";"0";"0";"0";"0";"A";"I"
"3509";"2";"370";"LT";"flag-lt";"Creaci&oacute;n: 2018-02-06 13:30:28";"25";"3600";"15";"300";"0";"0";"0";"0";"0";"0";"A";"I"
"3510";"4";"1682";"US";"flag-us";"Creaci&oacute;n: 2018-02-06 13:35:28";"15";"3600";"10";"300";"0";"0";"0";"0";"0";"0";"A";"I"
"3505";"4";"248";"SC";"flag-sc";"Creaci&oacute;n: 2018-02-05 19:15:37";"15";"3600";"10";"300";"0";"0";"0";"0";"0";"0";"A";"I"
"2265";"2";"1434";"US";"flag-us";"Creaci&oacute;n: 2017-07-21 18:10:25";"25";"3600";"15";"300";"0";"0";"0";"0";"0";"0";"A";"I"
"3511";"4";"243";"CD";"flag-cd";"Creaci&oacute;n: 2018-02-06 15:15:51";"15";"3600";"10";"300";"0";"0";"0";"0";"0";"0";"A";"I"
"3506";"4";"251";"ET";"flag-et";"Creaci&oacute;n: 2018-02-05 19:25:39";"15";"3600";"10";"300";"0";"0";"0";"0";"0";"0";"A";"I"
"3502";"4";"245";"GW";"flag-gw";"Creación: 2017-06-21 20:58:14";"5";"900";"5";"900";"0";"0";"0";"0";"0";"0";"A";"N"
"3501";"4";"221";"SN";"flag-sn";"Creaci&oacute;n: 2018-02-02 20:55:38";"15";"3600";"10";"300";"0";"0";"0";"0";"0";"0";"A";"I"
"3504";"4";"263";"ZW";"flag-zw";"Creaci&oacute;n: 2018-02-05 18:30:50";"15";"3600";"10";"300";"0";"0";"0";"0";"0";"0";"A";"I"
"3499";"4";"62";"ID";"flag-id";"Creaci&oacute;n: 2018-02-02 19:35:47";"15";"3600";"10";"300";"0";"0";"0";"0";"0";"0";"A";"I"
"3569";"4";"1573";"US";"flag-us";"Creaci&oacute;n: 2018-03-06 01:35:29";"15";"3600";"10";"300";"0";"0";"0";"0";"0";"0";"A";"I"
"3493";"4";"63";"PH";"flag-ph";"Creaci&oacute;n: 2018-02-01 17:40:49";"15";"3600";"10";"300";"0";"0";"0";"0";"0";"0";"A";"I"
"3445";"2";"1657";"US";"flag-us";"Creaci&oacute;n: 2018-01-25 17:45:24";"25";"3600";"15";"300";"0";"0";"0";"0";"0";"0";"A";"I"
"3444";"2";"1579";"CA";"flag-ca";"Creaci&oacute;n: 2018-01-25 15:45:27";"25";"3600";"15";"300";"0";"0";"0";"0";"0";"0";"A";"I"
"3442";"4";"1317";"US";"flag-us";"Creaci&oacute;n: 2018-01-24 19:30:41";"15";"3600";"10";"300";"0";"0";"0";"0";"0";"0";"A";"I"
"3439";"4";"1980";"US";"flag-us";"Creaci&oacute;n: 2018-01-20 00:30:34";"15";"3600";"10";"300";"0";"0";"0";"0";"0";"0";"A";"I"
"3438";"4";"65";"SG";"flag-sg";"Creaci&oacute;n: 2018-01-18 15:05:36";"15";"3600";"10";"300";"0";"0";"0";"0";"0";"0";"A";"I"
"3496";"4";"254";"KE";"flag-ke";"Creaci&oacute;n: 2018-02-02 15:10:36";"15";"3600";"10";"300";"0";"0";"0";"0";"0";"0";"A";"I"
"3430";"2";"1345";"KY";"flag-ky";;"4";"1000";"4";"1000";"0";"0";"0";"0";"0";"0";"A";"I"
"3390";"4";"1423";"US";"flag-us";"Creaci&oacute;n: 2017-12-26 14:55:28";"15";"3600";"10";"300";"0";"0";"0";"0";"0";"0";"A";"I"
"3391";"2";"1725";"US";"flag-us";"Creaci&oacute;n: 2017-12-27 02:40:29";"25";"3600";"15";"300";"0";"0";"0";"0";"0";"0";"A";"I"
"3389";"4";"1269";"US";"flag-us";"Creaci&oacute;n: 2017-12-25 02:41:03";"15";"3600";"10";"300";"0";"0";"0";"0";"0";"0";"A";"I"
"3388";"4";"47";"NO";"flag-no";"Creaci&oacute;n: 2017-12-24 23:25:50";"15";"3600";"10";"300";"0";"0";"0";"0";"0";"0";"A";"I"
"3386";"2";"1928";"US";"flag-us";"Creaci&oacute;n: 2017-12-22 02:05:30";"25";"3600";"15";"300";"0";"0";"0";"0";"0";"0";"A";"I"
"3385";"4";"1815";"US";"flag-us";"Creaci&oacute;n: 2017-12-21 22:01:31";"15";"3600";"10";"300";"0";"0";"0";"0";"0";"0";"A";"I"
"3431";"4";"1724";"US";"flag-us";"Creaci&oacute;n: 2018-01-12 17:55:32";"15";"3600";"10";"300";"0";"0";"0";"0";"0";"0";"A";"I"
"3383";"4";"1901";"US";"flag-us";"Creaci&oacute;n: 2017-12-21 02:31:11";"15";"3600";"10";"300";"0";"0";"0";"0";"0";"0";"A";"I"
"3382";"2";"1309";"US";"flag-us";"Creaci&oacute;n: 2017-12-20 14:01:34";"25";"3600";"15";"300";"0";"0";"0";"0";"0";"0";"A";"I"
"3387";"4";"1862";"US";"flag-us";"Creaci&oacute;n: 2017-12-24 13:00:28";"15";"3600";"10";"300";"0";"0";"0";"0";"0";"0";"A";"I"
"3362";"4";"66";"TH";"flag-th";"Creaci&oacute;n: 2017-12-02 16:55:34";"15";"3600";"10";"300";"0";"0";"0";"0";"0";"0";"A";"I"
"3365";"4";"1872";"US";"flag-us";"Creaci&oacute;n: 2017-12-05 19:35:40";"15";"3600";"10";"300";"0";"0";"0";"0";"0";"0";"A";"I"
"3361";"2";"1256";"US";"flag-us";"Creaci&oacute;n: 2017-12-02 16:55:23";"25";"3600";"15";"300";"0";"0";"0";"0";"0";"0";"A";"I"
"2309";"2";"1262";"US";"flag-us";"Creaci&oacute;n: 2017-07-21 18:45:16";"25";"3600";"15";"300";"0";"0";"0";"0";"0";"0";"A";"I"
"3369";"2";"1308";"US";"flag-us";"Creaci&oacute;n: 2017-12-11 18:50:28";"25";"3600";"15";"300";"0";"0";"0";"0";"0";"0";"A";"I"
"3380";"2";"972";"IL";"flag-il";"Creación: 2017-10-18 12:45:18";"10";"4500";"10";"3600";"0";"0";"0";"0";"0";"0";"A";"N"
"3355";"2";"1563";"US";"flag-us";"Creaci&oacute;n: 2017-11-29 21:05:20";"25";"3600";"15";"300";"0";"0";"0";"0";"0";"0";"A";"I"
"3330";"4";"1620";"US";"flag-us";"Creaci&oacute;n: 2017-11-13 21:40:31";"25";"3600";"15";"300";"0";"0";"0";"0";"0";"0";"A";"I"
"3357";"2";"1814";"US";"flag-us";"Creaci&oacute;n: 2017-11-30 19:00:24";"25";"3600";"15";"300";"0";"0";"0";"0";"0";"0";"A";"I"
"3359";"4";"1585";"US";"flag-us";"Creaci&oacute;n: 2017-12-01 15:35:39";"15";"3600";"10";"300";"0";"0";"0";"0";"0";"0";"A";"I"
"3354";"2";"1740";"US";"flag-us";"Creaci&oacute;n: 2017-11-26 18:50:18";"25";"3600";"15";"300";"0";"0";"0";"0";"0";"0";"A";"I"
"3353";"4";"1940";"US";"flag-us";"Creaci&oacute;n: 2017-11-26 13:10:19";"25";"3600";"15";"300";"0";"0";"0";"0";"0";"0";"A";"I"
"3351";"4";"1929";"US";"flag-us";"Creaci&oacute;n: 2017-11-23 17:50:44";"25";"3600";"15";"300";"0";"0";"0";"0";"0";"0";"A";"I"
"3358";"1";"74";"RU";"flag-ru";"Creaci&oacute;n: 2017-11-30 21:48:49";"25";"5000";"15";"5000";"0";"0";"0";"0";"0";"0";"A";"I"
"3350";"1";"263";"ZW";"flag-zw";"Creaci&oacute;n: 2017-11-23 16:47:59";"25";"5000";"15";"5000";"0";"0";"0";"0";"0";"0";"A";"I"
"3364";"2";"1346";"US";"flag-us";"Creaci&oacute;n: 2017-12-05 02:55:23";"25";"3600";"15";"300";"0";"0";"0";"0";"0";"0";"A";"I"
"3360";"4";"1217";"US";"flag-us";"Creaci&oacute;n: 2017-12-01 19:45:36";"15";"3600";"10";"300";"0";"0";"0";"0";"0";"0";"A";"I"
"3346";"2";"30";"GI";"flag-gi";"Creación: 2017-11-22 15:55:24";"1";"60";"25";"300";"0";"0";"0";"0";"0";"0";"A";"N"
"3348";"1";"1276";"US";"flag-us";"Creaci&oacute;n: 2017-11-22 19:47:07";"25";"5000";"15";"5000";"0";"0";"0";"0";"0";"0";"A";"I"
"3347";"2";"1252";"US";"flag-us";"Creaci&oacute;n: 2017-11-22 17:05:19";"25";"3600";"15";"300";"0";"0";"0";"0";"0";"0";"A";"I"
"3345";"4";"1438";"CA";"flag-ca";"Creaci&oacute;n: 2017-11-21 21:45:28";"25";"3600";"15";"300";"0";"0";"0";"0";"0";"0";"A";"I"
"3343";"2";"886";"TW";"flag-tw";"Creación: 2018-02-08 14:35:51";"10";"3600";"4";"300";"0";"0";"0";"0";"0";"0";"A";"N"
"3342";"1";"1807";"CA";"flag-ca";"Creaci&oacute;n: 2017-11-21 14:27:04";"25";"5000";"15";"5000";"0";"0";"0";"0";"0";"0";"A";"I"
"3356";"2";"74";"RU";"flag-ru";"Creaci&oacute;n: 2017-11-30 17:05:28";"25";"3600";"15";"300";"0";"0";"0";"0";"0";"0";"A";"I"
"3349";"4";"1780";"CA";"flag-ca";"Creaci&oacute;n: 2017-11-22 20:10:45";"25";"3600";"15";"300";"0";"0";"0";"0";"0";"0";"A";"I"
"3429";"1";"1984";"--";"flag---";"Creaci&oacute;n: 2018-01-12 16:08:20";"25";"5000";"15";"5000";"0";"0";"0";"0";"0";"0";"A";"I"
"3339";"4";"1505";"US";"flag-us";"Creaci&oacute;n: 2017-11-19 19:55:22";"25";"3600";"15";"300";"0";"0";"0";"0";"0";"0";"A";"I"
"3337";"2";"252";"SO";"flag-so";"Creaci&oacute;n: 2017-11-17 12:35:18";"25";"3600";"15";"300";"0";"0";"0";"0";"0";"0";"A";"I"
"3335";"4";"1219";"US";"flag-us";"Creaci&oacute;n: 2017-11-16 19:05:24";"25";"3600";"15";"300";"0";"0";"0";"0";"0";"0";"A";"I"
"3334";"4";"1309";"US";"flag-us";"Creaci&oacute;n: 2017-11-16 14:45:23";"25";"3600";"15";"300";"0";"0";"0";"0";"0";"0";"A";"I"
"3338";"2";"501";"BZ";"flag-bz";"Actualizado 28/05/2020";"1";"60";"3";"180";"0";"0";"0";"0";"0";"0";"A";"N"
"3344";"2";"1620";"US";"flag-us";"Creaci&oacute;n: 2017-11-21 15:40:20";"25";"3600";"15";"300";"0";"0";"0";"0";"0";"0";"A";"I"
"3333";"1";"1475";"US";"flag-us";"Creación: 2017-11-15 15:01:45";"25";"5000";"15";"5000";"0";"0";"0";"0";"0";"0";"A";"I"
"3336";"1";"1331";"US";"flag-us";"Creaci&oacute;n: 2017-11-16 21:07:22";"25";"5000";"15";"5000";"0";"0";"0";"0";"0";"0";"A";"I"
"3332";"1";"1346";"US";"flag-us";"Creaci&oacute;n: 2017-11-15 13:35:44";"25";"5000";"15";"5000";"0";"0";"0";"0";"0";"0";"A";"I"
"3317";"2";"1985";"US";"flag-us";"Creaci&oacute;n: 2017-11-07 15:25:26";"25";"3600";"15";"300";"0";"0";"0";"0";"0";"0";"A";"I"
"3318";"2";"1506";"CA";"flag-ca";"Creaci&oacute;n: 2017-11-07 19:10:26";"25";"3600";"15";"300";"0";"0";"0";"0";"0";"0";"A";"I"
"3316";"4";"1651";"US";"flag-us";"Creaci&oacute;n: 2017-11-04 16:55:25";"25";"3600";"15";"300";"0";"0";"0";"0";"0";"0";"A";"I"
"3314";"4";"1276";"US";"flag-us";"Creaci&oacute;n: 2017-11-03 16:20:28";"25";"3600";"15";"300";"0";"0";"0";"0";"0";"0";"A";"I"
"3384";"4";"1418";"CA";"flag-ca";"Creaci&oacute;n: 2017-12-21 15:06:35";"15";"3600";"10";"300";"0";"0";"0";"0";"0";"0";"A";"I"
"3315";"4";"1830";"US";"flag-us";"Creaci&oacute;n: 2017-11-04 15:10:22";"25";"3600";"15";"300";"0";"0";"0";"0";"0";"0";"A";"I"
"3313";"4";"1863";"US";"flag-us";"Creaci&oacute;n: 2017-11-02 13:55:23";"25";"3600";"15";"300";"0";"0";"0";"0";"0";"0";"A";"I"
"3312";"4";"1705";"CA";"flag-ca";"Creaci&oacute;n: 2017-11-01 20:25:29";"25";"3600";"15";"300";"0";"0";"0";"0";"0";"0";"A";"I"
"2363";"2";"1607";"US";"flag-us";"Creaci&oacute;n: 2017-07-21 19:20:27";"25";"3600";"15";"300";"0";"0";"0";"0";"0";"0";"A";"I"
"5580";"5";"353";"IE";;;"25";"1200";"1";"60";"0";"0";NULL;NULL;NULL;NULL;"A";"N"
"3426";"2";"1580";"US";"flag-us";"Creaci&oacute;n: 2018-01-10 19:50:22";"25";"3600";"15";"300";"0";"0";"0";"0";"0";"0";"A";"I"
"3436";"4";"45";"DK";"flag-dk";"Creaci&oacute;n: 2018-01-15 05:30:26";"15";"3600";"10";"300";"0";"0";"0";"0";"0";"0";"A";"I"
"3425";"4";"1226";"CA";"flag-ca";"Creación: 2017-04-27 16:47:42";"25";"1300";"15";"1300";"0";"0";"0";"0";"0";"0";"A";"I"
"3567";"4";"375";"BY";"flag-by";"Creaci&oacute;n: 2018-03-02 21:20:42";"15";"3600";"10";"300";"0";"0";"0";"0";"0";"0";"A";"I"
"3422";"4";"1352";"US";"flag-us";"Creaci&oacute;n: 2018-01-04 14:45:22";"15";"3600";"10";"300";"0";"0";"0";"0";"0";"0";"A";"I"
"5577";"5";"297";"AW";;;"200";"7200";"1";"60";"0";"0";NULL;NULL;NULL;NULL;"A";"N"
"3424";"2";"1780";"CA";"flag-ca";"Creaci&oacute;n: 2018-01-07 03:25:23";"25";"3600";"15";"300";"0";"0";"0";"0";"0";"0";"A";"I"
"5576";"5";"295";"BE";"flag-be";;"5";"300";"2";"600";"0";"0";NULL;NULL;NULL;NULL;"A";"B"
"3420";"4";"1864";"US";"flag-us";"Creaci&oacute;n: 2018-01-02 17:30:30";"15";"3600";"10";"300";"0";"0";"0";"0";"0";"0";"A";"I"
"3427";"4";"1903";"US";"flag-us";"Creaci&oacute;n: 2018-01-10 21:35:34";"15";"3600";"10";"300";"0";"0";"0";"0";"0";"0";"A";"I"
"3418";"2";"1810";"US";"flag-us";"Creaci&oacute;n: 2018-01-01 23:20:27";"25";"3600";"15";"300";"0";"0";"0";"0";"0";"0";"A";"I"
"3421";"2";"1260";"US";"flag-us";"Creaci&oacute;n: 2018-01-03 15:15:20";"25";"3600";"15";"300";"0";"0";"0";"0";"0";"0";"A";"I"
"3417";"2";"1406";"US";"flag-us";"Creaci&oacute;n: 2018-01-01 19:15:18";"25";"3600";"15";"300";"0";"0";"0";"0";"0";"0";"A";"I"
"3697";"2";"1587";"CA";"flag-ca";"Creaci&oacute;n: 2018-08-22 18:26:01";"25";"3600";"15";"300";"0";"0";"0";"0";"0";"0";"A";"I"
"3377";"4";"81";"JP";"flag-jp";"Creaci&oacute;n: 2017-12-18 15:26:14";"15";"3600";"10";"300";"0";"0";"0";"0";"0";"0";"A";"I"
"3371";"2";"1284";"VG";"flag-vg";"Creaci&oacute;n: 2017-12-12 04:05:29";"25";"3600";"15";"300";"0";"0";"0";"0";"0";"0";"A";"I"
"3307";"4";"1580";"US";"flag-us";"Creaci&oacute;n: 2017-10-30 16:35:33";"25";"3600";"15";"300";"0";"0";"0";"0";"0";"0";"A";"I"
"3441";"4";"95";"MM";"flag-mm";"Creaci&oacute;n: 2018-01-22 22:35:44";"15";"3600";"10";"300";"0";"0";"0";"0";"0";"0";"A";"I"
"3568";"4";"1517";"US";"flag-us";"Creaci&oacute;n: 2018-03-05 19:50:54";"15";"3600";"10";"300";"0";"0";"0";"0";"0";"0";"A";"I"
"3309";"2";"971";"AE";"flag-ae";"Creaci&oacute;n: 2017-10-31 16:10:23";"25";"3600";"15";"300";"0";"0";"0";"0";"0";"0";"A";"I"
"3306";"4";"82";"KR";"flag-kr";"Creación: 2017-10-29 13:50:20";"4";"3600";"5";"300";"0";"0";"0";"0";"0";"0";"A";"B"
"3305";"4";"1441";"BM";"flag-bm";"Creación: 2017-04-26 17:22:54";"15";"5000";"15";"5000";"0";"0";"0";"0";"0";"0";"A";"N"
"5573";"5";"267";"BW";"flag-bw";;"25";"5000";"15";"5000";"0";"0";NULL;NULL;NULL;NULL;"A";"B"
"3440";"4";"1339";"US";"flag-us";"Creaci&oacute;n: 2018-01-20 17:45:24";"15";"3600";"10";"300";"0";"0";"0";"0";"0";"0";"A";"I"
"3322";"2";"1559";"US";"flag-us";"Creaci&oacute;n: 2017-11-08 18:40:25";"25";"3600";"15";"300";"0";"0";"0";"0";"0";"0";"A";"I"
"3301";"4";"1612";"US";"flag-us";"Creaci&oacute;n: 2017-10-24 20:35:25";"25";"3600";"15";"300";"0";"0";"0";"0";"0";"0";"A";"I"
"3435";"4";"1484";"US";"flag-us";"Creaci&oacute;n: 2018-01-13 15:30:23";"15";"3600";"10";"300";"0";"0";"0";"0";"0";"0";"A";"I"
"3303";"4";"1865";"US";"flag-us";"Creaci&oacute;n: 2017-10-25 14:00:23";"25";"3600";"15";"300";"0";"0";"0";"0";"0";"0";"A";"I"
"3366";"2";"46";"SE";"flag-se";"Creaci&oacute;n: 2017-12-06 14:55:27";"25";"3600";"15";"300";"0";"0";"0";"0";"0";"0";"A";"I"
"3300";"2";"1478";"US";"flag-us";"Creaci&oacute;n: 2017-10-24 14:35:17";"25";"3600";"15";"300";"0";"0";"0";"0";"0";"0";"A";"I"
"3299";"1";"1606";"US";"flag-us";"Creaci&oacute;n: 2017-10-24 14:16:22";"25";"5000";"15";"5000";"0";"0";"0";"0";"0";"0";"A";"I"
"3298";"1";"242";"CG";"flag-cg";"Creaci&oacute;n: 2017-10-23 16:02:44";"25";"5000";"15";"5000";"0";"0";"0";"0";"0";"0";"A";"I"
"3297";"4";"1607";"US";"flag-us";"Creaci&oacute;n: 2017-10-20 22:45:28";"25";"3600";"15";"300";"0";"0";"0";"0";"0";"0";"A";"I"
"3294";"2";"1251";"US";"flag-us";"Creaci&oacute;n: 2017-10-19 14:50:15";"25";"3600";"15";"300";"0";"0";"0";"0";"0";"0";"A";"I"
"3293";"2";"1438";"CA";"flag-ca";"Creaci&oacute;n: 2017-10-18 20:40:17";"25";"3600";"15";"300";"0";"0";"0";"0";"0";"0";"A";"I"
"3296";"2";"1419";"US";"flag-us";"Creaci&oacute;n: 2017-10-20 20:00:22";"25";"3600";"15";"300";"0";"0";"0";"0";"0";"0";"A";"I"
"3295";"2";"1313";"US";"flag-us";"Creaci&oacute;n: 2017-10-19 17:55:16";"25";"3600";"15";"300";"0";"0";"0";"0";"0";"0";"A";"I"
"3291";"4";"972";"IL";"flag-il";"Creación: 2017-10-18 12:45:18";"10";"4500";"10";"3600";"0";"0";"0";"0";"0";"0";"A";"N"
"3287";"4";"1814";"US";"flag-us";"Creaci&oacute;n: 2017-10-17 16:35:27";"25";"3600";"15";"300";"0";"0";"0";"0";"0";"0";"A";"I"
"3319";"2";"1848";"US";"flag-us";"Creaci&oacute;n: 2017-11-07 19:20:28";"25";"3600";"15";"300";"0";"0";"0";"0";"0";"0";"A";"I"
"3292";"4";"1708";"US";"flag-us";"Creaci&oacute;n: 2017-10-18 17:00:25";"25";"3600";"15";"300";"0";"0";"0";"0";"0";"0";"A";"I"
"3289";"2";"1234";"US";"flag-us";"Creaci&oacute;n: 2017-10-17 20:00:15";"25";"3600";"15";"300";"0";"0";"0";"0";"0";"0";"A";"I"
"3288";"4";"1205";"US";"flag-us";"Creaci&oacute;n: 2017-10-17 18:30:25";"25";"3600";"15";"300";"0";"0";"0";"0";"0";"0";"A";"I"
"3290";"2";"1441";"BM";"flag-bm";"Creación: 2017-04-26 17:22:54";"15";"5000";"15";"5000";"0";"0";"0";"0";"0";"0";"A";"N"
"3283";"4";"1260";"US";"flag-us";"Creaci&oacute;n: 2017-10-16 20:00:20";"25";"3600";"15";"300";"0";"0";"0";"0";"0";"0";"A";"I"
"3281";"2";"1623";"US";"flag-us";"Creaci&oacute;n: 2017-10-14 21:10:14";"25";"3600";"15";"300";"0";"0";"0";"0";"0";"0";"A";"I"
"3285";"2";"1228";"US";"flag-us";"Creaci&oacute;n: 2017-10-17 14:25:14";"25";"3600";"15";"300";"0";"0";"0";"0";"0";"0";"A";"I"
"3279";"1";"212";"MA";"flag-ma";"Creaci&oacute;n: 2017-10-12 15:32:27";"25";"5000";"15";"5000";"0";"0";"0";"0";"0";"0";"A";"I"
"3374";"1";"234";"NG";"flag-ng";"Creaci&oacute;n: 2017-12-15 16:34:26";"25";"5000";"15";"5000";"0";"0";"0";"0";"0";"0";"A";"I"
"3276";"2";"82";"KR";"flag-kr";"Creación: 2017-10-29 13:50:20";"4";"3600";"5";"300";"0";"0";"0";"0";"0";"0";"A";"B"
"3274";"4";"1819";"CA";"flag-ca";"Creaci&oacute;n: 2017-10-10 14:40:23";"25";"3600";"15";"300";"0";"0";"0";"0";"0";"0";"A";"I"
"3286";"2";"1662";"US";"flag-us";"Creaci&oacute;n: 2017-10-17 15:10:18";"25";"3600";"15";"300";"0";"0";"0";"0";"0";"0";"A";"I"
"3277";"2";"1219";"US";"flag-us";"Creaci&oacute;n: 2017-10-11 15:45:16";"25";"3600";"15";"300";"0";"0";"0";"0";"0";"0";"A";"I"
"3273";"2";"1601";"US";"flag-us";"Creaci&oacute;n: 2017-10-09 20:20:18";"25";"3600";"15";"300";"0";"0";"0";"0";"0";"0";"A";"I"
"3376";"2";"1929";"US";"flag-us";"Creaci&oacute;n: 2017-12-17 21:35:36";"25";"3600";"15";"300";"0";"0";"0";"0";"0";"0";"A";"I"
"3367";"4";"1902";"CA";"flag-ca";"Creaci&oacute;n: 2017-12-06 15:20:39";"15";"3600";"10";"300";"0";"0";"0";"0";"0";"0";"A";"I"
"3325";"4";"1551";"US";"flag-us";"Creaci&oacute;n: 2017-11-10 13:25:23";"25";"3600";"15";"300";"0";"0";"0";"0";"0";"0";"A";"I"
"3284";"4";"1918";"US";"flag-us";"Creaci&oacute;n: 2017-10-17 00:40:19";"25";"3600";"15";"300";"0";"0";"0";"0";"0";"0";"A";"I"
"3275";"4";"1434";"US";"flag-us";"Creaci&oacute;n: 2017-10-10 15:50:30";"25";"3600";"15";"300";"0";"0";"0";"0";"0";"0";"A";"I"
"3272";"4";"1709";"CA";"flag-ca";"Creación: 2017-04-27 17:23:05";"25";"1200";"15";"1200";"0";"0";"0";"0";"0";"0";"A";"I"
"3280";"4";"1435";"US";"flag-us";"Creaci&oacute;n: 2017-10-13 21:40:24";"25";"3600";"15";"300";"0";"0";"0";"0";"0";"0";"A";"I"
"3270";"1";"1762";"US";"flag-us";"Creaci&oacute;n: 2017-10-07 02:20:41";"25";"5000";"15";"5000";"0";"0";"0";"0";"0";"0";"A";"I"
"3271";"4";"1306";"CA";"flag-ca";"Creaci&oacute;n: 2017-10-07 22:10:16";"25";"3600";"15";"300";"0";"0";"0";"0";"0";"0";"A";"I"
"3266";"2";"1850";"US";"flag-us";"Creaci&oacute;n: 2017-10-06 15:15:16";"25";"3600";"15";"300";"0";"0";"0";"0";"0";"0";"A";"I"
"3264";"2";"1831";"US";"flag-us";"Creaci&oacute;n: 2017-10-04 22:10:17";"25";"3600";"15";"300";"0";"0";"0";"0";"0";"0";"A";"I"
"3265";"2";"356";"MT";"flag-mt";"Creaci&oacute;n: 2017-10-05 13:45:24";"25";"3600";"15";"300";"0";"0";"0";"0";"0";"0";"A";"I"
"3263";"1";"1758";"LC";"flag-lc";"Creaci&oacute;n: 2017-10-04 17:22:23";"25";"5000";"15";"5000";"0";"0";"0";"0";"0";"0";"A";"I"
"3262";"4";"1807";"CA";"flag-ca";"Creación: 2017-10-02 23:00:31";"25";"3600";"15";"300";"0";"0";"0";"0";"0";"0";"A";"I"
"3260";"1";"357";"CY";"flag-cy";"Creaci&oacute;n: 2017-10-01 18:45:51";"25";"5000";"15";"5000";"0";"0";"0";"0";"0";"0";"A";"I"
"3378";"1";"81";"JP";"flag-jp";"Creaci&oacute;n: 2017-12-18 15:49:30";"25";"5000";"15";"5000";"0";"0";"0";"0";"0";"0";"A";"I"
"3375";"4";"1208";"US";"flag-us";"Creaci&oacute;n: 2017-12-16 15:30:36";"15";"3600";"10";"300";"0";"0";"0";"0";"0";"0";"A";"I"
"3381";"4";"1360";"US";"flag-us";"Creaci&oacute;n: 2017-12-19 01:15:51";"15";"3600";"10";"300";"0";"0";"0";"0";"0";"0";"A";"I"
"3373";"2";"351";"PT";"flag-pt";"Creaci&oacute;n: 2017-12-12 06:20:31";"25";"3600";"15";"300";"0";"0";"0";"0";"0";"0";"A";"I"
"3368";"1";"1737";"US";"flag-us";"Creaci&oacute;n: 2017-12-09 19:17:07";"25";"5000";"15";"5000";"0";"0";"0";"0";"0";"0";"A";"I"
"3372";"2";"1473";"GD";"flag-gd";"Creaci&oacute;n: 2017-12-12 05:00:57";"25";"3600";"15";"300";"0";"0";"0";"0";"0";"0";"A";"I"
"2462";"2";"1470";"US";"flag-us";"Creaci&oacute;n: 2017-07-21 20:30:28";"25";"3600";"15";"300";"0";"0";"0";"0";"0";"0";"A";"I"
"3329";"2";"1270";"US";"flag-us";"Creaci&oacute;n: 2017-11-13 15:40:21";"25";"3600";"15";"300";"0";"0";"0";"0";"0";"0";"A";"I"
"3328";"4";"1586";"US";"flag-us";"Creaci&oacute;n: 2017-11-13 14:35:30";"25";"3600";"15";"300";"0";"0";"0";"0";"0";"0";"A";"I"
"3326";"4";"1361";"US";"flag-us";"Creaci&oacute;n: 2017-11-10 19:15:27";"25";"3600";"15";"300";"0";"0";"0";"0";"0";"0";"A";"I"
"5568";"5";"259";"TZ";"flag-tz";;"25";"5000";"15";"5000";"0";"0";NULL;NULL;NULL;NULL;"A";"B"
"3242";"4";"1470";"US";"flag-us";"Creaci&oacute;n: 2017-10-01 06:12:12";"25";"3600";"15";"300";"0";"0";"0";"0";"0";"0";"A";"I"
"3241";"4";"10";"US";"flag-us";"Creaci&oacute;n: 2017-10-01 06:12:03";"25";"3600";"15";"300";"0";"0";"0";"0";"0";"0";"A";"I"
"3238";"4";"1207";"US";"flag-us";"Creaci&oacute;n: 2017-09-29 23:00:17";"25";"3600";"15";"300";"0";"0";"0";"0";"0";"0";"A";"I"
"3237";"1";"1316";"US";"flag-us";"Creación: 2017-09-27 17:47:05";"25";"7000";"15";"7000";"0";"0";"0";"0";"0";"0";"A";"I"
"3233";"1";"964";"IQ";"flag-iq";"Creaci&oacute;n: 2017-09-25 23:46:38";"25";"5000";"15";"5000";"0";"0";"0";"0";"0";"0";"A";"I"
"3232";"4";"1956";"US";"flag-us";"Creaci&oacute;n: 2017-09-25 20:55:33";"25";"3600";"15";"300";"0";"0";"0";"0";"0";"0";"A";"I"
"3236";"1";"1859";"US";"flag-us";"Creaci&oacute;n: 2017-09-27 15:27:13";"25";"5000";"15";"5000";"0";"0";"0";"0";"0";"0";"A";"I"
"3230";"4";"1574";"US";"flag-us";"Creaci&oacute;n: 2017-09-25 18:20:18";"25";"3600";"15";"300";"0";"0";"0";"0";"0";"0";"A";"I"
"3239";"4";"1239";"US";"flag-us";"Creaci&oacute;n: 2017-09-30 15:20:16";"25";"3600";"15";"300";"0";"0";"0";"0";"0";"0";"A";"I"
"3234";"1";"66";"TH";"flag-th";"Creaci&oacute;n: 2017-09-26 23:17:06";"25";"5000";"15";"5000";"0";"0";"0";"0";"0";"0";"A";"I"
"3229";"1";"1662";"US";"flag-us";"Creaci&oacute;n: 2017-09-25 17:38:03";"25";"5000";"15";"5000";"0";"0";"0";"0";"0";"0";"A";"I"
"3227";"1";"1284";"VG";"flag-vg";"Creaci&oacute;n: 2017-09-24 22:05:45";"25";"5000";"15";"5000";"0";"0";"0";"0";"0";"0";"A";"I"
"3226";"4";"232";"SL";"flag-sl";"Creación: 2017-09-23 01:25:23";"15";"900";"5";"300";"0";"0";"0";"0";"0";"0";"A";"N"
"3224";"4";"1571";"US";"flag-us";"Creaci&oacute;n: 2017-09-22 16:05:24";"25";"3600";"15";"300";"0";"0";"0";"0";"0";"0";"A";"I"
"3225";"4";"598";"UY";"flag-uy";"Creación: 2016-05-10 13:45:44";"25";"3200";"15";"3200";"0";"0";"0";"0";"0";"0";"A";"N"
"3228";"1";"1264";"AI";"flag-ai";"Creaci&oacute;n: 2017-09-24 22:15:52";"25";"5000";"15";"5000";"0";"0";"0";"0";"0";"0";"A";"I"
"3223";"1";"265";"MW";"flag-mw";"Creaci&oacute;n: 2017-09-21 23:17:04";"25";"5000";"15";"5000";"0";"0";"0";"0";"0";"0";"A";"I"
"3222";"1";"1869";"KN";"flag-kn";"Creaci&oacute;n: 2017-09-21 20:57:53";"25";"5000";"15";"5000";"0";"0";"0";"0";"0";"0";"A";"I"
"3221";"1";"1575";"US";"flag-us";"Creaci&oacute;n: 2017-09-21 20:57:31";"25";"5000";"15";"5000";"0";"0";"0";"0";"0";"0";"A";"I"
"3220";"4";"1636";"US";"flag-us";"Creaci&oacute;n: 2017-09-21 00:35:20";"25";"3600";"15";"300";"0";"0";"0";"0";"0";"0";"A";"I"
"3217";"4";"1907";"US";"flag-us";"Creaci&oacute;n: 2017-09-19 18:05:36";"25";"3600";"15";"300";"0";"0";"0";"0";"0";"0";"A";"I"
"3219";"4";"1985";"US";"flag-us";"Creaci&oacute;n: 2017-09-19 21:35:37";"25";"3600";"15";"300";"0";"0";"0";"0";"0";"0";"A";"I"
"3235";"1";"354";"IS";"flag-is";"Creaci&oacute;n: 2017-09-27 06:00:24";"25";"5000";"15";"5000";"0";"0";"0";"0";"0";"0";"A";"I"
"3214";"1";"240";"GQ";"flag-gq";"Creaci&oacute;n: 2017-09-18 19:37:54";"25";"5000";"15";"5000";"0";"0";"0";"0";"0";"0";"A";"I"
"3216";"1";"1669";"US";"flag-us";"Creación: 2017-09-19 16:28:13";"25";"12000";"15";"12000";"0";"0";"0";"0";"0";"0";"A";"I"
"3210";"4";"33";"FR";"flag-fr";"Creación: 2016-05-31 14:31:51";"15";"3600";"15";"3600";"0";"0";"0";"0";"0";"0";"A";"N"
"3211";"4";"1601";"US";"flag-us";"Creaci&oacute;n: 2017-09-15 19:35:18";"25";"3600";"15";"300";"0";"0";"0";"0";"0";"0";"A";"I"
"3209";"4";"1618";"US";"flag-us";"Creaci&oacute;n: 2017-09-14 19:10:24";"25";"3600";"15";"300";"0";"0";"0";"0";"0";"0";"A";"I"
"3212";"4";"1845";"US";"flag-us";"Creaci&oacute;n: 2017-09-18 10:55:12";"25";"3600";"15";"300";"0";"0";"0";"0";"0";"0";"A";"I"
"3213";"4";"1570";"US";"flag-us";"Creaci&oacute;n: 2017-09-18 17:00:25";"25";"3600";"15";"300";"0";"0";"0";"0";"0";"0";"A";"I"
"3206";"4";"1502";"US";"flag-us";"Creaci&oacute;n: 2017-09-13 21:35:21";"25";"3600";"15";"300";"0";"0";"0";"0";"0";"0";"A";"I"
"3208";"1";"1308";"US";"flag-us";"Creaci&oacute;n: 2017-09-14 16:23:08";"25";"5000";"15";"5000";"0";"0";"0";"0";"0";"0";"A";"I"
"3204";"4";"1715";"US";"flag-us";"Creaci&oacute;n: 2017-09-13 16:25:21";"25";"3600";"15";"300";"0";"0";"0";"0";"0";"0";"A";"I"
"3202";"1";"64";"NZ";"flag-nz";"Creaci&oacute;n: 2017-09-12 23:17:45";"25";"5000";"15";"5000";"0";"0";"0";"0";"0";"0";"A";"I"
"3201";"4";"1508";"US";"flag-us";"Creaci&oacute;n: 2017-09-12 21:15:22";"25";"3600";"15";"300";"0";"0";"0";"0";"0";"0";"A";"I"
"2512";"2";"1812";"US";"flag-us";"Creaci&oacute;n: 2017-07-21 21:05:33";"25";"3600";"15";"300";"0";"0";"0";"0";"0";"0";"A";"I"
"3207";"1";"1269";"US";"flag-us";"Creaci&oacute;n: 2017-09-13 21:57:42";"25";"5000";"15";"5000";"0";"0";"0";"0";"0";"0";"A";"I"
"3205";"4";"1346";"US";"flag-us";"Creaci&oacute;n: 2017-09-13 18:10:19";"25";"3600";"15";"300";"0";"0";"0";"0";"0";"0";"A";"I"
"3200";"4";"1406";"US";"flag-us";"Creaci&oacute;n: 2017-09-12 19:40:19";"25";"3600";"15";"300";"0";"0";"0";"0";"0";"0";"A";"I"
"3203";"1";"1906";"US";"flag-us";"Creaci&oacute;n: 2017-09-13 14:22:11";"25";"5000";"15";"5000";"0";"0";"0";"0";"0";"0";"A";"I"
"3193";"4";"1904";"US";"flag-us";"Creaci&oacute;n: 2017-09-11 16:45:21";"25";"3600";"15";"300";"0";"0";"0";"0";"0";"0";"A";"I"
"3199";"4";"1424";"US";"flag-us";"Creación: 2017-04-27 15:47:52";"25";"3600";"15";"3600";"0";"0";"0";"0";"0";"0";"A";"I"
"3195";"4";"1337";"US";"flag-us";"Creaci&oacute;n: 2017-09-11 19:10:14";"25";"3600";"15";"300";"0";"0";"0";"0";"0";"0";"A";"I"
"3198";"4";"1559";"US";"flag-us";"Creaci&oacute;n: 2017-09-12 17:00:21";"25";"3600";"15";"300";"0";"0";"0";"0";"0";"0";"A";"I"
"3152";"4";"1915";"US";"flag-us";"Creaci&oacute;n: 2017-09-01 14:35:20";"25";"3600";"15";"300";"0";"0";"0";"0";"0";"0";"A";"I"
"3128";"4";"1641";"US";"flag-us";"Creaci&oacute;n: 2017-08-17 21:50:19";"25";"3600";"15";"300";"0";"0";"0";"0";"0";"0";"A";"I"
"3125";"4";"1425";"US";"flag-us";"Creaci&oacute;n: 2017-08-17 17:45:22";"25";"3600";"15";"300";"0";"0";"0";"0";"0";"0";"A";"I"
"3095";"4";"1802";"US";"flag-us";"Creaci&oacute;n: 2017-08-11 17:50:24";"25";"3600";"15";"300";"0";"0";"0";"0";"0";"0";"A";"I"
"3129";"4";"1910";"US";"flag-us";"Creaci&oacute;n: 2017-08-18 15:10:19";"25";"3600";"15";"300";"0";"0";"0";"0";"0";"0";"A";"I"
"3096";"1";"1339";"US";"flag-us";"Creaci&oacute;n: 2017-08-11 18:37:38";"25";"5000";"15";"5000";"0";"0";"0";"0";"0";"0";"A";"I"
"3123";"4";"216";"TN";"flag-tn";"Creaci&oacute;n: 2017-08-16 23:15:30";"25";"3600";"15";"300";"0";"0";"0";"0";"0";"0";"A";"I"
"3122";"1";"269";"KM";"flag-km";"Creaci&oacute;n: 2017-08-16 22:22:55";"25";"5000";"15";"5000";"0";"0";"0";"0";"0";"0";"A";"I"
"3120";"4";"1330";"US";"flag-us";"Creaci&oacute;n: 2017-08-16 19:50:25";"25";"3600";"15";"300";"0";"0";"0";"0";"0";"0";"A";"I"
"3124";"4";"355";"AL";"flag-al";"Creaci&oacute;n: 2017-08-17 00:00:29";"25";"3600";"15";"300";"0";"0";"0";"0";"0";"0";"A";"I"
"3097";"4";"1216";"US";"flag-us";"Creaci&oacute;n: 2017-08-11 21:25:21";"25";"3600";"15";"300";"0";"0";"0";"0";"0";"0";"A";"I"
"3098";"4";"592";"GY";"flag-gy";"Solicitado por Nissim";"8";"3000";"8";"3000";"0";"0";"0";"0";"0";"0";"A";"N"
"3100";"1";"1903";"US";"flag-us";"Creaci&oacute;n: 2017-08-12 06:20:28";"25";"5000";"15";"5000";"0";"0";"0";"0";"0";"0";"A";"I"
"3099";"4";"1849";"DO";"flag-do";"Creaci&oacute;n: 2017-08-12 00:50:17";"25";"3600";"15";"300";"0";"0";"0";"0";"0";"0";"A";"I"
"3101";"4";"1443";"US";"flag-us";"Creaci&oacute;n: 2017-08-12 13:40:11";"25";"3600";"15";"300";"0";"0";"0";"0";"0";"0";"A";"I"
"3118";"4";"1860";"US";"flag-us";"Creaci&oacute;n: 2017-08-15 22:35:25";"25";"3600";"15";"300";"0";"0";"0";"0";"0";"0";"A";"I"
"3119";"4";"1856";"US";"flag-us";"Creaci&oacute;n: 2017-08-16 14:30:25";"25";"3600";"15";"300";"0";"0";"0";"0";"0";"0";"A";"I"
"3115";"4";"1231";"US";"flag-us";"Creaci&oacute;n: 2017-08-15 15:15:19";"25";"3600";"15";"300";"0";"0";"0";"0";"0";"0";"A";"I"
"3112";"4";"1410";"US";"flag-us";"Creaci&oacute;n: 2017-08-14 20:45:20";"25";"3600";"15";"300";"0";"0";"0";"0";"0";"0";"A";"I"
"3111";"4";"1340";"VI";"flag-vi";"Creación: 2017-05-30 21:42:39";"7";"1000";"7";"1000";"0";"0";"0";"0";"0";"0";"A";"N"
"3116";"4";"1507";"US";"flag-us";"Creaci&oacute;n: 2017-08-15 15:20:19";"25";"3600";"15";"300";"0";"0";"0";"0";"0";"0";"A";"I"
"3110";"4";"1413";"US";"flag-us";"Creaci&oacute;n: 2017-08-14 17:25:19";"25";"3600";"15";"300";"0";"0";"0";"0";"0";"0";"A";"I"
"3113";"4";"1402";"US";"flag-us";"Creaci&oacute;n: 2017-08-15 00:45:15";"25";"3600";"15";"300";"0";"0";"0";"0";"0";"0";"A";"I"
"3109";"4";"1262";"US";"flag-us";"Creaci&oacute;n: 2017-08-14 17:00:19";"25";"3600";"15";"300";"0";"0";"0";"0";"0";"0";"A";"I"
"3103";"4";"357";"CY";"flag-cy";"Creaci&oacute;n: 2017-08-13 13:15:11";"25";"3600";"15";"300";"0";"0";"0";"0";"0";"0";"A";"I"
"3102";"4";"1509";"US";"flag-us";"Creaci&oacute;n: 2017-08-12 20:45:15";"25";"3600";"15";"300";"0";"0";"0";"0";"0";"0";"A";"I"
"3104";"4";"1843";"US";"flag-us";"Creaci&oacute;n: 2017-08-14 02:55:12";"25";"3600";"15";"300";"0";"0";"0";"0";"0";"0";"A";"I"
"3108";"1";"1939";"PR";"flag-pr";"Creaci&oacute;n: 2017-08-14 16:23:26";"25";"5000";"15";"5000";"0";"0";"0";"0";"0";"0";"A";"I"
"2561";"2";"1876";"JM";"flag-jm";"Creacion manual";"65";"9000";"25";"3600";"0";"0";"0";"0";"0";"0";"A";"N"
"3218";"4";"1952";"US";"flag-us";"Creación: 2017-05-01 15:56:33";"25";"700";"15";"300";"0";"0";"0";"0";"0";"0";"A";"I"
"3150";"4";"1450";"CA";"flag-ca";"Creaci&oacute;n: 2017-08-31 20:20:19";"25";"3600";"15";"300";"0";"0";"0";"0";"0";"0";"A";"I"
"3151";"1";"1580";"US";"flag-us";"Creaci&oacute;n: 2017-09-01 14:32:22";"25";"5000";"15";"5000";"0";"0";"0";"0";"0";"0";"A";"I"
"3147";"4";"1541";"US";"flag-us";"Creaci&oacute;n: 2017-08-31 18:25:21";"25";"3600";"15";"300";"0";"0";"0";"0";"0";"0";"A";"I"
"3146";"4";"1775";"US";"flag-us";"Creaci&oacute;n: 2017-08-31 15:45:19";"25";"3600";"15";"300";"0";"0";"0";"0";"0";"0";"A";"I"
"3149";"4";"1925";"US";"flag-us";"Creaci&oacute;n: 2017-08-31 19:35:22";"25";"3600";"15";"300";"0";"0";"0";"0";"0";"0";"A";"I"
"3144";"4";"1412";"US";"flag-us";"Creaci&oacute;n: 2017-08-31 02:15:11";"25";"3600";"15";"300";"0";"0";"0";"0";"0";"0";"A";"I"
"3143";"4";"1605";"US";"flag-us";"Creación: 2017-04-26 16:08:01";"25";"10000";"15";"300";"0";"0";"0";"0";"0";"0";"A";"I"
"3145";"4";"1857";"US";"flag-us";"Creaci&oacute;n: 2017-08-31 03:00:12";"25";"3600";"15";"300";"0";"0";"0";"0";"0";"0";"A";"I"
"3137";"4";"1610";"US";"flag-us";"Creación: 2017-04-28 21:08:01";"25";"10000";"25";"300";"0";"0";"0";"0";"0";"0";"A";"N"
"3140";"4";"54";"AR";"flag-ar";"Creación: 2017-06-01 16:20:40";"40";"7000";"30";"5000";"0";"0";"0";"0";"0";"0";"A";"N"
"3142";"1";"1563";"US";"flag-us";"Creaci&oacute;n: 2017-08-30 17:18:49";"25";"5000";"15";"5000";"0";"0";"0";"0";"0";"0";"A";"I"
"3138";"1";"1413";"US";"flag-us";"Creaci&oacute;n: 2017-08-29 17:28:13";"25";"5000";"15";"5000";"0";"0";"0";"0";"0";"0";"A";"I"
"3139";"4";"354";"IS";"flag-is";"Creaci&oacute;n: 2017-08-29 20:45:27";"25";"3600";"15";"300";"0";"0";"0";"0";"0";"0";"A";"I"
"3133";"4";"1520";"US";"flag-us";"Creaci&oacute;n: 2017-08-18 21:40:17";"25";"3600";"15";"300";"0";"0";"0";"0";"0";"0";"A";"I"
"3135";"1";"1306";"CA";"flag-ca";"Creaci&oacute;n: 2017-08-18 21:47:35";"25";"5000";"15";"5000";"0";"0";"0";"0";"0";"0";"A";"I"
"3141";"4";"1623";"US";"flag-us";"Creaci&oacute;n: 2017-08-30 16:45:18";"25";"3600";"15";"300";"0";"0";"0";"0";"0";"0";"A";"I"
"3136";"4";"1319";"US";"flag-us";"Creaci&oacute;n: 2017-08-18 22:25:12";"25";"3600";"15";"300";"0";"0";"0";"0";"0";"0";"A";"I"
"3132";"4";"1831";"US";"flag-us";"Creaci&oacute;n: 2017-08-18 21:35:19";"25";"3600";"15";"300";"0";"0";"0";"0";"0";"0";"A";"I"
"3131";"1";"1473";"GD";"flag-gd";"Creaci&oacute;n: 2017-08-18 17:28:01";"25";"5000";"15";"5000";"0";"0";"0";"0";"0";"0";"A";"I"
"3058";"1";"246";"IO";"flag-io";"Creaci&oacute;n: 2017-08-05 16:41:42";"25";"5000";"15";"5000";"0";"0";"0";"0";"0";"0";"A";"I"
"3059";"4";"1609";"US";"flag-us";"Creación: 2017-06-04 23:35:07";"25";"3600";"15";"3600";"0";"0";"0";"0";"0";"0";"A";"I"
"3083";"4";"244";"AO";"flag-ao";"Creaci&oacute;n: 2017-08-09 00:20:41";"25";"3600";"15";"300";"0";"0";"0";"0";"0";"0";"A";"I"
"3060";"4";"593";"EC";"flag-ec";"Creación: 2017-06-01 01:30:15";"25";"4000";"15";"3600";"0";"0";"0";"0";"0";"0";"A";"I"
"3084";"4";"591";"BO";"flag-bo";"Creación: 2017-08-09 00:25:41";"8";"7200";"8";"7200";"0";"0";"0";"0";"0";"0";"A";"N"
"3082";"4";"213";"DZ";"flag-dz";"Creación: 2017-08-09 00:20:36";"15";"900";"5";"300";"0";"0";"0";"0";"0";"0";"A";"B"
"3062";"4";"1510";"US";"flag-us";"Creaci&oacute;n: 2017-08-06 17:50:13";"25";"3600";"15";"300";"0";"0";"0";"0";"0";"0";"A";"I"
"3063";"4";"1989";"US";"flag-us";"Creación: 2017-05-01 05:20:23";"25";"3600";"15";"3600";"0";"0";"0";"0";"0";"0";"A";"I"
"3079";"4";"501";"BZ";"flag-bz";"Actualizado 28/05/2020";"1";"60";"1";"60";"0";"0";"0";"0";"0";"0";"A";"N"
"3064";"4";"1254";"US";"flag-us";"Creaci&oacute;n: 2017-08-07 12:40:10";"25";"3600";"15";"300";"0";"0";"0";"0";"0";"0";"A";"I"
"3067";"1";"1405";"US";"flag-us";"Creación: 2017-07-03 17:40:13";"25";"3600";"15";"3600";"0";"0";"0";"0";"0";"0";"A";"I"
"3080";"1";"1325";"US";"flag-us";"Creaci&oacute;n: 2017-08-08 22:17:34";"25";"5000";"15";"5000";"0";"0";"0";"0";"0";"0";"A";"I"
"3068";"1";"251";"ET";"flag-et";"Creaci&oacute;n: 2017-08-07 18:17:54";"25";"5000";"15";"5000";"0";"0";"0";"0";"0";"0";"A";"I"
"3073";"4";"1252";"US";"flag-us";"Creaci&oacute;n: 2017-08-08 15:55:15";"25";"3600";"15";"300";"0";"0";"0";"0";"0";"0";"A";"I"
"2621";"2";"1754";"US";"flag-us";"Creaci&oacute;n: 2017-07-22 00:45:14";"25";"3600";"15";"300";"0";"0";"0";"0";"0";"0";"A";"I"
"3086";"4";"852";"HK";"flag-hk ";"Creación: 2016-05-17 22:31:49";"25";"700";"15";"700";"0";"0";"0";"0";"0";"0";"A";"N"
"3085";"4";"1717";"US";"flag-us";"Creaci&oacute;n: 2017-08-09 13:40:12";"25";"3600";"15";"300";"0";"0";"0";"0";"0";"0";"A";"I"
"3054";"4";"1248";"US";"flag-us";"Creaci&oacute;n: 2017-08-04 20:25:17";"25";"3600";"15";"300";"0";"0";"0";"0";"0";"0";"A";"I"
"3052";"1";"853";"MO";"flag-mo";"Creaci&oacute;n: 2017-08-04 16:18:21";"25";"5000";"15";"5000";"0";"0";"0";"0";"0";"0";"A";"I"
"3050";"4";"1602";"US";"flag-us";"Creaci&oacute;n: 2017-08-03 20:55:20";"25";"3600";"15";"300";"0";"0";"0";"0";"0";"0";"A";"I"
"3049";"4";"1626";"US";"flag-us";"Creaci&oacute;n: 2017-08-03 19:40:15";"25";"3600";"15";"300";"0";"0";"0";"0";"0";"0";"A";"I"
"2909";"4";"1516";"US";"flag-us";"Creaci&oacute;n: 2017-07-24 14:50:20";"25";"3600";"15";"300";"0";"0";"0";"0";"0";"0";"A";"I"
"2917";"4";"1407";"US";"flag-us";"Creación: 2017-06-01 20:25:11";"25";"3600";"15";"3600";"0";"0";"0";"0";"0";"0";"A";"I"
"2929";"4";"1314";"US";"flag-us";"Creaci&oacute;n: 2017-07-24 19:10:11";"25";"3600";"15";"300";"0";"0";"0";"0";"0";"0";"A";"I"
"2913";"4";"1704";"US";"flag-us";"Creaci&oacute;n: 2017-07-24 15:50:20";"25";"3600";"15";"300";"0";"0";"0";"0";"0";"0";"A";"I"
"3047";"1";"1660";"US";"flag-us";"Creaci&oacute;n: 2017-08-03 18:47:16";"25";"5000";"15";"5000";"0";"0";"0";"0";"0";"0";"A";"I"
"2911";"4";"1703";"US";"flag-us";"Creaci&oacute;n: 2017-07-24 15:35:22";"25";"3600";"15";"300";"0";"0";"0";"0";"0";"0";"A";"I"
"2912";"4";"1214";"US";"flag-us";"Creación: 2017-06-21 14:30:11";"25";"3600";"15";"3600";"0";"0";"0";"0";"0";"0";"A";"I"
"2914";"4";"1303";"US";"flag-us";"Creaci&oacute;n: 2017-07-24 16:00:19";"25";"3600";"15";"300";"0";"0";"0";"0";"0";"0";"A";"I"
"2919";"4";"1215";"US";"flag-us";"Creaci&oacute;n: 2017-07-24 17:00:17";"25";"3600";"15";"300";"0";"0";"0";"0";"0";"0";"A";"I"
"2915";"4";"1562";"US";"flag-us";"Creaci&oacute;n: 2017-07-24 16:10:22";"25";"3600";"15";"300";"0";"0";"0";"0";"0";"0";"A";"I"
"2918";"4";"1912";"US";"flag-us";"Creaci&oacute;n: 2017-07-24 16:50:26";"25";"3600";"15";"300";"0";"0";"0";"0";"0";"0";"A";"I"
"2916";"4";"1202";"US";"flag-us";"Creaci&oacute;n: 2017-07-24 16:20:20";"25";"3600";"15";"300";"0";"0";"0";"0";"0";"0";"A";"I"
"3045";"4";"41";"CH";"flag-ch";"Creaci&oacute;n: 2017-08-03 16:25:31";"25";"3600";"15";"300";"0";"0";"0";"0";"0";"0";"A";"I"
"3042";"4";"1631";"US";"flag-us";"Creación: 2017-06-02 18:40:10";"25";"3600";"15";"3600";"0";"0";"0";"0";"0";"0";"A";"I"
"2920";"4";"1608";"US";"flag-us";"Creaci&oacute;n: 2017-07-24 17:00:22";"25";"3600";"15";"300";"0";"0";"0";"0";"0";"0";"A";"I"
"2921";"4";"1409";"US";"flag-us";"Creaci&oacute;n: 2017-07-24 17:05:24";"25";"3600";"15";"300";"0";"0";"0";"0";"0";"0";"A";"I"
"2923";"4";"1786";"US";"flag-us";"Creación: 2017-06-01 01:20:06";"200";"20000";"200";"20000";"0";"0";"0";"0";"0";"0";"A";"N"
"3043";"1";"267";"BW";"flag-bw";"Creaci&oacute;n: 2017-08-03 15:08:06";"25";"5000";"15";"5000";"0";"0";"0";"0";"0";"0";"A";"I"
"5563";"5";"254";"KE";"flag-ke";;"25";"5000";"15";"5000";"0";"0";NULL;NULL;NULL;NULL;"A";"B"
"3039";"4";"1315";"US";"flag-us";"Creaci&oacute;n: 2017-08-02 18:30:13";"25";"3600";"15";"300";"0";"0";"0";"0";"0";"0";"A";"I"
"3028";"4";"1716";"US";"flag-us";"Creaci&oacute;n: 2017-08-01 17:00:19";"25";"3600";"15";"300";"0";"0";"0";"0";"0";"0";"A";"I"
"3026";"1";"1260";"US";"flag-us";"Creaci&oacute;n: 2017-08-01 16:23:08";"25";"5000";"15";"5000";"0";"0";"0";"0";"0";"0";"A";"I"
"2924";"4";"1669";"US";"flag-us";"Creación: 2017-09-19 16:28:13";"25";"12000";"15";"12000";"0";"0";"0";"0";"0";"0";"A";"I"
"2925";"4";"91";"IN";"flag-in";"Creación: 2016-05-17 22:01:40";"9";"3600";"9";"3600";"0";"0";"0";"0";"0";"0";"A";"N"
"2927";"4";"1713";"US";"flag-us";"Creación: 2017-06-23 17:00:19";"25";"3600";"15";"3600";"0";"0";"0";"0";"0";"0";"A";"I"
"2926";"4";"1480";"US";"flag-us";"Creaci&oacute;n: 2017-07-24 18:45:16";"25";"3600";"15";"300";"0";"0";"0";"0";"0";"0";"A";"I"
"2930";"4";"1302";"US";"flag-us";"Creaci&oacute;n: 2017-07-24 19:20:13";"25";"3600";"15";"300";"0";"0";"0";"0";"0";"0";"A";"I"
"2928";"4";"51";"PE";"flag-pe";"Creación: 2017-07-24 18:45:28";"800";"15000";"800";"15000";"0";"0";"0";"0";"0";"0";"A";"N"
"3038";"4";"1267";"US";"flag-us";"Creaci&oacute;n: 2017-08-02 18:30:09";"25";"3600";"15";"300";"0";"0";"0";"0";"0";"0";"A";"I"
"3034";"4";"971";"AE";"flag-ae";"Creaci&oacute;n: 2017-08-01 22:50:22";"25";"3600";"15";"300";"0";"0";"0";"0";"0";"0";"A";"I"
"3035";"4";"1785";"US";"flag-us";"Creaci&oacute;n: 2017-08-02 00:25:15";"25";"3600";"15";"300";"0";"0";"0";"0";"0";"0";"A";"I"
"3037";"4";"1530";"US";"flag-us";"Creaci&oacute;n: 2017-08-02 05:05:08";"25";"3600";"15";"300";"0";"0";"0";"0";"0";"0";"A";"I"
"3036";"4";"1242";"BA";"flag-ba";"Creación: 2017-04-26 20:37:48";"25";"3600";"15";"3600";"0";"0";"0";"0";"0";"0";"A";"I"
"2931";"4";"509";"HT";"flag-ht";"Creación: 2016-07-28 09:00:19";"6";"3600";"6";"3600";"0";"0";"0";"0";"0";"0";"A";"N"
"3030";"4";"1770";"US";"flag-us";"Creaci&oacute;n: 2017-08-01 20:00:15";"25";"3600";"15";"300";"0";"0";"0";"0";"0";"0";"A";"I"
"2932";"4";"1829";"US";"flag-us";"Creación: 2017-04-25 14:32:35";"300";"10000";"300";"10000";"0";"0";"0";"0";"0";"0";"A";"I"
"2933";"4";"504";"HN";"flag-hn";"Creación: 2017-05-31 23:10:13";"10";"4000";"10";"4000";"0";"0";"0";"0";"0";"0";"A";"N"
"3075";"4";"1408";"US";"flag-us";"Creaci&oacute;n: 2017-08-08 18:10:25";"25";"3600";"15";"300";"0";"0";"0";"0";"0";"0";"A";"I"
"3033";"1";"1228";"US";"flag-us";"Creaci&oacute;n: 2017-08-01 20:52:45";"25";"5000";"15";"5000";"0";"0";"0";"0";"0";"0";"A";"I"
"3029";"4";"1518";"US";"flag-us";"Creación: 2017-05-01 01:36:07";"25";"1000";"15";"1000";"0";"0";"0";"0";"0";"0";"A";"I"
"3027";"1";"1785";"US";"flag-us";"Creaci&oacute;n: 2017-08-01 16:48:36";"25";"5000";"15";"5000";"0";"0";"0";"0";"0";"0";"A";"I"
"2936";"4";"1312";"US";"flag-us";"Creación: 2017-06-21 22:15:12";"200";"20000";"200";"20000";"0";"0";"0";"0";"0";"0";"A";"N"
"2934";"4";"1615";"US";"flag-us";"Creaci&oacute;n: 2017-07-24 21:00:19";"25";"3600";"15";"300";"0";"0";"0";"0";"0";"0";"A";"I"
"2935";"4";"1828";"US";"flag-us";"Creaci&oacute;n: 2017-07-24 21:15:22";"25";"3600";"15";"300";"0";"0";"0";"0";"0";"0";"A";"I"
"3032";"4";"1617";"US";"flag-us";"Creaci&oacute;n: 2017-08-01 20:40:14";"25";"3600";"15";"300";"0";"0";"0";"0";"0";"0";"A";"I"
"2938";"4";"1401";"US";"flag-us";"Creaci&oacute;n: 2017-07-24 22:20:16";"25";"3600";"15";"300";"0";"0";"0";"0";"0";"0";"A";"I"
"2937";"4";"503";"SV";"flag-sv";"Creación: 2017-05-31 23:10:10";"5000";"100000";"5000";"100000";"0";"0";"0";"0";"0";"0";"A";"N"
"3031";"1";"1806";"US";"flag-us";"Creaci&oacute;n: 2017-08-01 20:02:42";"25";"5000";"15";"5000";"0";"0";"0";"0";"0";"0";"A";"I"
"2939";"2";"1912";"US";"flag-us";"Creaci&oacute;n: 2017-07-24 16:45:58";"25";"3600";"15";"300";"0";"0";"0";"0";"0";"0";"A";"I"
"3022";"4";"1781";"US";"flag-us";"Creaci&oacute;n: 2017-07-31 19:25:15";"25";"3600";"15";"300";"0";"0";"0";"0";"0";"0";"A";"I"
"2954";"4";"1773";"US";"flag-us";"Creaci&oacute;n: 2017-07-25 20:00:14";"25";"3600";"15";"300";"0";"0";"0";"0";"0";"0";"A";"I"
"2950";"4";"1253";"US";"flag-us";"Creaci&oacute;n: 2017-07-25 16:55:11";"25";"3600";"15";"300";"0";"0";"0";"0";"0";"0";"A";"I"
"2940";"2";"1979";"US";"flag-us";"Creaci&oacute;n: 2017-07-24 18:15:48";"25";"3600";"15";"300";"0";"0";"0";"0";"0";"0";"A";"I"
"3021";"4";"1501";"US";"flag-us";"Creaci&oacute;n: 2017-07-31 16:05:17";"25";"3600";"15";"300";"0";"0";"0";"0";"0";"0";"A";"I"
"2941";"2";"1630";"US";"flag-us";"Creaci&oacute;n: 2017-07-24 18:20:34";"25";"3600";"15";"300";"0";"0";"0";"0";"0";"0";"A";"I"
"2942";"2";"1401";"US";"flag-us";"Creaci&oacute;n: 2017-07-24 18:35:21";"25";"3600";"15";"300";"0";"0";"0";"0";"0";"0";"A";"I"
"2952";"4";"1787";"PR";"flag-pr";"Creación: 2017-06-01 19:25:08";"25";"10000";"15";"10000";"0";"0";"0";"0";"0";"0";"A";"N"
"2951";"4";"55";"BR";"flag-br";"Creación: 2016-05-12 13:45:44";"30";"17500";"9";"3600";"0";"0";"0";"0";"0";"0";"A";"N"
"2947";"4";"1702";"US";"flag-us";"Creaci&oacute;n: 2017-07-25 14:30:11";"25";"3600";"15";"300";"0";"0";"0";"0";"0";"0";"A";"I"
"2944";"2";"1475";"US";"flag-us";"Creación: 2017-11-15 15:01:45";"25";"5000";"15";"5000";"0";"0";"0";"0";"0";"0";"A";"I"
"2953";"4";"1213";"US";"flag-us";"Creaci&oacute;n: 2017-07-25 19:25:08";"25";"3600";"15";"300";"0";"0";"0";"0";"0";"0";"A";"I"
"2943";"2";"509";"HT";"flag-ht";"Creación: 2016-07-28 09:00:19";"6";"3600";"6";"3600";"0";"0";"0";"0";"0";"0";"A";"N"
"2949";"4";"1949";"US";"flag-us";"Creaci&oacute;n: 2017-07-25 15:40:20";"25";"3600";"15";"300";"0";"0";"0";"0";"0";"0";"A";"I"
"2948";"4";"1757";"US";"flag-us";"Creaci&oacute;n: 2017-07-25 14:55:13";"25";"3600";"15";"300";"0";"0";"0";"0";"0";"0";"A";"I"
"2945";"4";"27";"ZA";"flag-za";"Creación: 2017-07-25 06:20:13";"10";"3600";"5";"300";"0";"0";"0";"0";"0";"0";"A";"N"
"2860";"4";"39";"IT";"flag-it";"Creación: 2017-07-22 17:10:13";"15";"3600";"10";"300";"0";"0";"0";"0";"0";"0";"A";"N"
"2859";"4";"507";"PA";"flag-pa";"Creación: 2017-05-31 23:10:18";"300";"8000";"300";"8000";"0";"0";"0";"0";"0";"0";"A";"I"
"2861";"4";"1514";"CA";"flag-ca";"Creaci&oacute;n: 2017-07-22 17:20:12";"25";"3600";"15";"300";"0";"0";"0";"0";"0";"0";"A";"I"
"2862";"4";"1647";"CA";"flag-ca";"Creación: 2017-04-28 18:27:48";"25";"4500";"15";"4500";"0";"0";"0";"0";"0";"0";"A";"I"
"2863";"4";"1727";"US";"flag-us";"Creaci&oacute;n: 2017-07-22 17:20:16";"25";"3600";"15";"300";"0";"0";"0";"0";"0";"0";"A";"I"
"2864";"4";"505";"NI";"flag-ni";"Actualizado 28/05/2020";"9";"2400";"9";"2400";"0";"0";"0";"0";"0";"0";"A";"N"
"2865";"4";"502";"GT";"flag-gt";"Actualizado 28/05/2020";"60";"13020";"60";"13020";"0";"0";"0";"0";"0";"0";"A";"N"
"2866";"4";"1808";"US";"flag-us";"Creaci&oacute;n: 2017-07-22 17:50:14";"25";"3600";"15";"300";"0";"0";"0";"0";"0";"0";"A";"I"
"2867";"4";"1619";"US";"flag-us";"Creación: 2017-05-05 16:13:19";"40";"5000";"40";"5000";"0";"0";"0";"0";"0";"0";"A";"I"
"2868";"4";"1336";"US";"flag-us";"Creaci&oacute;n: 2017-07-22 18:30:11";"25";"3600";"15";"300";"0";"0";"0";"0";"0";"0";"A";"I"
"2869";"4";"52";"MX";"flag-mx";"Actualizado 08-07-2017";"75";"15000";"75";"15000";"0";"0";"0";"0";"0";"0";"A";"N"
"2870";"4";"1210";"US";"flag-us";"Creaci&oacute;n: 2017-07-22 18:40:10";"25";"3600";"15";"300";"0";"0";"0";"0";"0";"0";"A";"I"
"2871";"4";"1720";"US";"flag-us";"Creación: 2017-04-28 21:13:08";"300";"20000";"15";"300";"0";"0";"0";"0";"0";"0";"A";"I"
"2873";"4";"1754";"US";"flag-us";"Creaci&oacute;n: 2017-07-22 19:25:10";"25";"3600";"15";"300";"0";"0";"0";"0";"0";"0";"A";"I"
"2872";"4";"1970";"US";"flag-us";"Creaci&oacute;n: 2017-07-22 19:10:17";"25";"3600";"15";"300";"0";"0";"0";"0";"0";"0";"A";"I"
"2874";"4";"1888";"US";"flag-us";"Creación: 2017-06-01 14:05:08";"100";"15000";"100";"7200";"0";"0";"0";"0";"0";"0";"A";"I"
"2875";"4";"1855";"US";"flag-us";"Creaci&oacute;n: 2017-07-22 19:55:14";"25";"3600";"15";"300";"0";"0";"0";"0";"0";"0";"A";"I"
"2876";"4";"1809";"DO";"flag-do";"Creación: 2017-04-26 16:58:03";"500";"20000";"500";"20000";"0";"0";"0";"0";"0";"0";"A";"N"
"2878";"4";"1801";"US";"flag-us";"Creaci&oacute;n: 2017-07-22 21:30:11";"25";"3600";"15";"300";"0";"0";"0";"0";"0";"0";"A";"I"
"2877";"4";"1575";"US";"flag-us";"Creaci&oacute;n: 2017-07-22 20:40:11";"25";"3600";"15";"300";"0";"0";"0";"0";"0";"0";"A";"I"
"2858";"4";"1866";"US";"flag-us";"Creación: 2017-06-01 18:05:18";"25";"15000";"15";"15000";"0";"0";"0";"0";"0";"0";"A";"I"
"2857";"4";"506";"CR";"flag-cr";"Creación: 2020-05-28 13:11:30";"1000";"100000";"1000";"100000";"0";"0";"0";"0";"0";"0";"A";"I"
"3094";"4";"1701";"US";"flag-us";"Creaci&oacute;n: 2017-08-11 15:30:20";"25";"3600";"15";"300";"0";"0";"0";"0";"0";"0";"A";"I"
"2879";"4";"1905";"US";"flag-us";"Creación: 2017-04-25 14:06:33";"30";"10000";"30";"300";"0";"0";"0";"0";"0";"0";"A";"I"
"3127";"4";"1519";"CA";"flag-ca";"Creaci&oacute;n: 2017-08-17 20:10:26";"25";"3600";"15";"300";"0";"0";"0";"0";"0";"0";"A";"I"
"3090";"4";"61";"AU";"flag-au";"Creaci&oacute;n: 2017-08-10 01:20:19";"25";"3600";"15";"300";"0";"0";"0";"0";"0";"0";"A";"I"
"3088";"4";"269";"KM";"flag-km";"Creaci&oacute;n: 2017-08-09 18:05:32";"25";"3600";"15";"300";"0";"0";"0";"0";"0";"0";"A";"I"
"3087";"4";"224";"GN";"flag-gn";"Creación: 2016-09-14 23:36:44";"25";"900";"15";"900";"0";"0";"0";"0";"0";"0";"A";"I"
"3057";"4";"1650";"US";"flag-us";"Creación: 2017-05-05 14:57:17";"25";"6000";"15";"6000";"0";"0";"0";"0";"0";"0";"A";"I"
"2883";"4";"1561";"US";"flag-us";"Creaci&oacute;n: 2017-07-23 14:00:08";"25";"3600";"15";"300";"0";"0";"0";"0";"0";"0";"A";"I"
"2882";"2";"1551";"US";"flag-us";"Creaci&oacute;n: 2017-07-22 19:55:17";"25";"3600";"15";"300";"0";"0";"0";"0";"0";"0";"A";"I"
"2885";"4";"1415";"US";"flag-us";"Creaci&oacute;n: 2017-07-23 14:10:07";"25";"3600";"15";"300";"0";"0";"0";"0";"0";"0";"A";"I"
"2886";"4";"1804";"US";"flag-us";"Creaci&oacute;n: 2017-07-23 14:25:11";"25";"3600";"15";"300";"0";"0";"0";"0";"0";"0";"A";"I"
"3056";"4";"242";"CG";"flag-cg";"Creación: 2017-08-05 02:55:12";"15";"900";"5";"300";"0";"0";"0";"0";"0";"0";"A";"B"
"2887";"4";"1305";"US";"flag-us";"Creación: 2017-06-01 01:10:05";"25";"10000";"25";"10000";"0";"0";"0";"0";"0";"0";"A";"I"
"2888";"4";"1858";"US";"flag-us";"Creaci&oacute;n: 2017-07-23 14:50:15";"25";"3600";"15";"300";"0";"0";"0";"0";"0";"0";"A";"I"
"2889";"4";"40";"RO";"flag-ro";"Creación: 2016-06-13 18:01:46";"25";"1200";"15";"1200";"0";"0";"0";"0";"0";"0";"A";"N"
"2890";"4";"1818";"US";"flag-us";"Creaci&oacute;n: 2017-07-23 16:05:12";"25";"3600";"15";"300";"0";"0";"0";"0";"0";"0";"A";"I"
"2891";"4";"1917";"US";"flag-us";"Creaci&oacute;n: 2017-07-23 16:10:13";"25";"3600";"15";"300";"0";"0";"0";"0";"0";"0";"A";"I"
"2892";"4";"31";"NL";"flag-nl";"Creación: 2017-05-31 23:00:06";"15";"3600";"5";"600";"0";"0";"0";"0";"0";"0";"A";"N"
"2893";"4";"1979";"US";"flag-us";"Creaci&oacute;n: 2017-07-23 16:25:19";"25";"3600";"15";"300";"0";"0";"0";"0";"0";"0";"A";"I"
"2894";"4";"1954";"US";"flag-us";"Creaci&oacute;n: 2017-07-23 17:30:13";"25";"3600";"15";"300";"0";"0";"0";"0";"0";"0";"A";"I"
"2895";"4";"1941";"US";"flag-us";"Creaci&oacute;n: 2017-07-23 18:30:11";"25";"3600";"15";"300";"0";"0";"0";"0";"0";"0";"A";"I"
"2897";"4";"1310";"US";"flag-us";"Creaci&oacute;n: 2017-07-23 19:00:07";"25";"3600";"15";"300";"0";"0";"0";"0";"0";"0";"A";"I"
"2896";"4";"1416";"CA";"flag-ca";"Creación: 2017-06-01 02:40:06";"25";"3600";"35";"3600";"0";"0";"0";"0";"0";"0";"A";"N"
"2898";"4";"1806";"US";"flag-us";"Creaci&oacute;n: 2017-07-23 21:10:07";"25";"3600";"15";"300";"0";"0";"0";"0";"0";"0";"A";"I"
"2899";"4";"1203";"US";"flag-us";"Creaci&oacute;n: 2017-07-23 21:40:08";"25";"3600";"15";"300";"0";"0";"0";"0";"0";"0";"A";"I"
"3055";"4";"44";"GB";"flag-gb";"Creación: 2017-06-01 17:20:18";"200";"40000";"200";"40000";"0";"0";"0";"0";"0";"0";"A";"N"
"2910";"4";"1323";"US";"flag-us";"Creaci&oacute;n: 2017-07-24 15:25:20";"25";"3600";"15";"300";"0";"0";"0";"0";"0";"0";"A";"I"
"2908";"4";"1732";"US";"flag-us";"Creaci&oacute;n: 2017-07-24 14:40:17";"25";"3600";"15";"300";"0";"0";"0";"0";"0";"0";"A";"I"
"2905";"4";"34";"ES";"flag-es";"Creación: 2017-05-31 23:05:07";"300";"3600";"300";"3600";"0";"0";"0";"0";"0";"0";"A";"I"
"2904";"4";"1404";"US";"flag-us";"Creaci&oacute;n: 2017-07-24 12:25:08";"25";"3600";"15";"300";"0";"0";"0";"0";"0";"0";"A";"I"
"2903";"2";"1519";"CA";"flag-ca";"Creación: 2017-06-21 17:50:11";"25";"3600";"15";"3600";"0";"0";"0";"0";"0";"0";"A";"N"
"2902";"4";"1240";"US";"flag-us";"Creaci&oacute;n: 2017-07-24 01:25:07";"25";"3600";"15";"300";"0";"0";"0";"0";"0";"0";"A";"I"
"2906";"4";"1515";"US";"flag-us";"Creaci&oacute;n: 2017-07-24 14:15:11";"25";"3600";"15";"300";"0";"0";"0";"0";"0";"0";"A";"I"
"3065";"4";"1318";"US";"flag-us";"Creaci&oacute;n: 2017-08-07 15:15:17";"25";"3600";"15";"300";"0";"0";"0";"0";"0";"0";"A";"I"
"2856";"4";"1973";"US";"flag-us";"Creaci&oacute;n: 2017-07-22 16:26:23";"25";"3600";"15";"300";"0";"0";"0";"0";"0";"0";"A";"I"
"2855";"4";"1877";"US";"flag-us";"Creación: 2017-04-25 14:57:27";"50";"15000";"50";"3600";"0";"0";"0";"0";"0";"0";"A";"I"
"2854";"4";"1800";"US";"flag-us";"Creación: 2017-06-01 05:15:04";"25";"8000";"15";"8000";"0";"0";"0";"0";"0";"0";"A";"I"
"5693";"5";"1330";"US";"flag-us";;"25";"10000";"15";"300";"0";"0";NULL;NULL;NULL;NULL;"A";"N"
"5696";"5";"1334";"US";"flag-us";;"25";"5000";"15";"5000";"0";"0";NULL;NULL;NULL;NULL;"A";"N"
"5692";"5";"1325";"US";"flag-us";;"25";"5000";"15";"5000";"0";"0";NULL;NULL;NULL;NULL;"A";"N"
"5429";"1";"1947";"SV";"flag-sv";"Creaci&oacute;n: 2022-03-31 12:15:36";"5";"300";"2";"600";"0";"0";NULL;NULL;NULL;NULL;"A";"I"
"5702";"5";"1345";"KY";"flag-ky";;"4";"1000";"4";"1000";"0";"0";NULL;NULL;NULL;NULL;"A";"N"
"5422";"1";"382";"US";"flag-us";"Creaci&oacute;n: 2022-03-23 12:00:36";"5";"300";"2";"600";"0";"0";NULL;NULL;NULL;NULL;"A";"I"
"5412";"1";"1365";"DO";"flag-do";"Creaci&oacute;n: 2022-03-03 09:15:32";"5";"300";"2";"600";"0";"0";NULL;NULL;NULL;NULL;"A";"I"
"5514";"5";"61";"AU";;;"25";"3600";"1";"60";"0";"0";NULL;NULL;NULL;NULL;"A";"N"
"5411";"1";"1725";"US";"flag-us";"Creaci&oacute;n: 2022-02-18 16:00:31";"5";"300";"2";"600";"0";"0";NULL;NULL;NULL;NULL;"A";"I"
"5515";"5";"62";"ID";;;"25";"5000";"1";"60";"0";"0";NULL;NULL;NULL;NULL;"A";"B"
"5507";"5";"53";"CU";"flag-cu";;"1";"15";"1";"15";"0";"0";NULL;NULL;NULL;NULL;"A";"B"
"5409";"1";"1272";"US";"flag-us";"Creaci&oacute;n: 2021-11-11 15:45:28";"5";"300";"2";"600";"0";"0";NULL;NULL;NULL;NULL;"A";"I"
"5533";"5";"122";"BE";"flag-be";;"5";"300";"2";"600";"0";"0";NULL;NULL;NULL;NULL;"A";"N"
"5406";"1";"164";"MX";"flag-mx";"Creaci&oacute;n: 2021-10-12 09:45:32";"5";"300";"2";"600";"0";"0";NULL;NULL;NULL;NULL;"A";"I"
"5408";"1";"1854";"US";"flag-us";"Creaci&oacute;n: 2021-10-27 15:45:30";"5";"300";"2";"600";"0";"0";NULL;NULL;NULL;NULL;"A";"I"
"5405";"1";"1548";"US";"flag-us";"Creaci&oacute;n: 2021-09-28 15:45:31";"5";"300";"2";"600";"0";"0";NULL;NULL;NULL;NULL;"A";"I"
"5511";"5";"57";"CO";;;"60";"15000";"1";"60";"0";"0";NULL;NULL;NULL;NULL;"A";"B"
"5561";"5";"252";"SO";"flag-so";;"25";"5000";"15";"5000";"0";"0";NULL;NULL;NULL;NULL;"A";"B"
"5509";"5";"55";"BR";;;"30";"17500";"1";"60";"0";"0";NULL;NULL;NULL;NULL;"A";"N"
"5402";"1";"295";"BE";"flag-be";"Creaci&oacute;n: 2021-05-27 15:15:43";"5";"300";"2";"600";"0";"0";NULL;NULL;NULL;NULL;"A";"I"
"5541";"5";"224";"GN";;;"25";"900";"1";"60";"0";"0";NULL;NULL;NULL;NULL;"A";"B"
"5513";"5";"60";"MY";;;"5";"3600";"1";"60";"0";"0";NULL;NULL;NULL;NULL;"A";"B"
"5536";"5";"216";"TU";;;"25";"300";"1";"60";"0";"0";NULL;NULL;NULL;NULL;"A";"N"
"5400";"3";"1833";"US";"flag-us";"Creaci&oacute;n: 2021-04-30 09:01:00";"5";"300";"2";"600";"0";"0";NULL;NULL;NULL;NULL;"A";"B"
"5540";"5";"223";"ML";;;"25";"5000";"1";"60";"0";"0";NULL;NULL;NULL;NULL;"A";"B"
"5399";"1";"1657";"US";"flag-us";"Creaci&oacute;n: 2021-04-29 06:45:18";"5";"300";"2";"600";"0";"0";NULL;NULL;NULL;NULL;"A";"I"
"5483";"5";"7";"KZ";;;"5";"3600";"1";"60";"0";"0";NULL;NULL;NULL;NULL;"A";"B"
"5526";"5";"82";"KR";;;"4";"3600";"1";"60";"0";"0";NULL;NULL;NULL;NULL;"A";"B"
"5548";"5";"234";"NG";"flag-ng";;"25";"5000";"15";"5000";"0";"0";NULL;NULL;NULL;NULL;"A";"B"
"5550";"5";"241";"GA";"flag-ga";;"25";"5000";"15";"5000";"0";"0";NULL;NULL;NULL;NULL;"A";"B"
"5535";"5";"212";"MA";;;"25";"5000";"1";"60";"0";"0";NULL;NULL;NULL;NULL;"A";"B"
"5552";"5";"243";"CD";"flag-cd";;"25";"5000";"15";"5000";"0";"0";NULL;NULL;NULL;NULL;"A";"B"
"5397";"1";"1670";"MP";"flag-mp";"Creaci&oacute;n: 2021-03-02 19:30:18";"5";"300";"2";"600";"0";"0";NULL;NULL;NULL;NULL;"A";"I"
"5396";"2";"1737";"US";"flag-us";"Creaci&oacute;n: 2021-02-16 12:00:11";"5";"300";"2";"600";"0";"0";NULL;NULL;NULL;NULL;"A";"I"
"5394";"1";"77";"RU";"flag-ru";"Creaci&oacute;n: 2021-02-15 14:30:35";"5";"300";"2";"600";"0";"0";NULL;NULL;NULL;NULL;"A";"I"
"5695";"5";"1332";"US";"flag-us";;"5";"300";"2";"600";"0";"0";NULL;NULL;NULL;NULL;"A";"N"
"5393";"1";"1629";"US";"flag-us";"Creaci&oacute;n: 2021-02-02 02:30:19";"5";"300";"2";"600";"0";"0";NULL;NULL;NULL;NULL;"A";"I"
"5697";"5";"1336";"US";"flag-us";;"25";"10000";"15";"300";"0";"0";NULL;NULL;NULL;NULL;"A";"N"
"5512";"5";"58";"VE";;;"40";"5500";"1";"60";"0";"0";NULL;NULL;NULL;NULL;"A";"N"
"5510";"5";"56";"CL";;;"25";"6500";"1";"60";"0";"0";NULL;NULL;NULL;NULL;"A";"N"
"5389";"1";"1332";"US";"flag-us";"Creaci&oacute;n: 2020-10-19 09:30:32";"5";"300";"2";"600";"0";"0";NULL;NULL;NULL;NULL;"A";"I"
"5398";"1";"43";"BE";"flag-be";"Creaci&oacute;n: 2021-03-25 09:45:37";"5";"300";"2";"600";"0";"0";NULL;NULL;NULL;NULL;"A";"I"
"5388";"2";"1437";"CA";"flag-ca";"Creaci&oacute;n: 2020-09-24 14:15:08";"5";"300";"2";"600";"0";"0";NULL;NULL;NULL;NULL;"A";"I"
"5387";"1";"1000";"BE";"flag-be";"Creaci&oacute;n: 2020-09-03 17:15:25";"5";"300";"2";"600";"0";"0";NULL;NULL;NULL;NULL;"A";"I"
"5386";"1";"1671";"GU";"flag-gu";"Creaci&oacute;n: 2020-08-09 22:15:19";"5";"300";"2";"600";"0";"0";NULL;NULL;NULL;NULL;"A";"I"
"5390";"2";"1710";"US";"flag-us";"Creaci&oacute;n: 2020-11-04 12:00:09";"5";"300";"2";"600";"0";"0";NULL;NULL;NULL;NULL;"A";"I"
"5384";"1";"122";"BE";"flag-be";"Creaci&oacute;n: 2020-05-29 14:45:45";"5";"300";"2";"600";"0";"0";NULL;NULL;NULL;NULL;"A";"I"
"5383";"1";"90";"TR";"flag-tr";"Creaci&oacute;n: 2020-05-29 07:15:59";"5";"300";"2";"600";"0";"0";NULL;NULL;NULL;NULL;"A";"I"
"5382";"3";"506";"CR";"flag-cr";"Creación: 2020-05-28 13:11:30";"1000";"100000";"1000";"100000";"0";"0";NULL;NULL;NULL;NULL;"A";"B"
"5371";"3";"1989";"US";"flag-us";"Actualizado 28/05/2020";"126";"60000";"126";"60000";"0";"0";NULL;NULL;NULL;NULL;"A";"B"
"5559";"5";"250";"RW";"flag-rw";;"25";"5000";"15";"5000";"0";"0";NULL;NULL;NULL;NULL;"A";"B"
"5369";"3";"1985";"US";"flag-us";"Actualizado 28/05/2020";"126";"60000";"126";"60000";"0";"0";NULL;NULL;NULL;NULL;"A";"B"
"5368";"3";"1984";"US";"flag-us";"Actualizado 28/05/2020";"126";"60000";"126";"60000";"0";"0";NULL;NULL;NULL;NULL;"A";"B"
"5367";"3";"1980";"US";"flag-us";"Actualizado 28/05/2020";"126";"60000";"126";"60000";"0";"0";NULL;NULL;NULL;NULL;"A";"B"
"5366";"3";"1979";"US";"flag-us";"Actualizado 28/05/2020";"126";"60000";"126";"60000";"0";"0";NULL;NULL;NULL;NULL;"A";"B"
"5365";"3";"1978";"US";"flag-us";"Actualizado 28/05/2020";"126";"60000";"126";"60000";"0";"0";NULL;NULL;NULL;NULL;"A";"B"
"5558";"5";"249";"SD";"flag-sd";;"25";"5000";"15";"5000";"0";"0";NULL;NULL;NULL;NULL;"A";"B"
"5363";"3";"1973";"US";"flag-us";"Actualizado 28/05/2020";"126";"60000";"126";"60000";"0";"0";NULL;NULL;NULL;NULL;"A";"B"
"5362";"3";"1972";"US";"flag-us";"Actualizado 28/05/2020";"126";"60000";"126";"60000";"0";"0";NULL;NULL;NULL;NULL;"A";"B"
"5361";"3";"1971";"US";"flag-us";"Actualizado 28/05/2020";"126";"60000";"126";"60000";"0";"0";NULL;NULL;NULL;NULL;"A";"B"
"5360";"3";"1970";"US";"flag-us";"Actualizado 28/05/2020";"126";"60000";"126";"60000";"0";"0";NULL;NULL;NULL;NULL;"A";"B"
"5557";"5";"248";"SC";"flag-sc";;"25";"5000";"15";"5000";"0";"0";NULL;NULL;NULL;NULL;"A";"B"
"5358";"3";"1956";"US";"flag-us";"Actualizado 28/05/2020";"126";"60000";"126";"60000";"0";"0";NULL;NULL;NULL;NULL;"A";"B"
"5357";"3";"1954";"US";"flag-us";"Actualizado 28/05/2020";"126";"60000";"126";"60000";"0";"0";NULL;NULL;NULL;NULL;"A";"B"
"5356";"3";"1952";"US";"flag-us";"Actualizado 28/05/2020";"126";"60000";"126";"60000";"0";"0";NULL;NULL;NULL;NULL;"A";"B"
"5355";"3";"1951";"US";"flag-us";"Actualizado 28/05/2020";"126";"60000";"126";"60000";"0";"0";NULL;NULL;NULL;NULL;"A";"B"
"5354";"3";"1949";"US";"flag-us";"Actualizado 28/05/2020";"126";"60000";"126";"60000";"0";"0";NULL;NULL;NULL;NULL;"A";"B"
"5353";"3";"1947";"US";"flag-us";"Actualizado 28/05/2020";"126";"60000";"126";"60000";"0";"0";NULL;NULL;NULL;NULL;"A";"B"
"5556";"5";"247";"AF";"flag-af";;"25";"5000";"15";"5000";"0";"0";NULL;NULL;NULL;NULL;"A";"B"
"5351";"3";"1941";"US";"flag-us";"Actualizado 28/05/2020";"126";"60000";"126";"60000";"0";"0";NULL;NULL;NULL;NULL;"A";"B"
"5350";"3";"1940";"US";"flag-us";"Actualizado 28/05/2020";"126";"60000";"126";"60000";"0";"0";NULL;NULL;NULL;NULL;"A";"B"
"5349";"3";"1939";"PR";"flag-pr";"Actualizado 28/05/2020";"30";"9900";"30";"9900";"0";"0";NULL;NULL;NULL;NULL;"A";"B"
"5555";"5";"246";"IO";"flag-io";;"25";"5000";"15";"5000";"0";"0";NULL;NULL;NULL;NULL;"A";"B"
"5347";"3";"1937";"US";"flag-us";"Actualizado 28/05/2020";"126";"60000";"126";"60000";"0";"0";NULL;NULL;NULL;NULL;"A";"B"
"5346";"3";"1936";"US";"flag-us";"Actualizado 28/05/2020";"126";"60000";"126";"60000";"0";"0";NULL;NULL;NULL;NULL;"A";"B"
"5501";"5";"46";"SE";;;"25";"5000";"1";"60";"0";"0";NULL;NULL;NULL;NULL;"A";"N"
"5343";"3";"1931";"US";"flag-us";"Actualizado 28/05/2020";"126";"60000";"126";"60000";"0";"0";NULL;NULL;NULL;NULL;"A";"B"
"5490";"5";"31";"NL";;;"15";"3600";"1";"60";"0";"0";NULL;NULL;NULL;NULL;"A";"N"
"5341";"3";"1929";"US";"flag-us";"Actualizado 28/05/2020";"126";"60000";"126";"60000";"0";"0";NULL;NULL;NULL;NULL;"A";"B"
"5340";"3";"1928";"US";"flag-us";"Actualizado 28/05/2020";"126";"60000";"126";"60000";"0";"0";NULL;NULL;NULL;NULL;"A";"B"
"5339";"3";"1925";"US";"flag-us";"Actualizado 28/05/2020";"126";"60000";"126";"60000";"0";"0";NULL;NULL;NULL;NULL;"A";"B"
"5338";"3";"1920";"US";"flag-us";"Actualizado 28/05/2020";"126";"60000";"126";"60000";"0";"0";NULL;NULL;NULL;NULL;"A";"B"
"5337";"3";"1919";"US";"flag-us";"Actualizado 28/05/2020";"126";"60000";"126";"60000";"0";"0";NULL;NULL;NULL;NULL;"A";"B"
"5336";"3";"1918";"US";"flag-us";"Actualizado 28/05/2020";"126";"60000";"126";"60000";"0";"0";NULL;NULL;NULL;NULL;"A";"B"
"5335";"3";"1917";"US";"flag-us";"Actualizado 28/05/2020";"126";"60000";"126";"60000";"0";"0";NULL;NULL;NULL;NULL;"A";"B"
"5334";"3";"1916";"US";"flag-us";"Actualizado 28/05/2020";"126";"60000";"126";"60000";"0";"0";NULL;NULL;NULL;NULL;"A";"B"
"5333";"3";"1915";"US";"flag-us";"Actualizado 28/05/2020";"126";"60000";"126";"60000";"0";"0";NULL;NULL;NULL;NULL;"A";"B"
"5332";"3";"1914";"US";"flag-us";"Actualizado 28/05/2020";"126";"60000";"126";"60000";"0";"0";NULL;NULL;NULL;NULL;"A";"B"
"5331";"3";"1913";"US";"flag-us";"Actualizado 28/05/2020";"126";"60000";"126";"60000";"0";"0";NULL;NULL;NULL;NULL;"A";"B"
"5330";"3";"1912";"US";"flag-us";"Actualizado 28/05/2020";"126";"60000";"126";"60000";"0";"0";NULL;NULL;NULL;NULL;"A";"B"
"5329";"3";"1910";"US";"flag-us";"Actualizado 28/05/2020";"126";"60000";"126";"60000";"0";"0";NULL;NULL;NULL;NULL;"A";"B"
"5328";"3";"1909";"US";"flag-us";"Actualizado 28/05/2020";"126";"60000";"126";"60000";"0";"0";NULL;NULL;NULL;NULL;"A";"B"
"5327";"3";"1908";"US";"flag-us";"Actualizado 28/05/2020";"126";"60000";"126";"60000";"0";"0";NULL;NULL;NULL;NULL;"A";"B"
"5326";"3";"1907";"US";"flag-us";"Actualizado 28/05/2020";"1";"60";"1";"60";"0";"0";NULL;NULL;NULL;NULL;"A";"B"
"5325";"3";"1906";"US";"flag-us";"Actualizado 28/05/2020";"126";"60000";"126";"60000";"0";"0";NULL;NULL;NULL;NULL;"A";"B"
"5324";"3";"1905";"CA";"flag-ca";"Actualizado 28/05/2020";"126";"60000";"126";"60000";"0";"0";NULL;NULL;NULL;NULL;"A";"B"
"5554";"5";"245";"GW";;;"5";"900";"1";"60";"0";"0";NULL;NULL;NULL;NULL;"A";"N"
"5322";"3";"1904";"US";"flag-us";"Actualizado 28/05/2020";"126";"60000";"126";"60000";"0";"0";NULL;NULL;NULL;NULL;"A";"B"
"5321";"3";"1903";"US";"flag-us";"Actualizado 28/05/2020";"126";"60000";"126";"60000";"0";"0";NULL;NULL;NULL;NULL;"A";"B"
"5320";"3";"1902";"CA";"flag-ca";"Actualizado 28/05/2020";"31";"9600";"31";"9600";"0";"0";NULL;NULL;NULL;NULL;"A";"B"
"5319";"3";"1901";"US";"flag-us";"Actualizado 28/05/2020";"126";"60000";"126";"60000";"0";"0";NULL;NULL;NULL;NULL;"A";"B"
"5553";"5";"244";"AO";"flag-ao";;"25";"5000";"15";"5000";"0";"0";NULL;NULL;NULL;NULL;"A";"B"
"5317";"3";"1888";"US";"flag-us";"Actualizado 28/05/2020";"126";"60000";"126";"60000";"0";"0";NULL;NULL;NULL;NULL;"A";"B"
"5313";"3";"1877";"US";"flag-us";"Actualizado 28/05/2020";"126";"60000";"126";"60000";"0";"0";NULL;NULL;NULL;NULL;"A";"B"
"5312";"3";"1876";"JM";"flag-jm";"Actualizado 28/05/2020";"1";"120";"1";"120";"0";"0";NULL;NULL;NULL;NULL;"A";"B"
"5506";"5";"52";"MX";;;"75";"15000";"3";"3600";"0";"0";NULL;NULL;NULL;NULL;"A";"N"
"5505";"5";"51";"PE";;;"800";"15000";"3";"60";"0";"0";NULL;NULL;NULL;NULL;"A";"N"
"5309";"3";"1870";"US";"flag-us";"Actualizado 28/05/2020";"126";"60000";"126";"60000";"0";"0";NULL;NULL;NULL;NULL;"A";"B"
"5307";"3";"1868";"TT";"flag-tt";"Actualizado 28/05/2020";"1";"60";"1";"60";"0";"0";NULL;NULL;NULL;NULL;"A";"B"
"5306";"3";"1866";"US";"flag-us";"Actualizado 28/05/2020";"126";"60000";"126";"60000";"0";"0";NULL;NULL;NULL;NULL;"A";"B"
"5305";"3";"1865";"US";"flag-us";"Actualizado 28/05/2020";"126";"60000";"126";"60000";"0";"0";NULL;NULL;NULL;NULL;"A";"B"
"5304";"3";"1864";"US";"flag-us";"Actualizado 28/05/2020";"126";"60000";"126";"60000";"0";"0";NULL;NULL;NULL;NULL;"A";"B"
"5303";"3";"1863";"US";"flag-us";"Actualizado 28/05/2020";"126";"60000";"126";"60000";"0";"0";NULL;NULL;NULL;NULL;"A";"B"
"5302";"3";"1862";"US";"flag-us";"Actualizado 28/05/2020";"126";"60000";"126";"60000";"0";"0";NULL;NULL;NULL;NULL;"A";"B"
"5301";"3";"1860";"US";"flag-us";"Actualizado 28/05/2020";"126";"60000";"126";"60000";"0";"0";NULL;NULL;NULL;NULL;"A";"B"
"5300";"3";"1859";"US";"flag-us";"Actualizado 28/05/2020";"126";"60000";"126";"60000";"0";"0";NULL;NULL;NULL;NULL;"A";"B"
"5299";"3";"1858";"US";"flag-us";"Actualizado 28/05/2020";"126";"60000";"126";"60000";"0";"0";NULL;NULL;NULL;NULL;"A";"B"
"5298";"3";"1857";"US";"flag-us";"Actualizado 28/05/2020";"126";"60000";"126";"60000";"0";"0";NULL;NULL;NULL;NULL;"A";"B"
"5297";"3";"1856";"US";"flag-us";"Actualizado 28/05/2020";"126";"60000";"126";"60000";"0";"0";NULL;NULL;NULL;NULL;"A";"B"
"5296";"3";"1855";"US";"flag-us";"Actualizado 28/05/2020";"126";"60000";"126";"60000";"0";"0";NULL;NULL;NULL;NULL;"A";"B"
"5551";"5";"242";"CG";"flag-cg";;"25";"5000";"15";"5000";"0";"0";NULL;NULL;NULL;NULL;"A";"B"
"5294";"3";"1850";"US";"flag-us";"Actualizado 28/05/2020";"126";"60000";"126";"60000";"0";"0";NULL;NULL;NULL;NULL;"A";"B"
"5293";"3";"1849";"DO";"flag-do";"Actualizado 28/05/2020";"5";"1020";"5";"1020";"0";"0";NULL;NULL;NULL;NULL;"A";"B"
"5292";"3";"1848";"US";"flag-us";"Actualizado 28/05/2020";"126";"60000";"126";"60000";"0";"0";NULL;NULL;NULL;NULL;"A";"B"
"5291";"3";"1847";"US";"flag-us";"Actualizado 28/05/2020";"126";"60000";"126";"60000";"0";"0";NULL;NULL;NULL;NULL;"A";"B"
"5290";"3";"1845";"US";"flag-us";"Actualizado 28/05/2020";"126";"60000";"126";"60000";"0";"0";NULL;NULL;NULL;NULL;"A";"B"
"5289";"3";"1844";"US";"flag-us";"Actualizado 28/05/2020";"126";"60000";"126";"60000";"0";"0";NULL;NULL;NULL;NULL;"A";"B"
"5288";"3";"1843";"US";"flag-us";"Actualizado 28/05/2020";"126";"60000";"126";"60000";"0";"0";NULL;NULL;NULL;NULL;"A";"B"
"5549";"5";"240";"GQ";"flag-gq";;"25";"5000";"15";"5000";"0";"0";NULL;NULL;NULL;NULL;"A";"B"
"5285";"3";"1832";"US";"flag-us";"Actualizado 28/05/2020";"126";"60000";"126";"60000";"0";"0";NULL;NULL;NULL;NULL;"A";"B"
"5284";"3";"1831";"US";"flag-us";"Actualizado 28/05/2020";"126";"60000";"126";"60000";"0";"0";NULL;NULL;NULL;NULL;"A";"B"
"5283";"3";"1830";"US";"flag-us";"Actualizado 28/05/2020";"126";"60000";"126";"60000";"0";"0";NULL;NULL;NULL;NULL;"A";"B"
"5282";"3";"1829";"DO";"flag-do";"Actualizado 28/05/2020";"5";"1020";"5";"1020";"0";"0";NULL;NULL;NULL;NULL;"A";"B"
"5281";"3";"1828";"US";"flag-us";"Actualizado 28/05/2020";"126";"60000";"126";"60000";"0";"0";NULL;NULL;NULL;NULL;"A";"B"
"5280";"3";"1825";"CA";"flag-ca";"Actualizado 28/05/2020";"31";"9600";"31";"9600";"0";"0";NULL;NULL;NULL;NULL;"A";"B"
"5503";"5";"48";"PL";;;"25";"1500";"1";"60";"0";"0";NULL;NULL;NULL;NULL;"A";"N"
"5500";"5";"45";"DK";;;"25";"3600";"1";"60";"0";"0";NULL;NULL;NULL;NULL;"A";"N"
"5495";"5";"39";"IT";;;"15";"3600";"1";"60";"0";"0";NULL;NULL;NULL;NULL;"A";"N"
"5277";"3";"1819";"CA";"flag-ca";"Actualizado 28/05/2020";"31";"9600";"31";"9600";"0";"0";NULL;NULL;NULL;NULL;"A";"B"
"5276";"3";"1818";"US";"flag-us";"Actualizado 28/05/2020";"126";"60000";"126";"60000";"0";"0";NULL;NULL;NULL;NULL;"A";"B"
"5275";"3";"1817";"US";"flag-us";"Actualizado 28/05/2020";"126";"60000";"126";"60000";"0";"0";NULL;NULL;NULL;NULL;"A";"B"
"5274";"3";"1816";"US";"flag-us";"Actualizado 28/05/2020";"126";"60000";"126";"60000";"0";"0";NULL;NULL;NULL;NULL;"A";"B"
"5273";"3";"1815";"US";"flag-us";"Actualizado 28/05/2020";"126";"60000";"126";"60000";"0";"0";NULL;NULL;NULL;NULL;"A";"B"
"5272";"3";"1814";"US";"flag-us";"Actualizado 28/05/2020";"126";"60000";"126";"60000";"0";"0";NULL;NULL;NULL;NULL;"A";"B"
"5271";"3";"1813";"US";"flag-us";"Actualizado 28/05/2020";"126";"60000";"126";"60000";"0";"0";NULL;NULL;NULL;NULL;"A";"B"
"5270";"3";"1812";"US";"flag-us";"Actualizado 28/05/2020";"126";"60000";"126";"60000";"0";"0";NULL;NULL;NULL;NULL;"A";"B"
"5269";"3";"1810";"US";"flag-us";"Actualizado 28/05/2020";"126";"60000";"126";"60000";"0";"0";NULL;NULL;NULL;NULL;"A";"B"
"5268";"3";"1809";"DO";"flag-do";"Actualizado 28/05/2020";"5";"1020";"5";"1020";"0";"0";NULL;NULL;NULL;NULL;"A";"B"
"5267";"3";"1808";"US";"flag-us";"Actualizado 28/05/2020";"1";"60";"1";"60";"0";"0";NULL;NULL;NULL;NULL;"A";"B"
"5266";"3";"1807";"CA";"flag-ca";"Actualizado 28/05/2020";"31";"9600";"31";"9600";"0";"0";NULL;NULL;NULL;NULL;"A";"B"
"5265";"3";"1806";"US";"flag-us";"Actualizado 28/05/2020";"126";"60000";"126";"60000";"0";"0";NULL;NULL;NULL;NULL;"A";"B"
"5264";"3";"1805";"US";"flag-us";"Actualizado 28/05/2020";"126";"60000";"126";"60000";"0";"0";NULL;NULL;NULL;NULL;"A";"B"
"5263";"3";"1804";"US";"flag-us";"Actualizado 28/05/2020";"126";"60000";"126";"60000";"0";"0";NULL;NULL;NULL;NULL;"A";"B"
"5262";"3";"1803";"US";"flag-us";"Actualizado 28/05/2020";"126";"60000";"126";"60000";"0";"0";NULL;NULL;NULL;NULL;"A";"B"
"5261";"3";"1802";"US";"flag-us";"Actualizado 28/05/2020";"126";"60000";"126";"60000";"0";"0";NULL;NULL;NULL;NULL;"A";"B"
"5260";"3";"1801";"US";"flag-us";"Actualizado 28/05/2020";"126";"60000";"126";"60000";"0";"0";NULL;NULL;NULL;NULL;"A";"B"
"5259";"3";"1800";"US";"flag-us";"Actualizado 28/05/2020";"126";"60000";"126";"60000";"0";"0";NULL;NULL;NULL;NULL;"A";"B"
"5258";"3";"1787";"PR";"flag-pr";"Actualizado 28/05/2020";"30";"9900";"30";"9900";"0";"0";NULL;NULL;NULL;NULL;"A";"B"
"5257";"3";"1786";"US";"flag-us";"Actualizado 28/05/2020";"126";"60000";"126";"60000";"0";"0";NULL;NULL;NULL;NULL;"A";"B"
"5256";"3";"1785";"US";"flag-us";"Actualizado 28/05/2020";"126";"60000";"126";"60000";"0";"0";NULL;NULL;NULL;NULL;"A";"B"
"5253";"3";"1781";"US";"flag-us";"Actualizado 28/05/2020";"126";"60000";"126";"60000";"0";"0";NULL;NULL;NULL;NULL;"A";"B"
"5252";"3";"1780";"CA";"flag-ca";"Actualizado 28/05/2020";"31";"9600";"31";"9600";"0";"0";NULL;NULL;NULL;NULL;"A";"B"
"5547";"5";"232";"SL";"flag-sl";;"25";"5000";"15";"5000";"0";"0";NULL;NULL;NULL;NULL;"A";"B"
"5250";"3";"1778";"CA";"flag-ca";"Actualizado 28/05/2020";"31";"9600";"31";"9600";"0";"0";NULL;NULL;NULL;NULL;"A";"B"
"5546";"5";"229";"BJ";"flag-bj";;"25";"5000";"15";"5000";"0";"0";NULL;NULL;NULL;NULL;"A";"B"
"5248";"3";"1775";"US";"flag-us";"Actualizado 28/05/2020";"126";"60000";"126";"60000";"0";"0";NULL;NULL;NULL;NULL;"A";"B"
"5247";"3";"1774";"US";"flag-us";"Actualizado 28/05/2020";"126";"60000";"126";"60000";"0";"0";NULL;NULL;NULL;NULL;"A";"B"
"5246";"3";"1773";"US";"flag-us";"Actualizado 28/05/2020";"126";"60000";"126";"60000";"0";"0";NULL;NULL;NULL;NULL;"A";"B"
"5245";"3";"1772";"US";"flag-us";"Actualizado 28/05/2020";"126";"60000";"126";"60000";"0";"0";NULL;NULL;NULL;NULL;"A";"B"
"5244";"3";"1770";"US";"flag-us";"Actualizado 28/05/2020";"126";"60000";"126";"60000";"0";"0";NULL;NULL;NULL;NULL;"A";"B"
"5241";"3";"1765";"US";"flag-us";"Actualizado 28/05/2020";"126";"60000";"126";"60000";"0";"0";NULL;NULL;NULL;NULL;"A";"B"
"5545";"5";"228";"TG";;;"25";"5000";"1";"60";"0";"0";NULL;NULL;NULL;NULL;"A";"B"
"5239";"3";"1763";"US";"flag-us";"Actualizado 28/05/2020";"126";"60000";"126";"60000";"0";"0";NULL;NULL;NULL;NULL;"A";"B"
"5238";"3";"1762";"US";"flag-us";"Actualizado 28/05/2020";"126";"60000";"126";"60000";"0";"0";NULL;NULL;NULL;NULL;"A";"B"
"5237";"3";"1760";"US";"flag-us";"Actualizado 28/05/2020";"126";"60000";"126";"60000";"0";"0";NULL;NULL;NULL;NULL;"A";"B"
"5544";"5";"227";"NE";;;"25";"5000";"1";"60";"0";"0";NULL;NULL;NULL;NULL;"A";"B"
"5235";"3";"1757";"US";"flag-us";"Actualizado 28/05/2020";"126";"60000";"126";"60000";"0";"0";NULL;NULL;NULL;NULL;"A";"B"
"5234";"3";"1754";"US";"flag-us";"Actualizado 28/05/2020";"126";"60000";"126";"60000";"0";"0";NULL;NULL;NULL;NULL;"A";"B"
"5543";"5";"226";"BF";;;"25";"5000";"1";"60";"0";"0";NULL;NULL;NULL;NULL;"A";"B"
"5232";"3";"1747";"US";"flag-us";"Actualizado 28/05/2020";"126";"60000";"126";"60000";"0";"0";NULL;NULL;NULL;NULL;"A";"B"
"5230";"3";"1740";"US";"flag-us";"Actualizado 28/05/2020";"126";"60000";"126";"60000";"0";"0";NULL;NULL;NULL;NULL;"A";"B"
"5229";"3";"1737";"US";"flag-us";"Actualizado 28/05/2020";"126";"60000";"126";"60000";"0";"0";NULL;NULL;NULL;NULL;"A";"B"
"5228";"3";"1734";"US";"flag-us";"Actualizado 28/05/2020";"126";"60000";"126";"60000";"0";"0";NULL;NULL;NULL;NULL;"A";"B"
"5227";"3";"1732";"US";"flag-us";"Actualizado 28/05/2020";"126";"60000";"126";"60000";"0";"0";NULL;NULL;NULL;NULL;"A";"B"
"5226";"3";"1731";"US";"flag-us";"Actualizado 28/05/2020";"126";"60000";"126";"60000";"0";"0";NULL;NULL;NULL;NULL;"A";"B"
"5542";"5";"225";"CI";;;"25";"5000";"1";"60";"0";"0";NULL;NULL;NULL;NULL;"A";"B"
"5224";"3";"1727";"US";"flag-us";"Actualizado 28/05/2020";"126";"60000";"126";"60000";"0";"0";NULL;NULL;NULL;NULL;"A";"B"
"5469";"1";"1787";"PR";;"Creación: 2017-06-01 19:25:08";"150";"10000";"150";"10000";"0";"0";NULL;NULL;NULL;NULL;"A";"I"
"5497";"5";"41";"PE";;;"25";"3600";"3";"3600";"0";"0";NULL;NULL;NULL;NULL;"A";"N"
"5222";"3";"1725";"US";"flag-us";"Actualizado 28/05/2020";"126";"60000";"126";"60000";"0";"0";NULL;NULL;NULL;NULL;"A";"B"
"5221";"3";"1724";"US";"flag-us";"Actualizado 28/05/2020";"126";"60000";"126";"60000";"0";"0";NULL;NULL;NULL;NULL;"A";"B"
"5219";"3";"1720";"US";"flag-us";"Actualizado 28/05/2020";"126";"60000";"126";"60000";"0";"0";NULL;NULL;NULL;NULL;"A";"B"
"5218";"3";"1719";"US";"flag-us";"Actualizado 28/05/2020";"126";"60000";"126";"60000";"0";"0";NULL;NULL;NULL;NULL;"A";"B"
"5217";"3";"1718";"US";"flag-us";"Actualizado 28/05/2020";"126";"60000";"126";"60000";"0";"0";NULL;NULL;NULL;NULL;"A";"B"
"5216";"3";"1717";"US";"flag-us";"Actualizado 28/05/2020";"126";"60000";"126";"60000";"0";"0";NULL;NULL;NULL;NULL;"A";"B"
"5215";"3";"1716";"US";"flag-us";"Actualizado 28/05/2020";"126";"60000";"126";"60000";"0";"0";NULL;NULL;NULL;NULL;"A";"B"
"5214";"3";"1715";"US";"flag-us";"Actualizado 28/05/2020";"126";"60000";"126";"60000";"0";"0";NULL;NULL;NULL;NULL;"A";"B"
"5213";"3";"1714";"US";"flag-us";"Actualizado 28/05/2020";"126";"60000";"126";"60000";"0";"0";NULL;NULL;NULL;NULL;"A";"B"
"5212";"3";"1713";"US";"flag-us";"Actualizado 28/05/2020";"126";"60000";"126";"60000";"0";"0";NULL;NULL;NULL;NULL;"A";"B"
"5211";"3";"1712";"US";"flag-us";"Actualizado 28/05/2020";"126";"60000";"126";"60000";"0";"0";NULL;NULL;NULL;NULL;"A";"B"
"5504";"5";"49";"DE";;;"25";"8000";"1";"60";"0";"0";NULL;NULL;NULL;NULL;"A";"N"
"5502";"5";"47";"NO";;;"25";"5000";"1";"60";"0";"0";NULL;NULL;NULL;NULL;"A";"N"
"5208";"3";"1708";"US";"flag-us";"Actualizado 28/05/2020";"126";"60000";"126";"60000";"0";"0";NULL;NULL;NULL;NULL;"A";"B"
"5207";"3";"1707";"US";"flag-us";"Actualizado 28/05/2020";"126";"60000";"126";"60000";"0";"0";NULL;NULL;NULL;NULL;"A";"B"
"5206";"3";"1706";"US";"flag-us";"Actualizado 28/05/2020";"126";"60000";"126";"60000";"0";"0";NULL;NULL;NULL;NULL;"A";"B"
"5205";"3";"1705";"CA";"flag-ca";"Actualizado 28/05/2020";"31";"9600";"31";"9600";"0";"0";NULL;NULL;NULL;NULL;"A";"B"
"5204";"3";"1704";"US";"flag-us";"Actualizado 28/05/2020";"126";"60000";"126";"60000";"0";"0";NULL;NULL;NULL;NULL;"A";"B"
"5203";"3";"1703";"US";"flag-us";"Actualizado 28/05/2020";"126";"60000";"126";"60000";"0";"0";NULL;NULL;NULL;NULL;"A";"B"
"5202";"3";"1702";"US";"flag-us";"Actualizado 28/05/2020";"126";"60000";"126";"60000";"0";"0";NULL;NULL;NULL;NULL;"A";"B"
"5201";"3";"1701";"US";"flag-us";"Actualizado 28/05/2020";"126";"60000";"126";"60000";"0";"0";NULL;NULL;NULL;NULL;"A";"B"
"5537";"5";"220";"GM";;;"25";"5000";"1";"60";"0";"0";NULL;NULL;NULL;NULL;"A";"B"
"5538";"5";"221";"SN";;;"25";"5000";"1";"60";"0";"0";NULL;NULL;NULL;NULL;"A";"B"
"5539";"5";"222";"MR";;;"25";"5000";"1";"60";"0";"0";NULL;NULL;NULL;NULL;"A";"B"
"5196";"3";"1682";"US";"flag-us";"Actualizado 28/05/2020";"126";"60000";"126";"60000";"0";"0";NULL;NULL;NULL;NULL;"A";"B"
"5470";"1";"1787";"PR";;"Creación: 2017-06-01 19:25:08";"150";"10000";"150";"10000";"0";"0";NULL;NULL;NULL;NULL;"A";"I"
"5192";"3";"1678";"US";"flag-us";"Actualizado 28/05/2020";"126";"60000";"126";"60000";"0";"0";NULL;NULL;NULL;NULL;"A";"B"
"5190";"3";"1671";"GU";"flag-gu";"Actualizado 28/05/2020";"1";"60";"1";"60";"0";"0";NULL;NULL;NULL;NULL;"A";"B"
"5189";"3";"1670";"MP";"flag-mp";"Actualizado 28/05/2020";"1";"60";"1";"60";"0";"0";NULL;NULL;NULL;NULL;"A";"B"
"5188";"3";"1669";"US";"flag-us";"Actualizado 28/05/2020";"126";"60000";"126";"60000";"0";"0";NULL;NULL;NULL;NULL;"A";"B"
"5534";"5";"164";"MX";"flag-mx";;"5";"300";"2";"600";"0";"0";NULL;NULL;NULL;NULL;"A";"N"
"5185";"3";"1662";"US";"flag-us";"Actualizado 28/05/2020";"126";"60000";"126";"60000";"0";"0";NULL;NULL;NULL;NULL;"A";"B"
"5184";"3";"1661";"US";"flag-us";"Actualizado 28/05/2020";"126";"60000";"126";"60000";"0";"0";NULL;NULL;NULL;NULL;"A";"B"
"5183";"3";"1660";"US";"flag-us";"Actualizado 28/05/2020";"126";"60000";"126";"60000";"0";"0";NULL;NULL;NULL;NULL;"A";"B"
"5531";"5";"91";"IN";;;"30";"3600";"60";"3000";"0";"0";NULL;NULL;NULL;NULL;"A";"B"
"5532";"5";"95";"MM";;;"5";"500";"1";"60";"0";"0";NULL;NULL;NULL;NULL;"A";"N"
"5180";"3";"1657";"US";"flag-us";"Actualizado 28/05/2020";"126";"60000";"126";"60000";"0";"0";NULL;NULL;NULL;NULL;"A";"B"
"5179";"3";"1651";"US";"flag-us";"Actualizado 28/05/2020";"126";"60000";"126";"60000";"0";"0";NULL;NULL;NULL;NULL;"A";"B"
"5178";"3";"1650";"US";"flag-us";"Actualizado 28/05/2020";"126";"60000";"126";"60000";"0";"0";NULL;NULL;NULL;NULL;"A";"B"
"5530";"5";"90";"TR";;;"5";"300";"1";"60";"0";"0";NULL;NULL;NULL;NULL;"A";"B"
"5176";"3";"1647";"CA";"flag-ca";"Actualizado 28/05/2020";"31";"9600";"31";"9600";"0";"0";NULL;NULL;NULL;NULL;"A";"B"
"5175";"3";"1646";"US";"flag-us";"Actualizado 28/05/2020";"126";"60000";"126";"60000";"0";"0";NULL;NULL;NULL;NULL;"A";"B"
"5174";"3";"1641";"US";"flag-us";"Actualizado 28/05/2020";"126";"60000";"126";"60000";"0";"0";NULL;NULL;NULL;NULL;"A";"B"
"5498";"5";"43";"BE";"flag-be";;"5";"300";"2";"600";"0";"0";NULL;NULL;NULL;NULL;"A";"N"
"5471";"1";"1787";"PR";;"Creación: 2017-06-01 19:25:08";"150";"10000";"150";"10000";"0";"0";NULL;NULL;NULL;NULL;"A";"I"
"5170";"3";"1636";"US";"flag-us";"Actualizado 28/05/2020";"126";"60000";"126";"60000";"0";"0";NULL;NULL;NULL;NULL;"A";"B"
"5169";"3";"1631";"US";"flag-us";"Actualizado 28/05/2020";"126";"60000";"126";"60000";"0";"0";NULL;NULL;NULL;NULL;"A";"B"
"5168";"3";"1630";"US";"flag-us";"Actualizado 28/05/2020";"126";"60000";"126";"60000";"0";"0";NULL;NULL;NULL;NULL;"A";"B"
"5527";"5";"84";"VN";;;"25";"5000";"1";"60";"0";"0";NULL;NULL;NULL;NULL;"A";"B"
"5528";"5";"86";"CHINA";;;"50";"5000";"1";"60";"0";"0";NULL;NULL;NULL;NULL;"A";"N"
"5529";"5";"87";"NL";;;"25";"4100";"1";"60";"0";"0";NULL;NULL;NULL;NULL;"A";"B"
"5164";"3";"1626";"US";"flag-us";"Actualizado 28/05/2020";"126";"60000";"126";"60000";"0";"0";NULL;NULL;NULL;NULL;"A";"B"
"5163";"3";"1623";"US";"flag-us";"Actualizado 28/05/2020";"126";"60000";"126";"60000";"0";"0";NULL;NULL;NULL;NULL;"A";"B"
"5162";"3";"1620";"US";"flag-us";"Actualizado 28/05/2020";"126";"60000";"126";"60000";"0";"0";NULL;NULL;NULL;NULL;"A";"B"
"5161";"3";"1619";"US";"flag-us";"Actualizado 28/05/2020";"126";"60000";"126";"60000";"0";"0";NULL;NULL;NULL;NULL;"A";"B"
"5160";"3";"1618";"US";"flag-us";"Actualizado 28/05/2020";"126";"60000";"126";"60000";"0";"0";NULL;NULL;NULL;NULL;"A";"B"
"5159";"3";"1617";"US";"flag-us";"Actualizado 28/05/2020";"126";"60000";"126";"60000";"0";"0";NULL;NULL;NULL;NULL;"A";"B"
"5158";"3";"1616";"US";"flag-us";"Actualizado 28/05/2020";"126";"60000";"126";"60000";"0";"0";NULL;NULL;NULL;NULL;"A";"B"
"5157";"3";"1615";"US";"flag-us";"Actualizado 28/05/2020";"126";"60000";"126";"60000";"0";"0";NULL;NULL;NULL;NULL;"A";"B"
"5156";"3";"1614";"US";"flag-us";"Actualizado 28/05/2020";"126";"60000";"126";"60000";"0";"0";NULL;NULL;NULL;NULL;"A";"B"
"5155";"3";"1613";"CA";"flag-ca";"Actualizado 28/05/2020";"31";"9600";"31";"9600";"0";"0";NULL;NULL;NULL;NULL;"A";"B"
"5154";"3";"1612";"US";"flag-us";"Actualizado 28/05/2020";"126";"60000";"126";"60000";"0";"0";NULL;NULL;NULL;NULL;"A";"B"
"5153";"3";"1610";"US";"flag-us";"Actualizado 28/05/2020";"126";"60000";"126";"60000";"0";"0";NULL;NULL;NULL;NULL;"A";"B"
"5152";"3";"1609";"US";"flag-us";"Actualizado 28/05/2020";"126";"60000";"126";"60000";"0";"0";NULL;NULL;NULL;NULL;"A";"B"
"5151";"3";"1608";"US";"flag-us";"Actualizado 28/05/2020";"126";"60000";"126";"60000";"0";"0";NULL;NULL;NULL;NULL;"A";"B"
"5150";"3";"1607";"US";"flag-us";"Actualizado 28/05/2020";"126";"60000";"126";"60000";"0";"0";NULL;NULL;NULL;NULL;"A";"B"
"5149";"3";"1606";"US";"flag-us";"Actualizado 28/05/2020";"126";"60000";"126";"60000";"0";"0";NULL;NULL;NULL;NULL;"A";"B"
"5148";"3";"1605";"US";"flag-us";"Creación: 2017-04-26 16:08:01";"25";"10000";"15";"300";"0";"0";NULL;NULL;NULL;NULL;"A";"B"
"5147";"3";"1604";"CA";"flag-ca";"Actualizado 28/05/2020";"31";"9600";"31";"9600";"0";"0";NULL;NULL;NULL;NULL;"A";"B"
"5146";"3";"1603";"US";"flag-us";"Actualizado 28/05/2020";"126";"60000";"126";"60000";"0";"0";NULL;NULL;NULL;NULL;"A";"B"
"5145";"3";"1602";"US";"flag-us";"Actualizado 28/05/2020";"126";"60000";"126";"60000";"0";"0";NULL;NULL;NULL;NULL;"A";"B"
"5144";"3";"1601";"US";"flag-us";"Actualizado 28/05/2020";"126";"60000";"126";"60000";"0";"0";NULL;NULL;NULL;NULL;"A";"B"
"5142";"3";"1587";"CA";"flag-ca";"Actualizado 28/05/2020";"31";"9600";"31";"9600";"0";"0";NULL;NULL;NULL;NULL;"A";"B"
"5141";"3";"1586";"US";"flag-us";"Actualizado 28/05/2020";"126";"60000";"126";"60000";"0";"0";NULL;NULL;NULL;NULL;"A";"B"
"5140";"3";"1585";"US";"flag-us";"Actualizado 28/05/2020";"126";"60000";"126";"60000";"0";"0";NULL;NULL;NULL;NULL;"A";"B"
"5135";"3";"1575";"US";"flag-us";"Actualizado 28/05/2020";"126";"60000";"126";"60000";"0";"0";NULL;NULL;NULL;NULL;"A";"B"
"5134";"3";"1574";"US";"flag-us";"Actualizado 28/05/2020";"126";"60000";"126";"60000";"0";"0";NULL;NULL;NULL;NULL;"A";"B"
"5133";"3";"1573";"US";"flag-us";"Actualizado 28/05/2020";"126";"60000";"126";"60000";"0";"0";NULL;NULL;NULL;NULL;"A";"B"
"5132";"3";"1571";"US";"flag-us";"Actualizado 28/05/2020";"126";"60000";"126";"60000";"0";"0";NULL;NULL;NULL;NULL;"A";"B"
"5131";"3";"1570";"US";"flag-us";"Actualizado 28/05/2020";"126";"60000";"126";"60000";"0";"0";NULL;NULL;NULL;NULL;"A";"B"
"5493";"5";"34";"ES";;;"300";"3600";"3";"3600";"0";"0";NULL;NULL;NULL;NULL;"A";"N"
"5494";"5";"36";"HU";;;"5";"3600";"1";"60";"0";"0";NULL;NULL;NULL;NULL;"A";"B"
"5128";"3";"1563";"US";"flag-us";"Actualizado 28/05/2020";"126";"60000";"126";"60000";"0";"0";NULL;NULL;NULL;NULL;"A";"B"
"5127";"3";"1562";"US";"flag-us";"Actualizado 28/05/2020";"126";"60000";"126";"60000";"0";"0";NULL;NULL;NULL;NULL;"A";"B"
"5126";"3";"1561";"US";"flag-us";"Actualizado 28/05/2020";"126";"60000";"126";"60000";"0";"0";NULL;NULL;NULL;NULL;"A";"B"
"5125";"3";"1559";"US";"flag-us";"Actualizado 28/05/2020";"126";"60000";"126";"60000";"0";"0";NULL;NULL;NULL;NULL;"A";"B"
"5123";"3";"1551";"US";"flag-us";"Actualizado 28/05/2020";"126";"60000";"126";"60000";"0";"0";NULL;NULL;NULL;NULL;"A";"B"
"5122";"3";"1548";"US";"flag-us";"Actualizado 28/05/2020";"31";"9600";"31";"9600";"0";"0";NULL;NULL;NULL;NULL;"A";"B"
"5121";"3";"1541";"US";"flag-us";"Actualizado 28/05/2020";"126";"60000";"126";"60000";"0";"0";NULL;NULL;NULL;NULL;"A";"B"
"5120";"3";"1540";"US";"flag-us";"Actualizado 28/05/2020";"126";"60000";"126";"60000";"0";"0";NULL;NULL;NULL;NULL;"A";"B"
"5524";"5";"79";"RU";;;"25";"5000";"1";"60";"0";"0";NULL;NULL;NULL;NULL;"A";"B"
"5525";"5";"81";"JP";;;"25";"5000";"1";"60";"0";"0";NULL;NULL;NULL;NULL;"A";"B"
"5492";"5";"33";"FR";;;"15";"3600";"1";"60";"0";"0";NULL;NULL;NULL;NULL;"A";"N"
"5116";"3";"1530";"US";"flag-us";"Actualizado 28/05/2020";"126";"60000";"126";"60000";"0";"0";NULL;NULL;NULL;NULL;"A";"B"
"5115";"3";"1520";"US";"flag-us";"Actualizado 28/05/2020";"126";"60000";"126";"60000";"0";"0";NULL;NULL;NULL;NULL;"A";"B"
"5114";"3";"1519";"CA";"flag-ca";"Actualizado 28/05/2020";"31";"9600";"31";"9600";"0";"0";NULL;NULL;NULL;NULL;"A";"B"
"5113";"3";"1518";"US";"flag-us";"Actualizado 28/05/2020";"126";"60000";"126";"60000";"0";"0";NULL;NULL;NULL;NULL;"A";"B"
"5112";"3";"1517";"US";"flag-us";"Actualizado 28/05/2020";"126";"60000";"126";"60000";"0";"0";NULL;NULL;NULL;NULL;"A";"B"
"5111";"3";"1516";"US";"flag-us";"Actualizado 28/05/2020";"126";"60000";"126";"60000";"0";"0";NULL;NULL;NULL;NULL;"A";"B"
"5110";"3";"1515";"US";"flag-us";"Actualizado 28/05/2020";"126";"60000";"126";"60000";"0";"0";NULL;NULL;NULL;NULL;"A";"B"
"5109";"3";"1514";"CA";"flag-ca";"Actualizado 28/05/2020";"31";"9600";"31";"9600";"0";"0";NULL;NULL;NULL;NULL;"A";"B"
"5108";"3";"1513";"US";"flag-us";"Actualizado 28/05/2020";"126";"60000";"126";"60000";"0";"0";NULL;NULL;NULL;NULL;"A";"B"
"5107";"3";"1512";"US";"flag-us";"Actualizado 28/05/2020";"126";"60000";"126";"60000";"0";"0";NULL;NULL;NULL;NULL;"A";"B"
"5106";"3";"1510";"US";"flag-us";"Actualizado 28/05/2020";"126";"60000";"126";"60000";"0";"0";NULL;NULL;NULL;NULL;"A";"B"
"5105";"3";"1509";"US";"flag-us";"Actualizado 28/05/2020";"126";"60000";"126";"60000";"0";"0";NULL;NULL;NULL;NULL;"A";"B"
"5104";"3";"1508";"US";"flag-us";"Actualizado 28/05/2020";"126";"60000";"126";"60000";"0";"0";NULL;NULL;NULL;NULL;"A";"B"
"5103";"3";"1507";"US";"flag-us";"Actualizado 28/05/2020";"126";"60000";"126";"60000";"0";"0";NULL;NULL;NULL;NULL;"A";"B"
"5102";"3";"1506";"CA";"flag-ca";"Actualizado 28/05/2020";"31";"9600";"31";"9600";"0";"0";NULL;NULL;NULL;NULL;"A";"B"
"5101";"3";"1505";"US";"flag-us";"Actualizado 28/05/2020";"126";"60000";"126";"60000";"0";"0";NULL;NULL;NULL;NULL;"A";"B"
"5100";"3";"1504";"US";"flag-us";"Actualizado 28/05/2020";"126";"60000";"126";"60000";"0";"0";NULL;NULL;NULL;NULL;"A";"B"
"5099";"3";"1503";"US";"flag-us";"Actualizado 28/05/2020";"126";"60000";"126";"60000";"0";"0";NULL;NULL;NULL;NULL;"A";"B"
"5098";"3";"1502";"US";"flag-us";"Actualizado 28/05/2020";"126";"60000";"126";"60000";"0";"0";NULL;NULL;NULL;NULL;"A";"B"
"5097";"3";"1501";"US";"flag-us";"Actualizado 28/05/2020";"126";"60000";"126";"60000";"0";"0";NULL;NULL;NULL;NULL;"A";"B"
"5096";"3";"1484";"US";"flag-us";"Actualizado 28/05/2020";"126";"60000";"126";"60000";"0";"0";NULL;NULL;NULL;NULL;"A";"B"
"5095";"3";"1480";"US";"flag-us";"Actualizado 28/05/2020";"126";"60000";"126";"60000";"0";"0";NULL;NULL;NULL;NULL;"A";"B"
"5094";"3";"1479";"US";"flag-us";"Actualizado 28/05/2020";"126";"60000";"126";"60000";"0";"0";NULL;NULL;NULL;NULL;"A";"B"
"5093";"3";"1478";"US";"flag-us";"Actualizado 28/05/2020";"126";"60000";"126";"60000";"0";"0";NULL;NULL;NULL;NULL;"A";"B"
"5092";"3";"1475";"US";"flag-us";"Actualizado 28/05/2020";"126";"60000";"126";"60000";"0";"0";NULL;NULL;NULL;NULL;"A";"B"
"5090";"3";"1473";"GD";"flag-gd";"Actualizado 28/05/2020";"1";"60";"1";"60";"0";"0";NULL;NULL;NULL;NULL;"A";"B"
"5089";"3";"1470";"US";"flag-us";"Actualizado 28/05/2020";"126";"60000";"126";"60000";"0";"0";NULL;NULL;NULL;NULL;"A";"B"
"5088";"3";"1469";"US";"flag-us";"Actualizado 28/05/2020";"126";"60000";"126";"60000";"0";"0";NULL;NULL;NULL;NULL;"A";"B"
"5083";"3";"1450";"CA";"flag-ca";"Actualizado 28/05/2020";"31";"9600";"31";"9600";"0";"0";NULL;NULL;NULL;NULL;"A";"B"
"5491";"5";"32";"BL";;;"40";"7200";"1";"60";"0";"0";NULL;NULL;NULL;NULL;"A";"N"
"5080";"3";"1443";"US";"flag-us";"Actualizado 28/05/2020";"126";"60000";"126";"60000";"0";"0";NULL;NULL;NULL;NULL;"A";"B"
"5078";"3";"1441";"BM";"flag-bm";"Actualizado 28/05/2020";"1";"60";"1";"60";"0";"0";NULL;NULL;NULL;NULL;"A";"B"
"5077";"3";"1440";"US";"flag-us";"Actualizado 28/05/2020";"126";"60000";"126";"60000";"0";"0";NULL;NULL;NULL;NULL;"A";"B"
"5076";"3";"1438";"CA";"flag-ca";"Actualizado 28/05/2020";"31";"9600";"31";"9600";"0";"0";NULL;NULL;NULL;NULL;"A";"B"
"5075";"3";"1437";"CA";"flag-ca";"Actualizado 28/05/2020";"31";"9600";"31";"9600";"0";"0";NULL;NULL;NULL;NULL;"A";"B"
"5074";"3";"1435";"US";"flag-us";"Actualizado 28/05/2020";"126";"60000";"126";"60000";"0";"0";NULL;NULL;NULL;NULL;"A";"B"
"5073";"3";"1434";"US";"flag-us";"Actualizado 28/05/2020";"126";"60000";"126";"60000";"0";"0";NULL;NULL;NULL;NULL;"A";"B"
"5072";"3";"1432";"US";"flag-us";"Actualizado 28/05/2020";"126";"60000";"126";"60000";"0";"0";NULL;NULL;NULL;NULL;"A";"B"
"5522";"5";"77";"RU";;;"5";"300";"1";"600";"0";"0";NULL;NULL;NULL;NULL;"A";"B"
"5523";"5";"78";"RU";;;"25";"5000";"1";"60";"0";"0";NULL;NULL;NULL;NULL;"A";"B"
"5069";"3";"1425";"US";"flag-us";"Actualizado 28/05/2020";"126";"60000";"126";"60000";"0";"0";NULL;NULL;NULL;NULL;"A";"B"
"5068";"3";"1424";"US";"flag-us";"Actualizado 28/05/2020";"126";"60000";"126";"60000";"0";"0";NULL;NULL;NULL;NULL;"A";"B"
"5067";"3";"1423";"US";"flag-us";"Actualizado 28/05/2020";"126";"60000";"126";"60000";"0";"0";NULL;NULL;NULL;NULL;"A";"B"
"5066";"3";"1419";"US";"flag-us";"Actualizado 28/05/2020";"126";"60000";"126";"60000";"0";"0";NULL;NULL;NULL;NULL;"A";"B"
"5065";"3";"1418";"CA";"flag-ca";"Actualizado 28/05/2020";"31";"9600";"31";"9600";"0";"0";NULL;NULL;NULL;NULL;"A";"B"
"5064";"3";"1417";"US";"flag-us";"Actualizado 28/05/2020";"126";"60000";"126";"60000";"0";"0";NULL;NULL;NULL;NULL;"A";"B"
"5063";"3";"1416";"CA";"flag-ca";"Actualizado 28/05/2020";"31";"9600";"31";"9600";"0";"0";NULL;NULL;NULL;NULL;"A";"B"
"5062";"3";"1415";"US";"flag-us";"Actualizado 28/05/2020";"126";"60000";"126";"60000";"0";"0";NULL;NULL;NULL;NULL;"A";"B"
"5061";"3";"1414";"US";"flag-us";"Actualizado 28/05/2020";"126";"60000";"126";"60000";"0";"0";NULL;NULL;NULL;NULL;"A";"B"
"5060";"3";"1413";"US";"flag-us";"Actualizado 28/05/2020";"126";"60000";"126";"60000";"0";"0";NULL;NULL;NULL;NULL;"A";"B"
"5059";"3";"1412";"US";"flag-us";"Actualizado 28/05/2020";"126";"60000";"126";"60000";"0";"0";NULL;NULL;NULL;NULL;"A";"B"
"5058";"3";"1410";"US";"flag-us";"Actualizado 28/05/2020";"126";"60000";"126";"60000";"0";"0";NULL;NULL;NULL;NULL;"A";"B"
"5057";"3";"1409";"US";"flag-us";"Actualizado 28/05/2020";"126";"60000";"126";"60000";"0";"0";NULL;NULL;NULL;NULL;"A";"B"
"5056";"3";"1408";"US";"flag-us";"Actualizado 28/05/2020";"126";"60000";"126";"60000";"0";"0";NULL;NULL;NULL;NULL;"A";"B"
"5055";"3";"1407";"US";"flag-us";"Actualizado 28/05/2020";"126";"60000";"126";"60000";"0";"0";NULL;NULL;NULL;NULL;"A";"B"
"5054";"3";"1406";"US";"flag-us";"Actualizado 28/05/2020";"126";"60000";"126";"60000";"0";"0";NULL;NULL;NULL;NULL;"A";"B"
"5053";"3";"1405";"US";"flag-us";"Actualizado 28/05/2020";"126";"60000";"126";"60000";"0";"0";NULL;NULL;NULL;NULL;"A";"B"
"5052";"3";"1404";"US";"flag-us";"Actualizado 28/05/2020";"126";"60000";"126";"60000";"0";"0";NULL;NULL;NULL;NULL;"A";"B"
"5051";"3";"1403";"CA";"flag-ca";"Actualizado 28/05/2020";"31";"9600";"31";"9600";"0";"0";NULL;NULL;NULL;NULL;"A";"B"
"5050";"3";"1402";"US";"flag-us";"Actualizado 28/05/2020";"126";"60000";"126";"60000";"0";"0";NULL;NULL;NULL;NULL;"A";"B"
"5049";"3";"1401";"US";"flag-us";"Actualizado 28/05/2020";"126";"60000";"126";"60000";"0";"0";NULL;NULL;NULL;NULL;"A";"B"
"5048";"3";"1386";"US";"flag-us";"Actualizado 28/05/2020";"126";"60000";"126";"60000";"0";"0";NULL;NULL;NULL;NULL;"A";"B"
"5047";"3";"1385";"US";"flag-us";"Actualizado 28/05/2020";"126";"60000";"126";"60000";"0";"0";NULL;NULL;NULL;NULL;"A";"B"
"5043";"3";"1365";"CA";"flag-ca";"Actualizado 28/05/2020";"31";"9600";"31";"9600";"0";"0";NULL;NULL;NULL;NULL;"A";"B"
"5521";"5";"74";"RU";;;"25";"5000";"1";"60";"0";"0";NULL;NULL;NULL;NULL;"A";"B"
"5041";"3";"1361";"US";"flag-us";"Actualizado 28/05/2020";"126";"60000";"126";"60000";"0";"0";NULL;NULL;NULL;NULL;"A";"B"
"5040";"3";"1360";"US";"flag-us";"Actualizado 28/05/2020";"126";"60000";"126";"60000";"0";"0";NULL;NULL;NULL;NULL;"A";"B"
"5520";"5";"72";"RU";;;"25";"5000";"1";"60";"0";"0";NULL;NULL;NULL;NULL;"A";"B"
"5038";"3";"1352";"US";"flag-us";"Actualizado 28/05/2020";"126";"60000";"126";"60000";"0";"0";NULL;NULL;NULL;NULL;"A";"B"
"5499";"5";"44";"GB";;;"15";"100";"2";"60";"0";"0";NULL;NULL;NULL;NULL;"A";"B"
"5036";"3";"1347";"US";"flag-us";"Actualizado 28/05/2020";"126";"60000";"126";"60000";"0";"0";NULL;NULL;NULL;NULL;"A";"B"
"5035";"3";"1346";"US";"flag-us";"Actualizado 28/05/2020";"126";"60000";"126";"60000";"0";"0";NULL;NULL;NULL;NULL;"A";"B"
"5034";"3";"1345";"KY";"flag-ky";"Actualizado 28/05/2020";"1";"60";"1";"60";"0";"0";NULL;NULL;NULL;NULL;"A";"B"
"5519";"5";"66";"TH";;;"25";"5000";"1";"60";"0";"0";NULL;NULL;NULL;NULL;"A";"B"
"5031";"3";"1340";"VI";"flag-vi";"Actualizado 28/05/2020";"1";"60";"1";"60";"0";"0";NULL;NULL;NULL;NULL;"A";"B"
"5030";"3";"1339";"US";"flag-us";"Actualizado 28/05/2020";"126";"60000";"126";"60000";"0";"0";NULL;NULL;NULL;NULL;"A";"B"
"5029";"3";"1337";"US";"flag-us";"Actualizado 28/05/2020";"126";"60000";"126";"60000";"0";"0";NULL;NULL;NULL;NULL;"A";"B"
"5028";"3";"1336";"US";"flag-us";"Actualizado 28/05/2020";"126";"60000";"126";"60000";"0";"0";NULL;NULL;NULL;NULL;"A";"B"
"5518";"5";"65";"SG";;;"25";"5000";"1";"60";"0";"0";NULL;NULL;NULL;NULL;"A";"B"
"5026";"3";"1332";"US";"flag-us";"Actualizado 28/05/2020";"126";"60000";"126";"60000";"0";"0";NULL;NULL;NULL;NULL;"A";"B"
"5025";"3";"1331";"US";"flag-us";"Actualizado 28/05/2020";"126";"60000";"126";"60000";"0";"0";NULL;NULL;NULL;NULL;"A";"B"
"5024";"3";"1330";"US";"flag-us";"Actualizado 28/05/2020";"126";"60000";"126";"60000";"0";"0";NULL;NULL;NULL;NULL;"A";"B"
"5496";"5";"40";"RO";;;"25";"1200";"1";"60";"0";"0";NULL;NULL;NULL;NULL;"A";"N"
"5022";"3";"1325";"US";"flag-us";"Actualizado 28/05/2020";"126";"60000";"126";"60000";"0";"0";NULL;NULL;NULL;NULL;"A";"B"
"5021";"3";"1323";"US";"flag-us";"Actualizado 28/05/2020";"126";"60000";"126";"60000";"0";"0";NULL;NULL;NULL;NULL;"A";"B"
"5019";"3";"1321";"US";"flag-us";"Actualizado 28/05/2020";"126";"60000";"126";"60000";"0";"0";NULL;NULL;NULL;NULL;"A";"B"
"5018";"3";"1320";"US";"flag-us";"Actualizado 28/05/2020";"126";"60000";"126";"60000";"0";"0";NULL;NULL;NULL;NULL;"A";"B"
"5017";"3";"1319";"US";"flag-us";"Actualizado 28/05/2020";"126";"60000";"126";"60000";"0";"0";NULL;NULL;NULL;NULL;"A";"B"
"5016";"3";"1318";"US";"flag-us";"Actualizado 28/05/2020";"126";"60000";"126";"60000";"0";"0";NULL;NULL;NULL;NULL;"A";"B"
"5015";"3";"1317";"US";"flag-us";"Actualizado 28/05/2020";"126";"60000";"126";"60000";"0";"0";NULL;NULL;NULL;NULL;"A";"B"
"5014";"3";"1316";"US";"flag-us";"Actualizado 28/05/2020";"126";"60000";"126";"60000";"0";"0";NULL;NULL;NULL;NULL;"A";"B"
"5013";"3";"1315";"US";"flag-us";"Actualizado 28/05/2020";"126";"60000";"126";"60000";"0";"0";NULL;NULL;NULL;NULL;"A";"B"
"5012";"3";"1314";"US";"flag-us";"Actualizado 28/05/2020";"126";"60000";"126";"60000";"0";"0";NULL;NULL;NULL;NULL;"A";"B"
"5011";"3";"1313";"US";"flag-us";"Actualizado 28/05/2020";"126";"60000";"126";"60000";"0";"0";NULL;NULL;NULL;NULL;"A";"B"
"5010";"3";"1312";"US";"flag-us";"Actualizado 28/05/2020";"126";"60000";"126";"60000";"0";"0";NULL;NULL;NULL;NULL;"A";"B"
"5009";"3";"1310";"US";"flag-us";"Actualizado 28/05/2020";"126";"60000";"126";"60000";"0";"0";NULL;NULL;NULL;NULL;"A";"B"
"5008";"3";"1309";"US";"flag-us";"Actualizado 28/05/2020";"126";"60000";"126";"60000";"0";"0";NULL;NULL;NULL;NULL;"A";"B"
"5007";"3";"1308";"US";"flag-us";"Actualizado 28/05/2020";"126";"60000";"126";"60000";"0";"0";NULL;NULL;NULL;NULL;"A";"B"
"5006";"3";"1307";"US";"flag-us";"Actualizado 28/05/2020";"126";"60000";"126";"60000";"0";"0";NULL;NULL;NULL;NULL;"A";"B"
"5005";"3";"1306";"CA";"flag-ca";"Actualizado 28/05/2020";"31";"9600";"31";"9600";"0";"0";NULL;NULL;NULL;NULL;"A";"B"
"5004";"3";"1305";"US";"flag-us";"Actualizado 28/05/2020";"126";"60000";"126";"60000";"0";"0";NULL;NULL;NULL;NULL;"A";"B"
"5003";"3";"1304";"US";"flag-us";"Actualizado 28/05/2020";"126";"60000";"126";"60000";"0";"0";NULL;NULL;NULL;NULL;"A";"B"
"5002";"3";"1303";"US";"flag-us";"Actualizado 28/05/2020";"126";"60000";"126";"60000";"0";"0";NULL;NULL;NULL;NULL;"A";"B"
"5001";"3";"1302";"US";"flag-us";"Actualizado 28/05/2020";"126";"60000";"126";"60000";"0";"0";NULL;NULL;NULL;NULL;"A";"B"
"5000";"3";"1301";"US";"flag-us";"Actualizado 28/05/2020";"126";"60000";"126";"60000";"0";"0";NULL;NULL;NULL;NULL;"A";"B"
"4999";"3";"1289";"CA";"flag-ca";"Actualizado 28/05/2020";"31";"9600";"31";"9600";"0";"0";NULL;NULL;NULL;NULL;"A";"B"
"4998";"3";"1284";"VG";"flag-vg";"Actualizado 28/05/2020";"1";"60";"1";"60";"0";"0";NULL;NULL;NULL;NULL;"A";"B"
"5517";"5";"64";"NZ";;;"25";"5000";"1";"60";"0";"0";NULL;NULL;NULL;NULL;"A";"B"
"4996";"3";"1281";"US";"flag-us";"Actualizado 28/05/2020";"126";"60000";"126";"60000";"0";"0";NULL;NULL;NULL;NULL;"A";"B"
"5560";"5";"251";"ET";"flag-et";;"25";"5000";"15";"5000";"0";"0";NULL;NULL;NULL;NULL;"A";"B"
"4994";"3";"1276";"US";"flag-us";"Actualizado 28/05/2020";"126";"60000";"126";"60000";"0";"0";NULL;NULL;NULL;NULL;"A";"B"
"5516";"5";"63";"PH";;;"25";"5000";"1";"60";"0";"0";NULL;NULL;NULL;NULL;"A";"B"
"4992";"3";"1272";"US";"flag-us";"Actualizado 28/05/2020";"126";"60000";"126";"60000";"0";"0";NULL;NULL;NULL;NULL;"A";"B"
"4991";"3";"1270";"US";"flag-us";"Actualizado 28/05/2020";"126";"60000";"126";"60000";"0";"0";NULL;NULL;NULL;NULL;"A";"B"
"4990";"3";"1269";"US";"flag-us";"Actualizado 28/05/2020";"126";"60000";"126";"60000";"0";"0";NULL;NULL;NULL;NULL;"A";"B"
"4989";"3";"1268";"AG";"flag-ag";"Actualizado 28/05/2020";"1";"60";"1";"60";"0";"0";NULL;NULL;NULL;NULL;"A";"B"
"4988";"3";"1267";"US";"flag-us";"Actualizado 28/05/2020";"126";"60000";"126";"60000";"0";"0";NULL;NULL;NULL;NULL;"A";"B"
"4986";"3";"1262";"US";"flag-us";"Actualizado 28/05/2020";"126";"60000";"126";"60000";"0";"0";NULL;NULL;NULL;NULL;"A";"B"
"4985";"3";"1260";"US";"flag-us";"Actualizado 28/05/2020";"126";"60000";"126";"60000";"0";"0";NULL;NULL;NULL;NULL;"A";"B"
"4984";"3";"1256";"US";"flag-us";"Actualizado 28/05/2020";"126";"60000";"126";"60000";"0";"0";NULL;NULL;NULL;NULL;"A";"B"
"4983";"3";"1254";"US";"flag-us";"Actualizado 28/05/2020";"126";"60000";"126";"60000";"0";"0";NULL;NULL;NULL;NULL;"A";"B"
"4982";"3";"1253";"US";"flag-us";"Actualizado 28/05/2020";"126";"60000";"126";"60000";"0";"0";NULL;NULL;NULL;NULL;"A";"B"
"4981";"3";"1252";"US";"flag-us";"Actualizado 28/05/2020";"126";"60000";"126";"60000";"0";"0";NULL;NULL;NULL;NULL;"A";"B"
"4980";"3";"1251";"US";"flag-us";"Actualizado 28/05/2020";"126";"60000";"126";"60000";"0";"0";NULL;NULL;NULL;NULL;"A";"B"
"4979";"3";"1250";"CA";"flag-ca";"Actualizado 28/05/2020";"31";"9600";"31";"9600";"0";"0";NULL;NULL;NULL;NULL;"A";"B"
"4978";"3";"1249";"CA";"flag-ca";"Actualizado 28/05/2020";"31";"9600";"31";"9600";"0";"0";NULL;NULL;NULL;NULL;"A";"B"
"4977";"3";"1248";"US";"flag-us";"Actualizado 28/05/2020";"126";"60000";"126";"60000";"0";"0";NULL;NULL;NULL;NULL;"A";"B"
"4976";"3";"1246";"BB";"flag-bb";"Actualizado 28/05/2020";"1";"60";"1";"60";"0";"0";NULL;NULL;NULL;NULL;"A";"B"
"4975";"3";"1242";"BS";"flag-bs";"Actualizado 28/05/2020";"1";"60";"1";"60";"0";"0";NULL;NULL;NULL;NULL;"A";"B"
"4974";"3";"1240";"US";"flag-us";"Actualizado 28/05/2020";"126";"60000";"126";"60000";"0";"0";NULL;NULL;NULL;NULL;"A";"B"
"4973";"3";"1239";"US";"flag-us";"Actualizado 28/05/2020";"126";"60000";"126";"60000";"0";"0";NULL;NULL;NULL;NULL;"A";"B"
"4972";"3";"1236";"US";"flag-us";"Actualizado 28/05/2020";"31";"9600";"31";"9600";"0";"0";NULL;NULL;NULL;NULL;"A";"B"
"4971";"3";"1234";"US";"flag-us";"Actualizado 28/05/2020";"126";"60000";"126";"60000";"0";"0";NULL;NULL;NULL;NULL;"A";"B"
"4970";"3";"1231";"US";"flag-us";"Actualizado 28/05/2020";"126";"60000";"126";"60000";"0";"0";NULL;NULL;NULL;NULL;"A";"B"
"4969";"3";"1229";"US";"flag-us";"Actualizado 28/05/2020";"126";"60000";"126";"60000";"0";"0";NULL;NULL;NULL;NULL;"A";"B"
"4968";"3";"1228";"US";"flag-us";"Actualizado 28/05/2020";"126";"60000";"126";"60000";"0";"0";NULL;NULL;NULL;NULL;"A";"B"
"4967";"3";"1227";"US";"flag-us";"Actualizado 28/05/2020";"126";"60000";"126";"60000";"0";"0";NULL;NULL;NULL;NULL;"A";"B"
"4966";"3";"1226";"CA";"flag-ca";"Actualizado 28/05/2020";"31";"9600";"31";"9600";"0";"0";NULL;NULL;NULL;NULL;"A";"B"
"4965";"3";"1225";"US";"flag-us";"Actualizado 28/05/2020";"126";"60000";"126";"60000";"0";"0";NULL;NULL;NULL;NULL;"A";"B"
"4964";"3";"1224";"US";"flag-us";"Actualizado 28/05/2020";"126";"60000";"126";"60000";"0";"0";NULL;NULL;NULL;NULL;"A";"B"
"4961";"3";"1219";"US";"flag-us";"Actualizado 28/05/2020";"126";"60000";"126";"60000";"0";"0";NULL;NULL;NULL;NULL;"A";"B"
"4960";"3";"1218";"US";"flag-us";"Actualizado 28/05/2020";"126";"60000";"126";"60000";"0";"0";NULL;NULL;NULL;NULL;"A";"B"
"4959";"3";"1217";"US";"flag-us";"Actualizado 28/05/2020";"126";"60000";"126";"60000";"0";"0";NULL;NULL;NULL;NULL;"A";"B"
"4958";"3";"1216";"US";"flag-us";"Actualizado 28/05/2020";"126";"60000";"126";"60000";"0";"0";NULL;NULL;NULL;NULL;"A";"B"
"4957";"3";"1215";"US";"flag-us";"Actualizado 28/05/2020";"126";"60000";"126";"60000";"0";"0";NULL;NULL;NULL;NULL;"A";"B"
"4956";"3";"1214";"US";"flag-us";"Actualizado 28/05/2020";"126";"60000";"126";"60000";"0";"0";NULL;NULL;NULL;NULL;"A";"B"
"4955";"3";"1213";"US";"flag-us";"Actualizado 28/05/2020";"126";"60000";"126";"60000";"0";"0";NULL;NULL;NULL;NULL;"A";"B"
"4954";"3";"1212";"US";"flag-us";"Actualizado 28/05/2020";"126";"60000";"126";"60000";"0";"0";NULL;NULL;NULL;NULL;"A";"B"
"4953";"3";"1210";"US";"flag-us";"Actualizado 28/05/2020";"126";"60000";"126";"60000";"0";"0";NULL;NULL;NULL;NULL;"A";"B"
"4952";"3";"1209";"US";"flag-us";"Actualizado 28/05/2020";"126";"60000";"126";"60000";"0";"0";NULL;NULL;NULL;NULL;"A";"B"
"4951";"3";"1208";"US";"flag-us";"Actualizado 28/05/2020";"126";"60000";"126";"60000";"0";"0";NULL;NULL;NULL;NULL;"A";"B"
"4950";"3";"1207";"US";"flag-us";"Actualizado 28/05/2020";"126";"60000";"126";"60000";"0";"0";NULL;NULL;NULL;NULL;"A";"B"
"4949";"3";"1206";"US";"flag-us";"Actualizado 28/05/2020";"126";"60000";"126";"60000";"0";"0";NULL;NULL;NULL;NULL;"A";"B"
"4948";"3";"1205";"US";"flag-us";"Actualizado 28/05/2020";"126";"60000";"126";"60000";"0";"0";NULL;NULL;NULL;NULL;"A";"B"
"4947";"3";"1204";"CA";"flag-ca";"Actualizado 28/05/2020";"31";"9600";"31";"9600";"0";"0";NULL;NULL;NULL;NULL;"A";"B"
"4946";"3";"1203";"US";"flag-us";"Actualizado 28/05/2020";"126";"60000";"126";"60000";"0";"0";NULL;NULL;NULL;NULL;"A";"B"
"4945";"3";"1202";"US";"flag-us";"Actualizado 28/05/2020";"126";"60000";"126";"60000";"0";"0";NULL;NULL;NULL;NULL;"A";"B"
"4944";"3";"1201";"US";"flag-us";"Actualizado 28/05/2020";"126";"60000";"126";"60000";"0";"0";NULL;NULL;NULL;NULL;"A";"B"
"4941";"3";"998";"UZ";"flag-uz";"Actualizado 28/05/2020";"1";"60";"1";"60";"0";"0";NULL;NULL;NULL;NULL;"A";"B"
"4940";"3";"996";"KG";"flag-kg";"Actualizado 28/05/2020";"1";"60";"1";"60";"0";"0";NULL;NULL;NULL;NULL;"A";"B"
"4939";"3";"995";"GE";"flag-ge";"Actualizado 28/05/2020";"1";"60";"1";"60";"0";"0";NULL;NULL;NULL;NULL;"A";"B"
"4938";"3";"994";"AZ";"flag-az";"Actualizado 28/05/2020";"1";"60";"1";"60";"0";"0";NULL;NULL;NULL;NULL;"A";"B"
"4937";"3";"993";"TM";"flag-tm";"Actualizado 28/05/2020";"1";"60";"1";"60";"0";"0";NULL;NULL;NULL;NULL;"A";"B"
"4936";"3";"992";"TJ";"flag-tj";"Actualizado 28/05/2020";"1";"60";"1";"60";"0";"0";NULL;NULL;NULL;NULL;"A";"B"
"4935";"3";"977";"NP";"flag-np";"Actualizado 28/05/2020";"1";"60";"1";"60";"0";"0";NULL;NULL;NULL;NULL;"A";"B"
"4934";"3";"976";"MN";"flag-mn";"Actualizado 28/05/2020";"1";"60";"1";"60";"0";"0";NULL;NULL;NULL;NULL;"A";"B"
"4933";"3";"975";"BT";"flag-bt";"Actualizado 28/05/2020";"1";"60";"1";"60";"0";"0";NULL;NULL;NULL;NULL;"A";"B"
"4932";"3";"974";"QA";"flag-qa";"Actualizado 28/05/2020";"1";"60";"1";"60";"0";"0";NULL;NULL;NULL;NULL;"A";"B"
"4931";"3";"973";"BH";"flag-bh";"Actualizado 28/05/2020";"1";"60";"1";"60";"0";"0";NULL;NULL;NULL;NULL;"A";"B"
"4930";"3";"972";"IL";"flag-il";"Actualizado 28/05/2020";"1";"60";"1";"60";"0";"0";NULL;NULL;NULL;NULL;"A";"B"
"4929";"3";"971";"AE";"flag-ae";"Actualizado 28/05/2020";"1";"60";"1";"60";"0";"0";NULL;NULL;NULL;NULL;"A";"B"
"4928";"3";"970";"PS";"flag-ps";"Actualizado 28/05/2020";"1";"60";"1";"60";"0";"0";NULL;NULL;NULL;NULL;"A";"B"
"4927";"3";"968";"OM";"flag-om";"Actualizado 28/05/2020";"1";"60";"1";"60";"0";"0";NULL;NULL;NULL;NULL;"A";"B"
"4926";"3";"967";"YE";"flag-ye";"Actualizado 28/05/2020";"1";"60";"1";"60";"0";"0";NULL;NULL;NULL;NULL;"A";"B"
"4925";"3";"966";"SA";"flag-sa";"Actualizado 28/05/2020";"1";"60";"1";"60";"0";"0";NULL;NULL;NULL;NULL;"A";"B"
"4924";"3";"965";"ES";"flag-es";"Actualizado 28/05/2020";"1";"60";"1";"60";"0";"0";NULL;NULL;NULL;NULL;"A";"B"
"4923";"3";"964";"IQ";"flag-iq";"Actualizado 28/05/2020";"1";"60";"1";"60";"0";"0";NULL;NULL;NULL;NULL;"A";"B"
"4922";"3";"963";"SY";"flag-sy";"Actualizado 28/05/2020";"1";"60";"1";"60";"0";"0";NULL;NULL;NULL;NULL;"A";"B"
"4921";"3";"962";"JO";"flag-jo";"Actualizado 28/05/2020";"1";"60";"1";"60";"0";"0";NULL;NULL;NULL;NULL;"A";"B"
"4920";"3";"961";"LB";"flag-lb";"Actualizado 28/05/2020";"1";"60";"1";"60";"0";"0";NULL;NULL;NULL;NULL;"A";"B"
"4919";"3";"960";"MW";"flag-mw";"Actualizado 28/05/2020";"1";"60";"1";"60";"0";"0";NULL;NULL;NULL;NULL;"A";"B"
"4918";"3";"886";"TW";NULL;"Actualizado 28/05/2020";"1";"60";"1";"60";"0";"0";NULL;NULL;NULL;NULL;"A";"B"
"4917";"3";"880";"BD";"flag-bd";"Actualizado 28/05/2020";"1";"60";"1";"60";"0";"0";NULL;NULL;NULL;NULL;"A";"B"
"4916";"3";"876";"NL";"flag-nl";"Actualizado 28/05/2020";"1";"120";"1";"120";"0";"0";NULL;NULL;NULL;NULL;"A";"B"
"4915";"3";"872";"NL";"flag-nl";"Actualizado 28/05/2020";"1";"60";"1";"60";"0";"0";NULL;NULL;NULL;NULL;"A";"B"
"4914";"3";"856";"LA";"flag-la";"Actualizado 28/05/2020";"1";"60";"1";"60";"0";"0";NULL;NULL;NULL;NULL;"A";"B"
"4913";"3";"855";"KH";"flag-kh";"Actualizado 28/05/2020";"1";"60";"1";"60";"0";"0";NULL;NULL;NULL;NULL;"A";"B"
"4912";"3";"853";"MO";"flag-mo";"Actualizado 28/05/2020";"1";"60";"1";"60";"0";"0";NULL;NULL;NULL;NULL;"A";"B"
"4911";"3";"852";"HK";"flag-hk";"Actualizado 28/05/2020";"2";"240";"2";"240";"0";"0";NULL;NULL;NULL;NULL;"A";"B"
"4910";"3";"850";"KP";"flag-kp";"Actualizado 28/05/2020";"1";"60";"1";"60";"0";"0";NULL;NULL;NULL;NULL;"A";"B"
"4909";"3";"699";"--";"--";"Actualizado 28/05/2020";"1";"60";"1";"60";"0";"0";NULL;NULL;NULL;NULL;"A";"B"
"4908";"3";"692";"MH";"flag-mh";"Actualizado 28/05/2020";"1";"60";"1";"60";"0";"0";NULL;NULL;NULL;NULL;"A";"B"
"4907";"3";"691";"FM";"flag-fm";"Actualizado 28/05/2020";"1";"60";"1";"60";"0";"0";NULL;NULL;NULL;NULL;"A";"B"
"4906";"3";"690";"TK";"flag-tk";"Actualizado 28/05/2020";"1";"60";"1";"60";"0";"0";NULL;NULL;NULL;NULL;"A";"B"
"4905";"3";"689";"PF";"flag-pf";"Actualizado 28/05/2020";"1";"60";"1";"60";"0";"0";NULL;NULL;NULL;NULL;"A";"B"
"4904";"3";"688";"TV";"flag-tv";"Actualizado 28/05/2020";"1";"60";"1";"60";"0";"0";NULL;NULL;NULL;NULL;"A";"B"
"4903";"3";"687";"NC";"flag-nc";"Actualizado 28/05/2020";"1";"60";"1";"60";"0";"0";NULL;NULL;NULL;NULL;"A";"B"
"4902";"3";"686";"KI";"flag-ki";"Actualizado 28/05/2020";"1";"60";"1";"60";"0";"0";NULL;NULL;NULL;NULL;"A";"B"
"4901";"3";"685";"WS";"flag-ws";"Actualizado 28/05/2020";"1";"60";"1";"60";"0";"0";NULL;NULL;NULL;NULL;"A";"B"
"4900";"3";"683";"NU";"flag-nu";"Actualizado 28/05/2020";"1";"60";"1";"60";"0";"0";NULL;NULL;NULL;NULL;"A";"B"
"4899";"3";"682";"CK";"flag-ck";"Actualizado 28/05/2020";"1";"60";"1";"60";"0";"0";NULL;NULL;NULL;NULL;"A";"B"
"4898";"3";"681";"WF";"flag-wf";"Actualizado 28/05/2020";"1";"60";"1";"60";"0";"0";NULL;NULL;NULL;NULL;"A";"B"
"4897";"3";"680";"PW";"flag-pw";"Actualizado 28/05/2020";"1";"60";"1";"60";"0";"0";NULL;NULL;NULL;NULL;"A";"B"
"4896";"3";"679";"FJ";"flag-fj";"Actualizado 28/05/2020";"1";"60";"1";"60";"0";"0";NULL;NULL;NULL;NULL;"A";"B"
"4895";"3";"678";"VU";"flag-vu";"Actualizado 28/05/2020";"1";"60";"1";"60";"0";"0";NULL;NULL;NULL;NULL;"A";"B"
"4894";"3";"677";"SB";"flag-sb";"Actualizado 28/05/2020";"1";"60";"1";"60";"0";"0";NULL;NULL;NULL;NULL;"A";"B"
"4893";"3";"676";"TO";"flag-to";"Actualizado 28/05/2020";"1";"60";"1";"60";"0";"0";NULL;NULL;NULL;NULL;"A";"B"
"4892";"3";"675";"PG";"flag-pg";"Actualizado 28/05/2020";"1";"60";"1";"60";"0";"0";NULL;NULL;NULL;NULL;"A";"B"
"4891";"3";"674";"NR";"flag-nr";"Actualizado 28/05/2020";"1";"60";"1";"60";"0";"0";NULL;NULL;NULL;NULL;"A";"B"
"4890";"3";"673";"BN";"flag-bn";"Actualizado 28/05/2020";"1";"60";"1";"60";"0";"0";NULL;NULL;NULL;NULL;"A";"B"
"4889";"3";"672";"AQ";"flag-aq";"Actualizado 28/05/2020";"1";"60";"1";"60";"0";"0";NULL;NULL;NULL;NULL;"A";"B"
"4888";"3";"670";"TL";"flag-tl";"Actualizado 28/05/2020";"1";"60";"1";"60";"0";"0";NULL;NULL;NULL;NULL;"A";"B"
"4887";"3";"599";"AN";"flag-an";"Actualizado 28/05/2020";"1";"60";"1";"60";"0";"0";NULL;NULL;NULL;NULL;"A";"B"
"4886";"3";"598";"UY";"flag-uy";"Actualizado 28/05/2020";"24";"11400";"24";"11400";"0";"0";NULL;NULL;NULL;NULL;"A";"B"
"4885";"3";"597";"SR";"flag-sr";"Actualizado 28/05/2020";"1";"60";"1";"60";"0";"0";NULL;NULL;NULL;NULL;"A";"B"
"4884";"3";"596";"MW";"flag-mq";"Actualizado 28/05/2020";"1";"60";"1";"60";"0";"0";NULL;NULL;NULL;NULL;"A";"B"
"4883";"3";"595";"PY";"flag-py";"Actualizado 28/05/2020";"3";"1020";"3";"1020";"0";"0";NULL;NULL;NULL;NULL;"A";"B"
"4882";"3";"594";"GF";"flag-gf";"Actualizado 28/05/2020";"1";"60";"1";"60";"0";"0";NULL;NULL;NULL;NULL;"A";"B"
"4881";"3";"593";"EC";"flag-ec";"Actualizado 28/05/2020";"4";"1500";"4";"1500";"0";"0";NULL;NULL;NULL;NULL;"A";"B"
"4880";"3";"592";"GY";"flag-gy";"Actualizado 28/05/2020";"1";"60";"1";"60";"0";"0";NULL;NULL;NULL;NULL;"A";"B"
"4879";"3";"591";"BO";"flag-bo";"Actualizado 28/05/2020";"1";"60";"1";"60";"0";"0";NULL;NULL;NULL;NULL;"A";"B"
"4878";"3";"590";"GP";"flag-gp";"Actualizado 28/05/2020";"1";"60";"1";"60";"0";"0";NULL;NULL;NULL;NULL;"A";"B"
"4877";"3";"509";"HT";"flag-ht";"Actualizado 28/05/2020";"1";"60";"1";"60";"0";"0";NULL;NULL;NULL;NULL;"A";"B"
"4876";"3";"508";"PM";"flag-pm";"Actualizado 28/05/2020";"1";"60";"1";"60";"0";"0";NULL;NULL;NULL;NULL;"A";"B"
"4875";"3";"507";"PA";"flag-pa";"Actualizado 28/05/2020";"45";"12300";"45";"12300";"0";"0";NULL;NULL;NULL;NULL;"A";"B"
"4874";"3";"505";"NI";"flag-ni";"Actualizado 28/05/2020";"9";"2400";"9";"2400";"0";"0";NULL;NULL;NULL;NULL;"A";"B"
"4873";"3";"504";"HN";"flag-hn";"Creación: 2017-05-31 23:10:13";"10";"4000";"10";"4000";"0";"0";NULL;NULL;NULL;NULL;"A";"B"
"4872";"3";"503";"SV";"flag-sv";"Actualizado 28/05/2020";"20";"6300";"20";"6300";"0";"0";NULL;NULL;NULL;NULL;"A";"B"
"4871";"3";"502";"GT";"flag-gt";"Actualizado 28/05/2020";"60";"13020";"60";"13020";"0";"0";NULL;NULL;NULL;NULL;"A";"B"
"4870";"3";"501";"BZ";"flag-bz";"Actualizado 28/05/2020";"1";"60";"1";"60";"0";"0";NULL;NULL;NULL;NULL;"A";"B"
"4869";"3";"500";"FK";"flag-fk";"Actualizado 28/05/2020";"1";"60";"1";"60";"0";"0";NULL;NULL;NULL;NULL;"A";"B"
"4868";"3";"423";"LI";"flag-li";"Actualizado 28/05/2020";"1";"60";"1";"60";"0";"0";NULL;NULL;NULL;NULL;"A";"B"
"4867";"3";"421";"SK";"flag-sk";"Actualizado 28/05/2020";"1";"60";"1";"60";"0";"0";NULL;NULL;NULL;NULL;"A";"B"
"4866";"3";"420";"CZ";"flag-cz";"Actualizado 28/05/2020";"1";"60";"1";"60";"0";"0";NULL;NULL;NULL;NULL;"A";"B"
"4865";"3";"389";"MK
";"flag-mk";"Actualizado 28/05/2020";"1";"60";"1";"60";"0";"0";NULL;NULL;NULL;NULL;"A";"B"
"4864";"3";"387";"BA";"flag-ba";"Actualizado 28/05/2020";"1";"60";"1";"60";"0";"0";NULL;NULL;NULL;NULL;"A";"B"
"4863";"3";"386";"SI";"flag-si";"Actualizado 28/05/2020";"1";"60";"1";"60";"0";"0";NULL;NULL;NULL;NULL;"A";"B"
"4862";"3";"385";"HR";"flag-hr";"Actualizado 28/05/2020";"1";"60";"1";"60";"0";"0";NULL;NULL;NULL;NULL;"A";"B"
"4861";"3";"383";"KS";"flag-ks";"Actualizado 28/05/2020";"1";"60";"1";"60";"0";"0";NULL;NULL;NULL;NULL;"A";"B"
"4860";"3";"382";"ME";"flag-me";"Actualizado 28/05/2020";"1";"60";"1";"60";"0";"0";NULL;NULL;NULL;NULL;"A";"B"
"4859";"3";"381";"RS";"flag-rs";"Actualizado 28/05/2020";"1";"60";"1";"60";"0";"0";NULL;NULL;NULL;NULL;"A";"B"
"4858";"3";"380";"UA";"flag-ua";"Actualizado 28/05/2020";"1";"60";"1";"60";"0";"0";NULL;NULL;NULL;NULL;"A";"B"
"4857";"3";"379";"VA";"flag-va";"Actualizado 28/05/2020";"1";"60";"1";"60";"0";"0";NULL;NULL;NULL;NULL;"A";"B"
"4856";"3";"378";"SM";"flag-sm";"Actualizado 28/05/2020";"1";"60";"1";"60";"0";"0";NULL;NULL;NULL;NULL;"A";"B"
"4855";"3";"377";"MC";"flag-mc";"Actualizado 28/05/2020";"1";"60";"1";"60";"0";"0";NULL;NULL;NULL;NULL;"A";"B"
"4854";"3";"376";"AD";"flag-ad";"Actualizado 28/05/2020";"1";"60";"1";"60";"0";"0";NULL;NULL;NULL;NULL;"A";"B"
"4853";"3";"375";"BY";"flag-by";"Actualizado 28/05/2020";"1";"60";"1";"60";"0";"0";NULL;NULL;NULL;NULL;"A";"B"
"4852";"3";"374";"AM";"flag-am";"Actualizado 28/05/2020";"1";"60";"1";"60";"0";"0";NULL;NULL;NULL;NULL;"A";"B"
"4851";"3";"373";"MD";"flag-md";"Actualizado 28/05/2020";"1";"60";"1";"60";"0";"0";NULL;NULL;NULL;NULL;"A";"B"
"4850";"3";"372";"EE";"flag-ee";"Actualizado 28/05/2020";"1";"60";"1";"60";"0";"0";NULL;NULL;NULL;NULL;"A";"B"
"4849";"3";"371";"LV";"flag-lv";"Actualizado 28/05/2020";"1";"60";"1";"60";"0";"0";NULL;NULL;NULL;NULL;"A";"B"
"4848";"3";"370";"LT";"flag-lt";"Actualizado 28/05/2020";"1";"60";"1";"60";"0";"0";NULL;NULL;NULL;NULL;"A";"B"
"4847";"3";"359";"BG";"flag-bg";"Actualizado 28/05/2020";"1";"60";"1";"60";"0";"0";NULL;NULL;NULL;NULL;"A";"B"
"4846";"3";"358";"FI";"flag-fi";"Actualizado 28/05/2020";"1";"60";"1";"60";"0";"0";NULL;NULL;NULL;NULL;"A";"B"
"4845";"3";"357";"CY";"flag-cy";"Actualizado 28/05/2020";"1";"60";"1";"60";"0";"0";NULL;NULL;NULL;NULL;"A";"B"
"4844";"3";"356";"MT";"flag-mt";"Actualizado 28/05/2020";"1";"60";"1";"60";"0";"0";NULL;NULL;NULL;NULL;"A";"B"
"4843";"3";"355";"AL";"flag-al";"Actualizado 28/05/2020";"1";"60";"1";"60";"0";"0";NULL;NULL;NULL;NULL;"A";"B"
"4842";"3";"354";"IS";"flag-is";"Actualizado 28/05/2020";"1";"60";"1";"60";"0";"0";NULL;NULL;NULL;NULL;"A";"B"
"4841";"3";"353";"IE";"flag-ie";"Actualizado 28/05/2020";"1";"60";"1";"60";"0";"0";NULL;NULL;NULL;NULL;"A";"B"
"4840";"3";"352";"LU";"flag-lu";"Actualizado 28/05/2020";"1";"60";"1";"60";"0";"0";NULL;NULL;NULL;NULL;"A";"B"
"4839";"3";"351";"PT";"flag-pt";"Actualizado 28/05/2020";"1";"60";"1";"60";"0";"0";NULL;NULL;NULL;NULL;"A";"B"
"4838";"3";"350";"GI";"flag-gi";"Actualizado 28/05/2020";"1";"60";"1";"60";"0";"0";NULL;NULL;NULL;NULL;"A";"B"
"4837";"3";"299";"GL";"flag-gl";"Actualizado 28/05/2020";"1";"60";"1";"60";"0";"0";NULL;NULL;NULL;NULL;"A";"B"
"4836";"3";"298";"AR";"flag-ar";"Actualizado 28/05/2020";"1";"60";"1";"60";"0";"0";NULL;NULL;NULL;NULL;"A";"B"
"4835";"3";"297";"AW";"flag-aw";"Actualizado 28/05/2020";"1";"60";"1";"60";"0";"0";NULL;NULL;NULL;NULL;"A";"B"
"4834";"3";"291";"ER";"flag-er
";"Actualizado 28/05/2020";"1";"60";"1";"60";"0";"0";NULL;NULL;NULL;NULL;"A";"B"
"4833";"3";"290";"ZA";"flag-za";"Actualizado 28/05/2020";"1";"60";"1";"60";"0";"0";NULL;NULL;NULL;NULL;"A";"B"
"4832";"3";"269";"KM";"flag-km";"Actualizado 28/05/2020";"1";"60";"1";"60";"0";"0";NULL;NULL;NULL;NULL;"A";"B"
"4831";"3";"268";"SZ";"flag-sz";"Actualizado 28/05/2020";"1";"60";"1";"60";"0";"0";NULL;NULL;NULL;NULL;"A";"B"
"4830";"3";"267";"BW";"flag-bw";"Actualizado 28/05/2020";"1";"60";"1";"60";"0";"0";NULL;NULL;NULL;NULL;"A";"B"
"4829";"3";"266";"LS";"flag-ls";"Actualizado 28/05/2020";"1";"60";"1";"60";"0";"0";NULL;NULL;NULL;NULL;"A";"B"
"4828";"3";"265";"MW";"flag-mw";"Actualizado 28/05/2020";"1";"60";"1";"60";"0";"0";NULL;NULL;NULL;NULL;"A";"B"
"4827";"3";"264";"NA";"flag-na";"Actualizado 28/05/2020";"1";"60";"1";"60";"0";"0";NULL;NULL;NULL;NULL;"A";"B"
"4826";"3";"263";"ZW";"flag-zw";"Actualizado 28/05/2020";"1";"60";"1";"60";"0";"0";NULL;NULL;NULL;NULL;"A";"B"
"4825";"3";"262";"RE";"flag-re";"Actualizado 28/05/2020";"1";"60";"1";"60";"0";"0";NULL;NULL;NULL;NULL;"A";"B"
"4824";"3";"261";"MG";"flag-mg";"Actualizado 28/05/2020";"1";"60";"1";"60";"0";"0";NULL;NULL;NULL;NULL;"A";"B"
"4823";"3";"260";"ZB";"flag-zb";"Actualizado 28/05/2020";"1";"60";"1";"60";"0";"0";NULL;NULL;NULL;NULL;"A";"B"
"4822";"3";"258";"MZ";"flag-mz";"Actualizado 28/05/2020";"1";"60";"1";"60";"0";"0";NULL;NULL;NULL;NULL;"A";"B"
"4821";"3";"257";"BI";"flag-bi";"Actualizado 28/05/2020";"1";"60";"1";"60";"0";"0";NULL;NULL;NULL;NULL;"A";"B"
"4820";"3";"256";"UG";"flag-ug";"Actualizado 28/05/2020";"1";"60";"1";"60";"0";"0";NULL;NULL;NULL;NULL;"A";"B"
"4819";"3";"255";"TZ";"flag-tz";"Actualizado 28/05/2020";"1";"60";"1";"60";"0";"0";NULL;NULL;NULL;NULL;"A";"B"
"4818";"3";"254";"KE";"flag-ke";"Actualizado 28/05/2020";"1";"60";"1";"60";"0";"0";NULL;NULL;NULL;NULL;"A";"B"
"4817";"3";"253";"DJ";"flag-dj";"Actualizado 28/05/2020";"1";"60";"1";"60";"0";"0";NULL;NULL;NULL;NULL;"A";"B"
"4816";"3";"252";"SO";"flag-so";"Actualizado 28/05/2020";"1";"60";"1";"60";"0";"0";NULL;NULL;NULL;NULL;"A";"B"
"4815";"3";"251";"ET";"flag-et";"Actualizado 28/05/2020";"1";"60";"1";"60";"0";"0";NULL;NULL;NULL;NULL;"A";"B"
"4814";"3";"250";"RW";"flag-rw";"Actualizado 28/05/2020";"1";"60";"1";"60";"0";"0";NULL;NULL;NULL;NULL;"A";"B"
"4813";"3";"249";"SD";"flag-sd
";"Actualizado 28/05/2020";"1";"60";"1";"60";"0";"0";NULL;NULL;NULL;NULL;"A";"B"
"4812";"3";"248";"SC";"flag-sc";"Actualizado 28/05/2020";"1";"60";"1";"60";"0";"0";NULL;NULL;NULL;NULL;"A";"B"
"4811";"3";"247";"AF";"flag-af";"Actualizado 28/05/2020";"1";"60";"1";"60";"0";"0";NULL;NULL;NULL;NULL;"A";"B"
"4810";"3";"246";"IO";"flag-io";"Actualizado 28/05/2020";"1";"60";"1";"60";"0";"0";NULL;NULL;NULL;NULL;"A";"B"
"4809";"3";"245";"GW";"flag-gw";"Actualizado 28/05/2020";"1";"60";"1";"60";"0";"0";NULL;NULL;NULL;NULL;"A";"B"
"4808";"3";"244";"AO";"flag-ao";"Actualizado 28/05/2020";"1";"60";"1";"60";"0";"0";NULL;NULL;NULL;NULL;"A";"B"
"4807";"3";"243";"CD";"flag-cd";"Actualizado 28/05/2020";"1";"60";"1";"60";"0";"0";NULL;NULL;NULL;NULL;"A";"B"
"4806";"3";"242";"CG";"flag-cg
";"Actualizado 28/05/2020";"1";"60";"1";"60";"0";"0";NULL;NULL;NULL;NULL;"A";"B"
"4805";"3";"241";"GA";"flag-ga";"Actualizado 28/05/2020";"1";"60";"1";"60";"0";"0";NULL;NULL;NULL;NULL;"A";"B"
"4804";"3";"240";"GQ";"flag-gq";"Actualizado 28/05/2020";"1";"60";"1";"60";"0";"0";NULL;NULL;NULL;NULL;"A";"B"
"4803";"3";"239";"ST";"flag-st";"Actualizado 28/05/2020";"1";"60";"1";"60";"0";"0";NULL;NULL;NULL;NULL;"A";"B"
"4802";"3";"238";"CV";"flag-cv";"Actualizado 28/05/2020";"1";"60";"1";"60";"0";"0";NULL;NULL;NULL;NULL;"A";"B"
"4801";"3";"237";"CM";"flag-cm";"Actualizado 28/05/2020";"1";"60";"1";"60";"0";"0";NULL;NULL;NULL;NULL;"A";"B"
"4800";"3";"236";"CF";"flag-cf";"Actualizado 28/05/2020";"1";"60";"1";"60";"0";"0";NULL;NULL;NULL;NULL;"A";"B"
"4799";"3";"235";"TD";"flag-td";"Actualizado 28/05/2020";"1";"60";"1";"60";"0";"0";NULL;NULL;NULL;NULL;"A";"B"
"4798";"3";"234";"NG";"flag-ng";"Actualizado 28/05/2020";"1";"60";"1";"60";"0";"0";NULL;NULL;NULL;NULL;"A";"B"
"4797";"3";"233";"GH";"flag-gh";"Actualizado 28/05/2020";"1";"60";"1";"60";"0";"0";NULL;NULL;NULL;NULL;"A";"B"
"4796";"3";"232";"SL";"flag-sl";"Actualizado 28/05/2020";"1";"60";"1";"60";"0";"0";NULL;NULL;NULL;NULL;"A";"B"
"4795";"3";"231";"LR";"flag-lr";"Actualizado 28/05/2020";"1";"60";"1";"60";"0";"0";NULL;NULL;NULL;NULL;"A";"B"
"4794";"3";"230";"MU";"flag-mu";"Actualizado 28/05/2020";"1";"60";"1";"60";"0";"0";NULL;NULL;NULL;NULL;"A";"B"
"4793";"3";"229";"BJ";"flag-bj";"Actualizado 28/05/2020";"1";"60";"1";"60";"0";"0";NULL;NULL;NULL;NULL;"A";"B"
"4792";"3";"228";"TG";"flag-tg";"Actualizado 28/05/2020";"1";"60";"1";"60";"0";"0";NULL;NULL;NULL;NULL;"A";"B"
"4791";"3";"227";"NE";"flag-ne";"Actualizado 28/05/2020";"1";"60";"1";"60";"0";"0";NULL;NULL;NULL;NULL;"A";"B"
"4790";"3";"226";"BF";NULL;"Actualizado 28/05/2020";"1";"60";"1";"60";"0";"0";NULL;NULL;NULL;NULL;"A";"B"
"4789";"3";"225";"CI";"flag-ci";"Actualizado 28/05/2020";"1";"60";"1";"60";"0";"0";NULL;NULL;NULL;NULL;"A";"B"
"4788";"3";"224";"GN";"flag-gn";"Actualizado 28/05/2020";"1";"60";"1";"60";"0";"0";NULL;NULL;NULL;NULL;"A";"B"
"4787";"3";"223";"ML";"flag-ml";"Actualizado 28/05/2020";"1";"60";"1";"60";"0";"0";NULL;NULL;NULL;NULL;"A";"B"
"4786";"3";"222";"MR";"flag-mr";"Actualizado 28/05/2020";"1";"60";"1";"60";"0";"0";NULL;NULL;NULL;NULL;"A";"B"
"4785";"3";"221";"SN";"flag-sn";"Actualizado 28/05/2020";"1";"60";"1";"60";"0";"0";NULL;NULL;NULL;NULL;"A";"B"
"4784";"3";"220";"GM";"flag-gm";"Actualizado 28/05/2020";"1";"60";"1";"60";"0";"0";NULL;NULL;NULL;NULL;"A";"B"
"4783";"3";"218";"LY";"flag-ly";"Actualizado 28/05/2020";"1";"60";"1";"60";"0";"0";NULL;NULL;NULL;NULL;"A";"B"
"4782";"3";"216";"TN";"flag-tn";"Actualizado 28/05/2020";"1";"60";"1";"60";"0";"0";NULL;NULL;NULL;NULL;"A";"B"
"4781";"3";"213";"DZ";"flag-dz";"Actualizado 28/05/2020";"1";"60";"1";"60";"0";"0";NULL;NULL;NULL;NULL;"A";"B"
"4780";"3";"212";"MA";"flag-ma";"Actualizado 28/05/2020";"1";"60";"1";"60";"0";"0";NULL;NULL;NULL;NULL;"A";"B"
"4779";"3";"211";"SD";"flag-sd";"Actualizado 28/05/2020";"1";"60";"1";"60";"0";"0";NULL;NULL;NULL;NULL;"A";"B"
"4777";"3";"98";"IR";"flag-ir";"Actualizado 28/05/2020";"1";"60";"1";"60";"0";"0";NULL;NULL;NULL;NULL;"A";"B"
"4776";"3";"95";"MM";"flag-mm";"Actualizado 28/05/2020";"1";"60";"1";"60";"0";"0";NULL;NULL;NULL;NULL;"A";"B"
"4775";"3";"94";"AS";"flag-as";"Actualizado 28/05/2020";"1";"60";"1";"60";"0";"0";NULL;NULL;NULL;NULL;"A";"B"
"4774";"3";"93";"AF";"flag-af";"Actualizado 28/05/2020";"1";"60";"1";"60";"0";"0";NULL;NULL;NULL;NULL;"A";"B"
"4773";"3";"92";"PK";"flag-pk";"Actualizado 28/05/2020";"1";"60";"1";"60";"0";"0";NULL;NULL;NULL;NULL;"A";"B"
"4772";"3";"91";"IN";"flag-in";"Actualizado 28/05/2020";"3";"2220";"3";"2220";"0";"0";NULL;NULL;NULL;NULL;"A";"B"
"4771";"3";"90";"TR";"flag-tr";"Actualizado 28/05/2020";"1";"60";"1";"60";"0";"0";NULL;NULL;NULL;NULL;"A";"B"
"4770";"3";"87";"NL";"flag-nl";"Actualizado 28/05/2020";"1";"60";"1";"60";"0";"0";NULL;NULL;NULL;NULL;"A";"B"
"4769";"3";"86";"CN";"flag-cn";"Actualizado 28/05/2020";"2";"540";"2";"540";"0";"0";NULL;NULL;NULL;NULL;"A";"B"
"4768";"3";"84";"VN";"flag-vn";"Actualizado 28/05/2020";"1";"60";"1";"60";"0";"0";NULL;NULL;NULL;NULL;"A";"B"
"4767";"3";"82";"KR";"flag-kr";"Actualizado 28/05/2020";"1";"240";"1";"240";"0";"0";NULL;NULL;NULL;NULL;"A";"B"
"4766";"3";"81";"JP";"flag-jp";"Actualizado 28/05/2020";"1";"60";"1";"60";"0";"0";NULL;NULL;NULL;NULL;"A";"B"
"4765";"3";"66";"TH";"flag-th";"Actualizado 28/05/2020";"1";"60";"1";"60";"0";"0";NULL;NULL;NULL;NULL;"A";"B"
"4764";"3";"65";"SG";"flag-sg";"Actualizado 28/05/2020";"1";"60";"1";"60";"0";"0";NULL;NULL;NULL;NULL;"A";"B"
"4763";"3";"64";"NZ";"flag-nz";"Actualizado 28/05/2020";"1";"600";"1";"600";"0";"0";NULL;NULL;NULL;NULL;"A";"B"
"4762";"3";"63";"PH";"flag-ph";"Actualizado 28/05/2020";"1";"60";"1";"60";"0";"0";NULL;NULL;NULL;NULL;"A";"B"
"4761";"3";"62";"ID";"flag-id";"Actualizado 28/05/2020";"1";"60";"1";"60";"0";"0";NULL;NULL;NULL;NULL;"A";"B"
"4760";"3";"61";"AU";"flag-au";"Actualizado 28/05/2020";"1";"60";"1";"60";"0";"0";NULL;NULL;NULL;NULL;"A";"B"
"4759";"3";"60";"MY";"flag-my";"Actualizado 28/05/2020";"1";"60";"1";"60";"0";"0";NULL;NULL;NULL;NULL;"A";"B"
"4758";"3";"58";"VE";"flag-ve";"Actualizado 28/05/2020";"5";"2460";"5";"2460";"0";"0";NULL;NULL;NULL;NULL;"A";"B"
"4757";"3";"57";"CO";"flag-co";"Actualizado 28/05/2020";"22";"6660";"22";"6660";"0";"0";NULL;NULL;NULL;NULL;"A";"B"
"4756";"3";"56";"CL";"flag-cl";"Actualizado 28/05/2020";"8";"2160";"8";"2160";"0";"0";NULL;NULL;NULL;NULL;"A";"B"
"4755";"3";"55";"BR";"flag-br";"Actualizado 28/05/2020";"34";"7620";"34";"7620";"0";"0";NULL;NULL;NULL;NULL;"A";"B"
"4754";"3";"54";"AR";"flag-ar";"Actualizado 28/05/2020";"11";"3180";"11";"3180";"0";"0";NULL;NULL;NULL;NULL;"A";"B"
"4753";"3";"53";"CU";"flag-cu";"Creación: 2017-07-29 19:50:20";"1";"15";"1";"15";"0";"0";NULL;NULL;NULL;NULL;"A";"B"
"4752";"3";"52";"MX";"flag-mx";"Actualizado 28/05/2020";"47";"16980";"47";"16980";"0";"0";NULL;NULL;NULL;NULL;"A";"B"
"4751";"3";"51";"PE";"flag-pe";"Actualizado 28/05/2020";"6";"1800";"6";"1800";"0";"0";NULL;NULL;NULL;NULL;"A";"B"
"4750";"3";"49";"DE";"flag-de";"Actualizado 28/05/2020";"8";"4020";"8";"4020";"0";"0";NULL;NULL;NULL;NULL;"A";"B"
"4749";"3";"48";"PL";"flag-pl";"Actualizado 28/05/2020";"1";"60";"1";"60";"0";"0";NULL;NULL;NULL;NULL;"A";"B"
"4748";"3";"47";"NO";"flag-no";"Actualizado 28/05/2020";"1";"60";"1";"60";"0";"0";NULL;NULL;NULL;NULL;"A";"B"
"4747";"3";"46";"SE";"flag-se";"Actualizado 28/05/2020";"1";"60";"1";"60";"0";"0";NULL;NULL;NULL;NULL;"A";"B"
"4746";"3";"45";"DK";"flag-dk";"Actualizado 28/05/2020";"1";"60";"1";"60";"0";"0";NULL;NULL;NULL;NULL;"A";"B"
"4745";"3";"44";"GB";"flag-gb";"Actualizado 28/05/2020";"15";"5580";"15";"5580";"0";"0";NULL;NULL;NULL;NULL;"A";"B"
"4744";"3";"43";"BE";"flag-be";"Actualizado 28/05/2020";"1";"60";"1";"60";"0";"0";NULL;NULL;NULL;NULL;"A";"B"
"4743";"3";"41";"CH";"flag-ch";"Actualizado 28/05/2020";"1";"600";"1";"600";"0";"0";NULL;NULL;NULL;NULL;"A";"B"
"4742";"3";"40";"RO";"flag-ro";"Actualizado 28/05/2020";"1";"60";"1";"60";"0";"0";NULL;NULL;NULL;NULL;"A";"B"
"4741";"3";"39";"IT";"flag-it";"Actualizado 28/05/2020";"9";"2400";"9";"2400";"0";"0";NULL;NULL;NULL;NULL;"A";"B"
"4740";"3";"36";"HU";"flag-hu";"Actualizado 28/05/2020";"1";"60";"1";"60";"0";"0";NULL;NULL;NULL;NULL;"A";"B"
"4739";"3";"34";"ES";"flag-es";"Actualizado 28/05/2020";"41";"11400";"41";"11400";"0";"0";NULL;NULL;NULL;NULL;"A";"B"
"4738";"3";"33";"FR";"flag-fr";"Actualizado 28/05/2020";"8";"2040";"8";"2040";"0";"0";NULL;NULL;NULL;NULL;"A";"B"
"4737";"3";"32";"BE";"flag-be";"Actualizado 28/05/2020";"1";"60";"1";"60";"0";"0";NULL;NULL;NULL;NULL;"A";"B"
"4736";"3";"31";"NL";"flag-nl";"Actualizado 28/05/2020";"3";"1380";"3";"1380";"0";"0";NULL;NULL;NULL;NULL;"A";"B"
"4735";"3";"30";"GI";"flag-gi";"Actualizado 28/05/2020";"1";"60";"25";"60";"0";"0";NULL;NULL;NULL;NULL;"A";"B"
"4734";"3";"27";"ZA";"flag-za";"Actualizado 28/05/2020";"1";"60";"1";"60";"0";"0";NULL;NULL;NULL;NULL;"A";"B"
"4733";"3";"20";"EG";"flag-eg";"Actualizado 28/05/2020";"1";"240";"1";"240";"0";"0";NULL;NULL;NULL;NULL;"A";"B"
"4732";"3";"18";"US";"flag-us";"Actualizado 28/05/2020";"126";"60000";"126";"60000";"0";"0";NULL;NULL;NULL;NULL;"A";"B"
"4731";"3";"11";"US";"flag-us";"Actualizado 28/05/2020";"126";"60000";"126";"60000";"0";"0";NULL;NULL;NULL;NULL;"A";"B"
"4730";"3";"10";"US";"flag-us";"Actualizado 28/05/2020";"126";"60000";"126";"60000";"0";"0";NULL;NULL;NULL;NULL;"A";"B"
"4729";"3";"7";"KZ";"flag-kz";"Actualizado 28/05/2020";"1";"60";"1";"60";"0";"0";NULL;NULL;NULL;NULL;"A";"B"
"5699";"5";"1339";"US";"flag-us";;"25";"5000";"15";"5000";"0";"0";NULL;NULL;NULL;NULL;"A";"N"
"5698";"5";"1337";"US";"flag-us";;"25";"5000";"15";"5000";"0";"0";NULL;NULL;NULL;NULL;"A";"N"
"5701";"5";"1343";"CA";"flag-ca";;"25";"5000";"15";"5000";"0";"0";NULL;NULL;NULL;NULL;"A";"N"
"5487";"5";"20";"EG";;;"25";"3000";"1";"60";"0";"0";NULL;NULL;NULL;NULL;"A";"N"
"5485";"5";"11";"US";"flag-us";;"200";"20000";"200";"20000";"0";"0";NULL;NULL;NULL;NULL;"A";"N"
"5486";"5";"18";"US";"flag-us";;"5";"3600";"3";"3600";"0";"0";NULL;NULL;NULL;NULL;"A";"B"
"5489";"5";"30";"GI";;;"10";"60";"1";"60";"0";"0";NULL;NULL;NULL;NULL;"A";"N"
"5689";"5";"1320";"US";"flag-us";;"25";"5000";"15";"5000";"0";"0";NULL;NULL;NULL;NULL;"A";"N"
"5688";"5";"1319";"US";"flag-us";;"25";"5000";"15";"5000";"0";"0";NULL;NULL;NULL;NULL;"A";"N"
"5687";"5";"1318";"US";"flag-us";;"25";"5000";"15";"5000";"0";"0";NULL;NULL;NULL;NULL;"A";"N"
"5686";"5";"1317";"US";"flag-us";;"25";"10000";"15";"300";"0";"0";NULL;NULL;NULL;NULL;"A";"N"
"5685";"5";"1316";"US";"flag-us";;"25";"7000";"15";"7000";"0";"0";NULL;NULL;NULL;NULL;"A";"N"
"5991";"5";"508";"PM";;"Creación: 2023-05-05 16:45:11";"5";"300";"1";"60";"0";"0";NULL;NULL;NULL;NULL;"A";"B"
"5684";"5";"1315";"US";"flag-us";;"25";"5000";"15";"5000";"0";"0";NULL;NULL;NULL;NULL;"A";"N"
"5683";"5";"1314";"US";"flag-us";;"25";"5000";"15";"5000";"0";"0";NULL;NULL;NULL;NULL;"A";"N"
"5682";"5";"1313";"US";"flag-us";;"25";"5000";"15";"5000";"0";"0";NULL;NULL;NULL;NULL;"A";"N"
"5700";"5";"1340";"VI";;;"7";"1000";"1";"60";"0";"0";NULL;NULL;NULL;NULL;"A";"B"
"5681";"5";"1312";"US";"flag-us";;"200";"20000";"200";"5000";"0";"0";NULL;NULL;NULL;NULL;"A";"N"
"5680";"5";"1310";"US";"flag-us";;"25";"10000";"15";"300";"0";"0";NULL;NULL;NULL;NULL;"A";"N"
"5676";"5";"1306";"CA";"flag-ca";;"25";"5000";"15";"5000";"0";"0";NULL;NULL;NULL;NULL;"A";"N"
"5675";"5";"1305";"US";"flag-us";;"25";"10000";"25";"5000";"0";"0";NULL;NULL;NULL;NULL;"A";"N"
"5484";"5";"10";"US";"flag-us";;"200";"20000";"200";"20000";"0";"0";NULL;NULL;NULL;NULL;"A";"N"
"5674";"5";"1304";"US";"flag-us";;"25";"5000";"15";"5000";"0";"0";NULL;NULL;NULL;NULL;"A";"N"
"5673";"5";"1303";"US";"flag-us";;"25";"10000";"15";"300";"0";"0";NULL;NULL;NULL;NULL;"A";"N"
"5672";"5";"1302";"US";"flag-us";;"25";"10000";"15";"300";"0";"0";NULL;NULL;NULL;NULL;"A";"N"
"5670";"5";"1289";"CA";"flag-ca";;"25";"5000";"15";"5000";"0";"0";NULL;NULL;NULL;NULL;"A";"N"
"5669";"5";"1284";"VG";;;"25";"5000";"1";"60";"0";"0";NULL;NULL;NULL;NULL;"A";"N"
"5665";"5";"1270";"US";"flag-us";;"25";"5000";"15";"5000";"0";"0";NULL;NULL;NULL;NULL;"A";"N"
"5664";"5";"1269";"US";"flag-us";;"25";"5000";"15";"5000";"0";"0";NULL;NULL;NULL;NULL;"A";"N"
"5663";"5";"1268";"AG";;;"7";"1200";"1";"60";"0";"0";NULL;NULL;NULL;NULL;"A";"N"
"5662";"5";"1267";"US";"flag-us";;"25";"10000";"15";"300";"0";"0";NULL;NULL;NULL;NULL;"A";"N"
"5661";"5";"1264";"AI";"flag-ai";;"25";"5000";"15";"5000";"0";"0";NULL;NULL;NULL;NULL;"A";"B"
"5660";"5";"1262";"US";"flag-us";;"25";"5000";"15";"5000";"0";"0";NULL;NULL;NULL;NULL;"A";"N"
"5659";"5";"1260";"US";"flag-us";;"25";"5000";"15";"5000";"0";"0";NULL;NULL;NULL;NULL;"A";"N"
"5658";"5";"1256";"US";"flag-us";;"25";"5000";"15";"5000";"0";"0";NULL;NULL;NULL;NULL;"A";"N"
"5657";"5";"1254";"US";"flag-us";;"25";"5000";"15";"5000";"0";"0";NULL;NULL;NULL;NULL;"A";"N"
"5656";"5";"1253";"US";"flag-us";;"25";"5000";"15";"5000";"0";"0";NULL;NULL;NULL;NULL;"A";"N"
"5655";"5";"1252";"US";"flag-us";;"25";"10000";"15";"300";"0";"0";NULL;NULL;NULL;NULL;"A";"N"
"5654";"5";"1251";"US";"flag-us";;"25";"5000";"15";"5000";"0";"0";NULL;NULL;NULL;NULL;"A";"N"
"5703";"5";"1346";"US";"flag-us";;"25";"5000";"15";"5000";"0";"0";NULL;NULL;NULL;NULL;"A";"N"
"5653";"5";"1250";"CA";"flag-ca";;"50";"3600";"50";"3600";"0";"0";NULL;NULL;NULL;NULL;"A";"N"
"5652";"5";"1248";"US";"flag-us";;"25";"5000";"15";"5000";"0";"0";NULL;NULL;NULL;NULL;"A";"N"
"5651";"5";"1246";"BB";"flag-bb";;"15";"3600";"15";"800";"0";"0";NULL;NULL;NULL;NULL;"A";"B"
"5650";"5";"1242";"BA";;;"25";"3600";"1";"60";"0";"0";NULL;NULL;NULL;NULL;"A";"B"
"5649";"5";"1240";"US";"flag-us";;"25";"5000";"15";"5000";"0";"0";NULL;NULL;NULL;NULL;"A";"N"
"5648";"5";"1239";"US";"flag-us";;"25";"10000";"15";"300";"0";"0";NULL;NULL;NULL;NULL;"A";"N"
"5647";"5";"1234";"US";"flag-us";;"25";"5000";"15";"5000";"0";"0";NULL;NULL;NULL;NULL;"A";"N"
"5646";"5";"1231";"US";"flag-us";;"25";"10000";"15";"300";"0";"0";NULL;NULL;NULL;NULL;"A";"N"
"5645";"5";"1229";"US";"flag-us";;"25";"5000";"15";"5000";"0";"0";NULL;NULL;NULL;NULL;"A";"N"
"5644";"5";"1228";"US";"flag-us";;"25";"5000";"15";"5000";"0";"0";NULL;NULL;NULL;NULL;"A";"N"
"5643";"5";"1226";"CA";"flag-ca";;"25";"1300";"15";"1300";"0";"0";NULL;NULL;NULL;NULL;"A";"N"
"5640";"5";"1219";"US";"flag-us";;"25";"10000";"15";"300";"0";"0";NULL;NULL;NULL;NULL;"A";"N"
"5639";"5";"1218";"US";"flag-us";;"25";"3600";"15";"3600";"0";"0";NULL;NULL;NULL;NULL;"A";"N"
"5638";"5";"1217";"US";"flag-us";;"25";"5000";"15";"5000";"0";"0";NULL;NULL;NULL;NULL;"A";"N"
"5635";"5";"1214";"US";"flag-us";;"25";"3600";"15";"3600";"0";"0";NULL;NULL;NULL;NULL;"A";"N"
"5634";"5";"1213";"US";"flag-us";;"25";"10000";"15";"300";"0";"0";NULL;NULL;NULL;NULL;"A";"N"
"5632";"5";"1210";"US";"flag-us";;"25";"5000";"15";"5000";"0";"0";NULL;NULL;NULL;NULL;"A";"N"
"5630";"5";"1208";"US";"flag-us";;"25";"10000";"15";"300";"0";"0";NULL;NULL;NULL;NULL;"A";"N"
"5629";"5";"1207";"US";"flag-us";;"25";"5000";"15";"5000";"0";"0";NULL;NULL;NULL;NULL;"A";"N"
"5628";"5";"1206";"US";"flag-us";;"25";"10000";"15";"300";"0";"0";NULL;NULL;NULL;NULL;"A";"N"
"5627";"5";"1205";"US";"flag-us";;"25";"5000";"15";"5000";"0";"0";NULL;NULL;NULL;NULL;"A";"N"
"5626";"5";"1204";"CA";"flag-ca";;"25";"5000";"15";"5000";"0";"0";NULL;NULL;NULL;NULL;"A";"N"
"5625";"5";"1203";"US";"flag-us";;"25";"10000";"15";"1000";"0";"0";NULL;NULL;NULL;NULL;"A";"N"
"5624";"5";"1202";"US";"flag-us";;"25";"10000";"15";"300";"0";"0";NULL;NULL;NULL;NULL;"A";"B"
"5623";"5";"1201";"US";"flag-us";;"25";"10000";"15";"300";"0";"0";NULL;NULL;NULL;NULL;"A";"B"
"5622";"5";"1000";"BE";"flag-be";;"5";"300";"2";"600";"0";"0";NULL;NULL;NULL;NULL;"A";"B"
"5621";"5";"995";"GE";;;"25";"1000";"1";"60";"0";"0";NULL;NULL;NULL;NULL;"A";"N"
"5620";"5";"974";"QA";"flag-qa";;"25";"5000";"15";"5000";"0";"0";NULL;NULL;NULL;NULL;"A";"B"
"5616";"5";"964";"IQ";"flag-iq";;"25";"5000";"15";"5000";"0";"0";NULL;NULL;NULL;NULL;"A";"B"
"5615";"5";"962";"JO";"flag-jo";;"25";"5000";"15";"5000";"0";"0";NULL;NULL;NULL;NULL;"A";"B"
"5614";"5";"886";"TW";;;"10";"3600";"1";"60";"0";"0";NULL;NULL;NULL;NULL;"A";"N"
"5613";"5";"882";"International networks, shared code";;;"25";"1000";"1";"60";"0";"0";NULL;NULL;NULL;NULL;"A";"N"
"5612";"5";"881";"--";"flag---";;"25";"5000";"15";"5000";"0";"0";NULL;NULL;NULL;NULL;"A";"B"
"5611";"5";"880";"BD";"flag-bd";;"25";"5000";"15";"5000";"0";"0";NULL;NULL;NULL;NULL;"A";"B"
"5610";"5";"856";"LA";"flag-la";;"25";"5000";"15";"5000";"0";"0";NULL;NULL;NULL;NULL;"A";"B"
"5609";"5";"855";"KH";"flag-kh";;"25";"5000";"15";"5000";"0";"0";NULL;NULL;NULL;NULL;"A";"B"
"5608";"5";"853";"MO";"flag-mo";;"25";"5000";"15";"5000";"0";"0";NULL;NULL;NULL;NULL;"A";"B"
"5607";"5";"852";"HK";;;"25";"700";"1";"60";"0";"0";NULL;NULL;NULL;NULL;"A";"N"
"5606";"5";"850";"KP";"flag-kp";;"25";"5000";"15";"5000";"0";"0";NULL;NULL;NULL;NULL;"A";"B"
"5605";"5";"800";"800 FREE INTERNACIONAL";;;"25";"10000";"1";"60";"0";"0";NULL;NULL;NULL;NULL;"A";"N"
"5604";"5";"599";"AN";"flag-an";;"10";"3000";"10";"3000";"0";"0";NULL;NULL;NULL;NULL;"A";"N"
"5602";"5";"595";"PY";"flag-py";;"25";"3600";"15";"3600";"0";"0";NULL;NULL;NULL;NULL;"A";"N"
"5601";"5";"593";"EC";"flag-ec";;"25";"4000";"15";"3600";"0";"0";NULL;NULL;NULL;NULL;"A";"N"
"5600";"5";"592";"GY";"flag-gy";;"8";"3000";"8";"3000";"0";"0";NULL;NULL;NULL;NULL;"A";"N"
"5599";"5";"591";"BO";"flag-bo";;"8";"7200";"8";"3600";"0";"0";NULL;NULL;NULL;NULL;"A";"N"
"5598";"5";"590";"GP";"flag-gp";;"25";"5000";"15";"5000";"0";"0";NULL;NULL;NULL;NULL;"A";"B"
"5597";"5";"509";"HT";;;"6";"3600";"1";"60";"0";"0";NULL;NULL;NULL;NULL;"A";"B"
"5596";"5";"507";"PA";"flag-pa";;"300";"8000";"300";"3600";"0";"0";NULL;NULL;NULL;NULL;"A";"N"
"5595";"5";"506";"CR";"flag-cr";;"1000";"100000";"1000";"100000";"0";"0";NULL;NULL;NULL;NULL;"A";"N"
"5594";"5";"505";"NI";"flag-ni";;"9";"2400";"9";"2400";"0";"0";NULL;NULL;NULL;NULL;"A";"N"
"5593";"5";"504";"HN";"flag-hn";;"10";"4000";"10";"4000";"0";"0";NULL;NULL;NULL;NULL;"A";"N"
"5592";"5";"503";"SV";"flag-sv";;"5000";"2000";"1000";"3600";"0";"0";NULL;NULL;NULL;NULL;"A";"N"
"5591";"5";"502";"GT";"flag-gt";;"60";"13020";"60";"3600";"0";"0";NULL;NULL;NULL;NULL;"A";"N"
"5590";"5";"501";"BZ";"flag-bz";;"100";"5000";"100";"5000";"0";"0";NULL;NULL;NULL;NULL;"A";"N"
"5589";"5";"500";"FK";"flag-fk";;"25";"5000";"15";"5000";"0";"0";NULL;NULL;NULL;NULL;"A";"B"
"5588";"5";"420";"CZ";"flag-cz";;"25";"5000";"15";"5000";"0";"0";NULL;NULL;NULL;NULL;"A";"B"
"5587";"5";"382";"US";"flag-us";;"5";"300";"2";"600";"0";"0";NULL;NULL;NULL;NULL;"A";"B"
"5586";"5";"380";"UA";;;"25";"1500";"1";"60";"0";"0";NULL;NULL;NULL;NULL;"A";"N"
"5585";"5";"374";"AM";;;"25";"300";"1";"60";"0";"0";NULL;NULL;NULL;NULL;"A";"N"
"5584";"5";"359";"BG";"flag-bg";;"25";"5000";"15";"5000";"0";"0";NULL;NULL;NULL;NULL;"A";"B"
"5583";"5";"358";"FI";"flag-fi";;"25";"5000";"15";"5000";"0";"0";NULL;NULL;NULL;NULL;"A";"B"
"5582";"5";"357";"CY";"flag-cy";;"25";"5000";"15";"5000";"0";"0";NULL;NULL;NULL;NULL;"A";"B"
"5581";"5";"354";"IS";"flag-is";;"25";"5000";"15";"5000";"0";"0";NULL;NULL;NULL;NULL;"A";"B"
"5579";"5";"352";"LU";;;"25";"6000";"1";"60";"0";"0";NULL;NULL;NULL;NULL;"A";"N"
"5578";"5";"351";"PT";"flag-pt";;"25";"5000";"15";"5000";"0";"0";NULL;NULL;NULL;NULL;"A";"B"
"5575";"5";"269";"KM";"flag-km";;"25";"5000";"15";"5000";"0";"0";NULL;NULL;NULL;NULL;"A";"B"
"5574";"5";"268";"SZ";"flag-sz";;"25";"5000";"15";"5000";"0";"0";NULL;NULL;NULL;NULL;"A";"B"
"5572";"5";"266";"LS";"flag-ls";;"25";"5000";"15";"5000";"0";"0";NULL;NULL;NULL;NULL;"A";"B"
"5571";"5";"265";"MW";"flag-mw";;"25";"5000";"15";"5000";"0";"0";NULL;NULL;NULL;NULL;"A";"B"
"5570";"5";"264";"NA";"flag-na";;"25";"5000";"15";"5000";"0";"0";NULL;NULL;NULL;NULL;"A";"B"
"5569";"5";"263";"ZW";"flag-zw";;"25";"5000";"15";"5000";"0";"0";NULL;NULL;NULL;NULL;"A";"B"
"5567";"5";"258";"MZ";"flag-mz";;"25";"5000";"15";"5000";"0";"0";NULL;NULL;NULL;NULL;"A";"B"
"5691";"5";"1323";"US";"flag-us";;"25";"10000";"15";"300";"0";"0";NULL;NULL;NULL;NULL;"A";"N"
"5566";"5";"257";"BI";"flag-bi";;"25";"5000";"15";"5000";"0";"0";NULL;NULL;NULL;NULL;"A";"B"
"5565";"5";"256";"UG";"flag-ug";;"25";"5000";"15";"5000";"0";"0";NULL;NULL;NULL;NULL;"A";"B"
"5564";"5";"255";"TZ";"flag-tz";;"25";"5000";"15";"5000";"0";"0";NULL;NULL;NULL;NULL;"A";"B"
"5562";"5";"253";"DJ";"flag-dj";;"25";"5000";"15";"5000";"0";"0";NULL;NULL;NULL;NULL;"A";"B"
"5508";"5";"54";"AR";;;"40";"7000";"1";"60";"0";"0";NULL;NULL;NULL;NULL;"A";"N"
"5704";"5";"1347";"US";"flag-us";;"25";"10000";"15";"300";"0";"0";NULL;NULL;NULL;NULL;"A";"N"
"5705";"5";"1352";"US";"flag-us";;"25";"5000";"15";"5000";"0";"0";NULL;NULL;NULL;NULL;"A";"N"
"5706";"5";"1360";"US";"flag-us";;"25";"5000";"15";"5000";"0";"0";NULL;NULL;NULL;NULL;"A";"N"
"5707";"5";"1361";"US";"flag-us";;"25";"5000";"15";"5000";"0";"0";NULL;NULL;NULL;NULL;"A";"N"
"5708";"5";"1365";"DO";"flag-do";;"5";"300";"2";"600";"0";"0";NULL;NULL;NULL;NULL;"A";"B"
"5709";"5";"1385";"US";"flag-us";;"25";"5000";"15";"5000";"0";"0";NULL;NULL;NULL;NULL;"A";"N"
"5710";"5";"1386";"US";"flag-us";;"25";"10000";"15";"300";"0";"0";NULL;NULL;NULL;NULL;"A";"N"
"5711";"5";"1401";"US";"flag-us";;"25";"5000";"15";"5000";"0";"0";NULL;NULL;NULL;NULL;"A";"N"
"5712";"5";"1402";"US";"flag-us";;"25";"10000";"15";"300";"0";"0";NULL;NULL;NULL;NULL;"A";"N"
"5713";"5";"1403";"CA";"flag-ca";;"25";"3600";"25";"3600";"0";"0";NULL;NULL;NULL;NULL;"A";"N"
"5714";"5";"1404";"US";"flag-us";;"25";"10000";"15";"300";"0";"0";NULL;NULL;NULL;NULL;"A";"N"
"5715";"5";"1405";"US";"flag-us";;"25";"3600";"15";"3600";"0";"0";NULL;NULL;NULL;NULL;"A";"N"
"5716";"5";"1406";"US";"flag-us";;"25";"5000";"15";"5000";"0";"0";NULL;NULL;NULL;NULL;"A";"N"
"5717";"5";"1407";"US";"flag-us";;"25";"3600";"15";"3600";"0";"0";NULL;NULL;NULL;NULL;"A";"N"
"5718";"5";"1408";"US";;;"25";"10000";"1";"300";"0";"0";NULL;NULL;NULL;NULL;"A";"B"
"5719";"5";"1409";"US";"flag-us";;"25";"5000";"15";"5000";"0";"0";NULL;NULL;NULL;NULL;"A";"N"
"5720";"5";"1410";"US";"flag-us";;"25";"10000";"15";"300";"0";"0";NULL;NULL;NULL;NULL;"A";"N"
"5721";"5";"1412";"US";"flag-us";;"25";"5000";"15";"5000";"0";"0";NULL;NULL;NULL;NULL;"A";"N"
"5722";"5";"1413";"US";"flag-us";;"25";"5000";"15";"5000";"0";"0";NULL;NULL;NULL;NULL;"A";"N"
"5723";"5";"1414";"US";"flag-us";;"25";"5000";"15";"5000";"0";"0";NULL;NULL;NULL;NULL;"A";"N"
"5724";"5";"1415";"US";"flag-us";;"25";"10000";"15";"300";"0";"0";NULL;NULL;NULL;NULL;"A";"N"
"5725";"5";"1416";"CA";"flag-ca";;"25";"3600";"35";"3600";"0";"0";NULL;NULL;NULL;NULL;"A";"N"
"5726";"5";"1417";"US";"flag-us";;"25";"10000";"15";"300";"0";"0";NULL;NULL;NULL;NULL;"A";"N"
"5727";"5";"1418";"CA";"flag-ca";;"50";"3600";"50";"3600";"0";"0";NULL;NULL;NULL;NULL;"A";"N"
"5728";"5";"1419";"US";"flag-us";;"25";"10000";"15";"300";"0";"0";NULL;NULL;NULL;NULL;"A";"N"
"5729";"5";"1423";"US";"flag-us";;"25";"5000";"15";"5000";"0";"0";NULL;NULL;NULL;NULL;"A";"N"
"5730";"5";"1424";"US";"flag-us";;"25";"3600";"15";"3600";"0";"0";NULL;NULL;NULL;NULL;"A";"N"
"5731";"5";"1425";"US";"flag-us";;"30";"3600";"30";"3600";"0";"0";NULL;NULL;NULL;NULL;"A";"N"
"5732";"5";"1430";"US";"flag-us";;"25";"5000";"15";"5000";"0";"0";NULL;NULL;NULL;NULL;"A";"N"
"5733";"5";"1432";"US";"flag-us";;"25";"5000";"15";"5000";"0";"0";NULL;NULL;NULL;NULL;"A";"N"
"5734";"5";"1434";"US";"flag-us";;"25";"5000";"15";"5000";"0";"0";NULL;NULL;NULL;NULL;"A";"N"
"5735";"5";"1435";"US";"flag-us";;"25";"10000";"15";"300";"0";"0";NULL;NULL;NULL;NULL;"A";"N"
"5736";"5";"1437";"CA";"flag-ca";;"25";"5000";"15";"5000";"0";"0";NULL;NULL;NULL;NULL;"A";"N"
"5737";"5";"1438";"CA";"flag-ca";;"25";"5000";"15";"5000";"0";"0";NULL;NULL;NULL;NULL;"A";"N"
"5738";"5";"1440";"US";"flag-us";;"25";"5000";"15";"5000";"0";"0";NULL;NULL;NULL;NULL;"A";"N"
"5739";"5";"1441";"BM";"flag-bm";;"15";"5000";"15";"5000";"0";"0";NULL;NULL;NULL;NULL;"A";"B"
"5740";"5";"1443";"US";"flag-us";;"25";"5000";"15";"5000";"0";"0";NULL;NULL;NULL;NULL;"A";"N"
"5741";"5";"1450";"CA";"flag-ca";;"25";"5000";"15";"5000";"0";"0";NULL;NULL;NULL;NULL;"A";"N"
"5742";"5";"1458";"US";"flag-us";;"25";"5000";"15";"5000";"0";"0";NULL;NULL;NULL;NULL;"A";"N"
"5743";"5";"1469";"US";"flag-us";;"25";"10000";"15";"300";"0";"0";NULL;NULL;NULL;NULL;"A";"N"
"5744";"5";"1470";"US";"flag-us";;"25";"5000";"15";"5000";"0";"0";NULL;NULL;NULL;NULL;"A";"N"
"5745";"5";"1473";"GD";"flag-gd";;"25";"5000";"15";"5000";"0";"0";NULL;NULL;NULL;NULL;"A";"B"
"5746";"5";"1475";"US";"flag-us";;"25";"5000";"15";"5000";"0";"0";NULL;NULL;NULL;NULL;"A";"N"
"5747";"5";"1478";"US";"flag-us";;"25";"5000";"15";"5000";"0";"0";NULL;NULL;NULL;NULL;"A";"N"
"5748";"5";"1479";"US";"flag-us";;"25";"5000";"15";"5000";"0";"0";NULL;NULL;NULL;NULL;"A";"N"
"5749";"5";"1480";"US";"flag-us";;"25";"10000";"15";"300";"0";"0";NULL;NULL;NULL;NULL;"A";"N"
"5750";"5";"1484";"US";"flag-us";;"25";"10000";"15";"300";"0";"0";NULL;NULL;NULL;NULL;"A";"N"
"5751";"5";"1501";"US";"flag-us";;"25";"5000";"15";"5000";"0";"0";NULL;NULL;NULL;NULL;"A";"N"
"5752";"5";"1502";"US";"flag-us";;"25";"5000";"15";"5000";"0";"0";NULL;NULL;NULL;NULL;"A";"N"
"5753";"5";"1503";"US";"flag-us";;"25";"10000";"15";"300";"0";"0";NULL;NULL;NULL;NULL;"A";"N"
"5754";"5";"1504";"US";"flag-us";;"25";"10000";"15";"300";"0";"0";NULL;NULL;NULL;NULL;"A";"N"
"5755";"5";"1505";"US";"flag-us";;"25";"5000";"15";"5000";"0";"0";NULL;NULL;NULL;NULL;"A";"N"
"5756";"5";"1506";"CA";"flag-ca";;"25";"5000";"15";"5000";"0";"0";NULL;NULL;NULL;NULL;"A";"N"
"5757";"5";"1507";"US";"flag-us";;"25";"10000";"15";"300";"0";"0";NULL;NULL;NULL;NULL;"A";"N"
"5758";"5";"1508";"US";"flag-us";;"25";"10000";"15";"300";"0";"0";NULL;NULL;NULL;NULL;"A";"N"
"5759";"5";"1509";"US";"flag-us";;"25";"5000";"15";"5000";"0";"0";NULL;NULL;NULL;NULL;"A";"N"
"5760";"5";"1510";"US";"flag-us";;"25";"10000";"15";"300";"0";"0";NULL;NULL;NULL;NULL;"A";"N"
"5761";"5";"1512";"US";"flag-us";;"25";"10000";"15";"300";"0";"0";NULL;NULL;NULL;NULL;"A";"N"
"5762";"5";"1513";"US";"flag-us";;"25";"5000";"15";"5000";"0";"0";NULL;NULL;NULL;NULL;"A";"N"
"5763";"5";"1514";"CA";"flag-ca";;"25";"10000";"15";"300";"0";"0";NULL;NULL;NULL;NULL;"A";"N"
"5764";"5";"1515";"US";"flag-us";;"25";"10000";"15";"300";"0";"0";NULL;NULL;NULL;NULL;"A";"N"
"5765";"5";"1516";"US";"flag-us";;"25";"10000";"15";"300";"0";"0";NULL;NULL;NULL;NULL;"A";"N"
"5766";"5";"1517";"US";"flag-us";;"25";"5000";"15";"5000";"0";"0";NULL;NULL;NULL;NULL;"A";"N"
"5767";"5";"1518";"US";"flag-us";;"25";"1000";"15";"1000";"0";"0";NULL;NULL;NULL;NULL;"A";"N"
"5768";"5";"1519";"CA";"flag-ca";;"25";"3600";"15";"3600";"0";"0";NULL;NULL;NULL;NULL;"A";"N"
"5769";"5";"1520";"US";"flag-us";;"25";"5000";"15";"5000";"0";"0";NULL;NULL;NULL;NULL;"A";"N"
"5770";"5";"1530";"US";"flag-us";;"25";"5000";"15";"5000";"0";"0";NULL;NULL;NULL;NULL;"A";"N"
"5771";"5";"1531";"US";"flag-us";;"25";"5000";"15";"5000";"0";"0";NULL;NULL;NULL;NULL;"A";"N"
"5772";"5";"1540";"US";"flag-us";;"25";"5000";"15";"5000";"0";"0";NULL;NULL;NULL;NULL;"A";"N"
"5773";"5";"1541";"US";"flag-us";;"50";"3600";"50";"3600";"0";"0";NULL;NULL;NULL;NULL;"A";"N"
"5774";"5";"1548";"US";"flag-us";;"5";"300";"2";"600";"0";"0";NULL;NULL;NULL;NULL;"A";"N"
"5775";"5";"1551";"US";"flag-us";;"25";"10000";"15";"300";"0";"0";NULL;NULL;NULL;NULL;"A";"N"
"5776";"5";"1559";"US";"flag-us";;"25";"5000";"15";"5000";"0";"0";NULL;NULL;NULL;NULL;"A";"N"
"5777";"5";"1561";"US";"flag-us";;"25";"10000";"15";"300";"0";"0";NULL;NULL;NULL;NULL;"A";"N"
"5778";"5";"1562";"US";"flag-us";;"25";"10000";"15";"300";"0";"0";NULL;NULL;NULL;NULL;"A";"N"
"5779";"5";"1563";"US";"flag-us";;"25";"5000";"15";"5000";"0";"0";NULL;NULL;NULL;NULL;"A";"N"
"5780";"5";"1567";"US";"flag-us";;"25";"5000";"15";"5000";"0";"0";NULL;NULL;NULL;NULL;"A";"N"
"5781";"5";"1570";"US";"flag-us";;"25";"5000";"15";"5000";"0";"0";NULL;NULL;NULL;NULL;"A";"N"
"5782";"5";"1571";"US";"flag-us";;"25";"10000";"15";"300";"0";"0";NULL;NULL;NULL;NULL;"A";"N"
"5783";"5";"1573";"US";"flag-us";;"25";"5000";"15";"5000";"0";"0";NULL;NULL;NULL;NULL;"A";"N"
"5784";"5";"1574";"US";"flag-us";;"25";"5000";"15";"5000";"0";"0";NULL;NULL;NULL;NULL;"A";"N"
"5785";"5";"1575";"US";"flag-us";;"25";"5000";"15";"5000";"0";"0";NULL;NULL;NULL;NULL;"A";"N"
"5786";"5";"1580";"US";"flag-us";;"25";"5000";"15";"5000";"0";"0";NULL;NULL;NULL;NULL;"A";"N"
"5787";"5";"1581";"CA";"flag-ca";;"25";"5000";"15";"5000";"0";"0";NULL;NULL;NULL;NULL;"A";"N"
"5788";"5";"1585";"US";"flag-us";;"25";"5000";"15";"5000";"0";"0";NULL;NULL;NULL;NULL;"A";"N"
"5789";"5";"1586";"US";"flag-us";;"25";"5000";"15";"5000";"0";"0";NULL;NULL;NULL;NULL;"A";"N"
"5790";"5";"1587";"CA";"flag-ca";;"25";"5000";"15";"5000";"0";"0";NULL;NULL;NULL;NULL;"A";"N"
"5791";"5";"1601";"US";"flag-us";;"25";"10000";"15";"300";"0";"0";NULL;NULL;NULL;NULL;"A";"N"
"5792";"5";"1602";"US";"flag-us";;"25";"5000";"15";"5000";"0";"0";NULL;NULL;NULL;NULL;"A";"N"
"5793";"5";"1603";"US";"flag-us";;"25";"5000";"15";"5000";"0";"0";NULL;NULL;NULL;NULL;"A";"N"
"5794";"5";"1604";"US";"flag-us";;"25";"10000";"15";"300";"0";"0";NULL;NULL;NULL;NULL;"A";"N"
"5795";"5";"1605";"US";"flag-us";;"25";"10000";"15";"300";"0";"0";NULL;NULL;NULL;NULL;"A";"N"
"5796";"5";"1606";"US";"flag-us";;"25";"5000";"15";"5000";"0";"0";NULL;NULL;NULL;NULL;"A";"N"
"5797";"5";"1607";"US";"flag-us";;"25";"5000";"15";"5000";"0";"0";NULL;NULL;NULL;NULL;"A";"N"
"5798";"5";"1608";"US";"flag-us";;"25";"5000";"15";"5000";"0";"0";NULL;NULL;NULL;NULL;"A";"N"
"5799";"5";"1609";"US";"flag-us";;"25";"3600";"15";"3600";"0";"0";NULL;NULL;NULL;NULL;"A";"N"
"5800";"5";"1610";"US";"flag-us";;"25";"10000";"25";"300";"0";"0";NULL;NULL;NULL;NULL;"A";"N"
"5801";"5";"1612";"US";"flag-us";;"25";"5000";"15";"5000";"0";"0";NULL;NULL;NULL;NULL;"A";"N"
"5802";"5";"1613";"CA";"flag-ca";;"25";"3600";"25";"3600";"0";"0";NULL;NULL;NULL;NULL;"A";"N"
"5803";"5";"1614";"US";"flag-us";;"25";"10000";"15";"300";"0";"0";NULL;NULL;NULL;NULL;"A";"N"
"5804";"5";"1615";"US";"flag-us";;"25";"10000";"15";"300";"0";"0";NULL;NULL;NULL;NULL;"A";"N"
"5805";"5";"1616";"US";"flag-us";;"25";"10000";"15";"300";"0";"0";NULL;NULL;NULL;NULL;"A";"N"
"5806";"5";"1617";"US";"flag-us";;"25";"10000";"15";"300";"0";"0";NULL;NULL;NULL;NULL;"A";"N"
"5807";"5";"1618";"US";"flag-us";;"25";"5000";"15";"5000";"0";"0";NULL;NULL;NULL;NULL;"A";"N"
"5808";"5";"1619";"US";"flag-us";;"40";"5000";"40";"5000";"0";"0";NULL;NULL;NULL;NULL;"A";"N"
"5809";"5";"1620";"US";"flag-us";;"25";"5000";"15";"5000";"0";"0";NULL;NULL;NULL;NULL;"A";"N"
"5810";"5";"1623";"US";"flag-us";;"25";"5000";"15";"5000";"0";"0";NULL;NULL;NULL;NULL;"A";"N"
"5811";"5";"1626";"US";"flag-us";;"25";"5000";"15";"5000";"0";"0";NULL;NULL;NULL;NULL;"A";"N"
"5812";"5";"1628";"US";"flag-us";;"25";"5000";"15";"5000";"0";"0";NULL;NULL;NULL;NULL;"A";"N"
"5813";"5";"1629";"US";"flag-us";;"5";"300";"2";"600";"0";"0";NULL;NULL;NULL;NULL;"A";"N"
"5814";"5";"1630";"US";"flag-us";;"25";"10000";"15";"300";"0";"0";NULL;NULL;NULL;NULL;"A";"N"
"5815";"5";"1631";"US";"flag-us";;"25";"3600";"15";"3600";"0";"0";NULL;NULL;NULL;NULL;"A";"N"
"5816";"5";"1636";"US";"flag-us";;"25";"5000";"15";"5000";"0";"0";NULL;NULL;NULL;NULL;"A";"N"
"5817";"5";"1641";"US";"flag-us";;"25";"5000";"15";"5000";"0";"0";NULL;NULL;NULL;NULL;"A";"N"
"5818";"5";"1646";"US";"flag-us";;"25";"10000";"15";"300";"0";"0";NULL;NULL;NULL;NULL;"A";"N"
"5819";"5";"1647";"CA";"flag-ca";;"25";"4500";"15";"4500";"0";"0";NULL;NULL;NULL;NULL;"A";"N"
"5820";"5";"1650";"US";"flag-us";;"25";"6000";"15";"6000";"0";"0";NULL;NULL;NULL;NULL;"A";"N"
"5821";"5";"1651";"US";"flag-us";;"25";"10000";"15";"300";"0";"0";NULL;NULL;NULL;NULL;"A";"N"
"5822";"5";"1657";"US";"flag-us";;"5";"300";"2";"600";"0";"0";NULL;NULL;NULL;NULL;"A";"N"
"5823";"5";"1660";"US";"flag-us";;"25";"5000";"15";"5000";"0";"0";NULL;NULL;NULL;NULL;"A";"N"
"5824";"5";"1661";"US";"flag-us";;"25";"5000";"15";"5000";"0";"0";NULL;NULL;NULL;NULL;"A";"N"
"5825";"5";"1662";"US";"flag-us";;"25";"5000";"15";"5000";"0";"0";NULL;NULL;NULL;NULL;"A";"N"
"5826";"5";"1669";"US";"flag-us";;"25";"12000";"15";"12000";"0";"0";NULL;NULL;NULL;NULL;"A";"N"
"5827";"5";"1670";"MP";"flag-mp";;"5";"300";"2";"600";"0";"0";NULL;NULL;NULL;NULL;"A";"B"
"5828";"5";"1671";"GU";"flag-gu";;"5";"300";"2";"600";"0";"0";NULL;NULL;NULL;NULL;"A";"B"
"5829";"5";"1678";"US";"flag-us";;"25";"5000";"15";"5000";"0";"0";NULL;NULL;NULL;NULL;"A";"N"
"5830";"5";"1682";"US";"flag-us";;"25";"10000";"15";"300";"0";"0";NULL;NULL;NULL;NULL;"A";"N"
"5831";"5";"1701";"US";"flag-us";;"25";"5000";"15";"5000";"0";"0";NULL;NULL;NULL;NULL;"A";"N"
"5832";"5";"1702";"US";"flag-us";;"25";"10000";"15";"300";"0";"0";NULL;NULL;NULL;NULL;"A";"N"
"5833";"5";"1703";"US";"flag-us";;"25";"10000";"15";"300";"0";"0";NULL;NULL;NULL;NULL;"A";"N"
"5834";"5";"1704";"US";"flag-us";;"25";"10000";"15";"300";"0";"0";NULL;NULL;NULL;NULL;"A";"N"
"5835";"5";"1705";"CA";"flag-ca";;"25";"5000";"15";"5000";"0";"0";NULL;NULL;NULL;NULL;"A";"N"
"5836";"5";"1706";"US";"flag-us";;"25";"5000";"15";"5000";"0";"0";NULL;NULL;NULL;NULL;"A";"N"
"5837";"5";"1707";"US";"flag-us";;"25";"5000";"15";"5000";"0";"0";NULL;NULL;NULL;NULL;"A";"N"
"5838";"5";"1708";"US";"flag-us";;"25";"10000";"15";"300";"0";"0";NULL;NULL;NULL;NULL;"A";"N"
"5839";"5";"1709";"CA";"flag-ca";;"25";"1200";"15";"1200";"0";"0";NULL;NULL;NULL;NULL;"A";"N"
"5840";"5";"1710";"US";"flag-us";;"25";"5000";"15";"5000";"0";"0";NULL;NULL;NULL;NULL;"A";"N"
"5841";"5";"1712";"US";"flag-us";;"25";"5000";"15";"5000";"0";"0";NULL;NULL;NULL;NULL;"A";"N"
"5842";"5";"1713";"US";"flag-us";;"25";"3600";"15";"3600";"0";"0";NULL;NULL;NULL;NULL;"A";"N"
"5843";"5";"1714";"US";"flag-us";;"25";"10000";"15";"300";"0";"0";NULL;NULL;NULL;NULL;"A";"N"
"5844";"5";"1715";"US";"flag-us";;"25";"5000";"15";"5000";"0";"0";NULL;NULL;NULL;NULL;"A";"N"
"5845";"5";"1716";"US";"flag-us";;"25";"5000";"15";"5000";"0";"0";NULL;NULL;NULL;NULL;"A";"N"
"5846";"5";"1717";"US";"flag-us";;"25";"5000";"15";"5000";"0";"0";NULL;NULL;NULL;NULL;"A";"N"
"5847";"5";"1718";"US";"flag-us";;"25";"10000";"15";"300";"0";"0";NULL;NULL;NULL;NULL;"A";"N"
"5848";"5";"1719";"US";"flag-us";;"25";"10000";"15";"300";"0";"0";NULL;NULL;NULL;NULL;"A";"N"
"5849";"5";"1720";"US";"flag-us";;"300";"20000";"15";"300";"0";"0";NULL;NULL;NULL;NULL;"A";"N"
"5850";"5";"1721";"US";"flag-us";;"25";"5000";"15";"5000";"0";"0";NULL;NULL;NULL;NULL;"A";"N"
"5851";"5";"1724";"US";"flag-us";;"25";"10000";"15";"300";"0";"0";NULL;NULL;NULL;NULL;"A";"N"
"5852";"5";"1725";"US";"flag-us";;"5";"300";"2";"600";"0";"0";NULL;NULL;NULL;NULL;"A";"N"
"5853";"5";"1727";"US";"flag-us";;"25";"10000";"15";"1000";"0";"0";NULL;NULL;NULL;NULL;"A";"N"
"5854";"5";"1731";"US";"flag-us";;"25";"5000";"15";"5000";"0";"0";NULL;NULL;NULL;NULL;"A";"N"
"5855";"5";"1732";"US";"flag-us";;"25";"10000";"15";"300";"0";"0";NULL;NULL;NULL;NULL;"A";"N"
"5856";"5";"1734";"US";"flag-us";;"25";"5000";"15";"5000";"0";"0";NULL;NULL;NULL;NULL;"A";"N"
"5857";"5";"1737";"US";"flag-us";;"25";"5000";"15";"5000";"0";"0";NULL;NULL;NULL;NULL;"A";"N"
"5858";"5";"1740";"US";"flag-us";;"25";"5000";"15";"5000";"0";"0";NULL;NULL;NULL;NULL;"A";"N"
"5859";"5";"1747";"US";"flag-us";;"25";"5000";"15";"5000";"0";"0";NULL;NULL;NULL;NULL;"A";"N"
"5860";"5";"1754";"US";"flag-us";;"25";"10000";"15";"300";"0";"0";NULL;NULL;NULL;NULL;"A";"N"
"5861";"5";"1757";"US";"flag-us";;"25";"10000";"15";"300";"0";"0";NULL;NULL;NULL;NULL;"A";"N"
"5862";"5";"1758";"LC";;;"25";"5000";"1";"60";"0";"0";NULL;NULL;NULL;NULL;"A";"B"
"5863";"5";"1760";"US";"flag-us";;"25";"10000";"15";"300";"0";"0";NULL;NULL;NULL;NULL;"A";"N"
"5864";"5";"1762";"US";"flag-us";;"25";"5000";"15";"5000";"0";"0";NULL;NULL;NULL;NULL;"A";"N"
"5865";"5";"1763";"US";"flag-us";;"25";"10000";"15";"300";"0";"0";NULL;NULL;NULL;NULL;"A";"N"
"5866";"5";"1765";"US";"flag-us";;"25";"10000";"15";"300";"0";"0";NULL;NULL;NULL;NULL;"A";"N"
"5867";"5";"1767";"DM";;;"5";"300";"1";"60";"0";"0";NULL;NULL;NULL;NULL;"A";"B"
"5868";"5";"1769";"US";"flag-us";;"25";"5000";"15";"5000";"0";"0";NULL;NULL;NULL;NULL;"A";"N"
"5869";"5";"1770";"US";"flag-us";;"25";"10000";"15";"300";"0";"0";NULL;NULL;NULL;NULL;"A";"N"
"5870";"5";"1772";"US";"flag-us";;"200";"20000";"200";"20000";"0";"0";NULL;NULL;NULL;NULL;"A";"N"
"5871";"5";"1773";"US";"flag-us";;"25";"10000";"15";"300";"0";"0";NULL;NULL;NULL;NULL;"A";"N"
"5872";"5";"1774";"US";"flag-us";;"25";"5000";"15";"5000";"0";"0";NULL;NULL;NULL;NULL;"A";"N"
"5873";"5";"1775";"US";"flag-us";;"25";"5000";"15";"5000";"0";"0";NULL;NULL;NULL;NULL;"A";"N"
"5874";"5";"1778";"CA";"flag-ca";;"25";"5000";"15";"5000";"0";"0";NULL;NULL;NULL;NULL;"A";"N"
"5875";"5";"1779";"CA";"flag-ca";;"25";"5000";"15";"5000";"0";"0";NULL;NULL;NULL;NULL;"A";"N"
"5876";"5";"1780";"CA";"flag-ca";;"25";"3600";"25";"3600";"0";"0";NULL;NULL;NULL;NULL;"A";"N"
"5877";"5";"1781";"US";"flag-us";;"25";"10000";"15";"300";"0";"0";NULL;NULL;NULL;NULL;"A";"N"
"5878";"5";"1785";"US";"flag-us";;"25";"5000";"15";"5000";"0";"0";NULL;NULL;NULL;NULL;"A";"N"
"5879";"5";"1786";"US";"flag-us";;"30";"20000";"30";"20000";"0";"0";NULL;NULL;NULL;NULL;"A";"B"
"5880";"5";"1787";"PR";;;"25";"10000";"1";"60";"0";"0";NULL;NULL;NULL;NULL;"A";"B"
"5881";"5";"1800";"US";"flag-us";;"25";"8000";"15";"8000";"0";"0";NULL;NULL;NULL;NULL;"A";"N"
"5882";"5";"1801";"US";"flag-us";;"25";"10000";"15";"300";"0";"0";NULL;NULL;NULL;NULL;"A";"N"
"5883";"5";"1802";"US";"flag-us";;"25";"5000";"15";"5000";"0";"0";NULL;NULL;NULL;NULL;"A";"N"
"5884";"5";"1803";"US";"flag-us";;"25";"10000";"15";"300";"0";"0";NULL;NULL;NULL;NULL;"A";"N"
"5885";"5";"1804";"US";"flag-us";;"25";"10000";"15";"300";"0";"0";NULL;NULL;NULL;NULL;"A";"N"
"5886";"5";"1805";"US";"flag-us";;"25";"10000";"15";"300";"0";"0";NULL;NULL;NULL;NULL;"A";"N"
"5887";"5";"1806";"US";"flag-us";;"25";"5000";"15";"5000";"0";"0";NULL;NULL;NULL;NULL;"A";"N"
"5888";"5";"1807";"CA";"flag-ca";;"25";"5000";"15";"5000";"0";"0";NULL;NULL;NULL;NULL;"A";"N"
"5889";"5";"1808";"US";"flag-us";;"25";"5000";"15";"5000";"0";"0";NULL;NULL;NULL;NULL;"A";"N"
"5890";"5";"1809";"DO";;;"500";"20000";"1";"60";"0";"0";NULL;NULL;NULL;NULL;"A";"B"
"5891";"5";"1810";"US";"flag-us";;"25";"5000";"15";"5000";"0";"0";NULL;NULL;NULL;NULL;"A";"N"
"5892";"5";"1812";"US";"flag-us";;"25";"5000";"15";"5000";"0";"0";NULL;NULL;NULL;NULL;"A";"N"
"5893";"5";"1813";"US";"flag-us";;"25";"10000";"15";"300";"0";"0";NULL;NULL;NULL;NULL;"A";"N"
"5894";"5";"1814";"US";"flag-us";;"25";"5000";"15";"5000";"0";"0";NULL;NULL;NULL;NULL;"A";"N"
"5895";"5";"1815";"US";"flag-us";;"25";"10000";"15";"300";"0";"0";NULL;NULL;NULL;NULL;"A";"N"
"5896";"5";"1816";"US";"flag-us";;"25";"10000";"15";"300";"0";"0";NULL;NULL;NULL;NULL;"A";"N"
"5897";"5";"1817";"US";"flag-us";;"25";"10000";"15";"300";"0";"0";NULL;NULL;NULL;NULL;"A";"N"
"5898";"5";"1818";"US";"flag-us";;"25";"10000";"15";"300";"0";"0";NULL;NULL;NULL;NULL;"A";"N"
"5899";"5";"1819";"CA";"flag-ca";;"25";"5000";"15";"5000";"0";"0";NULL;NULL;NULL;NULL;"A";"N"
"5900";"5";"1825";"CA";"flag-ca";;"25";"5000";"15";"5000";"0";"0";NULL;NULL;NULL;NULL;"A";"N"
"5901";"5";"1828";"US";"flag-us";;"25";"5000";"15";"5000";"0";"0";NULL;NULL;NULL;NULL;"A";"N"
"5902";"5";"1829";"US";"flag-us";;"300";"10000";"300";"10000";"0";"0";NULL;NULL;NULL;NULL;"A";"N"
"5903";"5";"1830";"US";"flag-us";;"25";"5000";"15";"5000";"0";"0";NULL;NULL;NULL;NULL;"A";"N"
"5904";"5";"1831";"US";"flag-us";;"25";"10000";"15";"300";"0";"0";NULL;NULL;NULL;NULL;"A";"N"
"5905";"5";"1832";"US";"flag-us";;"25";"10000";"15";"300";"0";"0";NULL;NULL;NULL;NULL;"A";"N"
"5906";"5";"1833";"US";"flag-us";;"25";"5000";"15";"5000";"0";"0";NULL;NULL;NULL;NULL;"A";"N"
"5907";"5";"1843";"US";"flag-us";;"25";"5000";"15";"5000";"0";"0";NULL;NULL;NULL;NULL;"A";"N"
"5908";"5";"1844";"US";"flag-us";;"25";"10000";"15";"300";"0";"0";NULL;NULL;NULL;NULL;"A";"N"
"5909";"5";"1845";"US";"flag-us";;"25";"10000";"15";"300";"0";"0";NULL;NULL;NULL;NULL;"A";"N"
"5910";"5";"1847";"US";"flag-us";;"25";"3600";"15";"3600";"0";"0";NULL;NULL;NULL;NULL;"A";"N"
"5911";"5";"1848";"US";"flag-us";;"25";"5000";"15";"5000";"0";"0";NULL;NULL;NULL;NULL;"A";"N"
"5912";"5";"1849";"DO";;;"25";"5000";"1";"60";"0";"0";NULL;NULL;NULL;NULL;"A";"N"
"5913";"5";"1850";"US";"flag-us";;"25";"10000";"15";"300";"0";"0";NULL;NULL;NULL;NULL;"A";"N"
"5914";"5";"1854";"US";"flag-us";;"5";"300";"2";"600";"0";"0";NULL;NULL;NULL;NULL;"A";"N"
"5915";"5";"1855";"US";"flag-us";;"25";"10000";"15";"1000";"0";"0";NULL;NULL;NULL;NULL;"A";"N"
"5916";"5";"1856";"US";"flag-us";;"25";"5000";"15";"5000";"0";"0";NULL;NULL;NULL;NULL;"A";"N"
"5917";"5";"1857";"US";"flag-us";;"25";"10000";"15";"300";"0";"0";NULL;NULL;NULL;NULL;"A";"N"
"5918";"5";"1858";"US";"flag-us";;"25";"10000";"15";"300";"0";"0";NULL;NULL;NULL;NULL;"A";"N"
"5919";"5";"1859";"US";"flag-us";;"25";"5000";"15";"5000";"0";"0";NULL;NULL;NULL;NULL;"A";"N"
"5920";"5";"1860";"US";"flag-us";;"25";"10000";"15";"300";"0";"0";NULL;NULL;NULL;NULL;"A";"N"
"5921";"5";"1862";"US";"flag-us";;"25";"3600";"15";"3600";"0";"0";NULL;NULL;NULL;NULL;"A";"N"
"5922";"5";"1863";"US";"flag-us";;"25";"10000";"15";"300";"0";"0";NULL;NULL;NULL;NULL;"A";"N"
"5923";"5";"1864";"US";"flag-us";;"25";"5000";"15";"5000";"0";"0";NULL;NULL;NULL;NULL;"A";"N"
"5924";"5";"1865";"US";"flag-us";;"25";"5000";"15";"5000";"0";"0";NULL;NULL;NULL;NULL;"A";"N"
"5925";"5";"1866";"US";"flag-us";;"25";"15000";"15";"15000";"0";"0";NULL;NULL;NULL;NULL;"A";"N"
"5926";"5";"1867";"CA";"flag-ca";;"25";"5000";"15";"5000";"0";"0";NULL;NULL;NULL;NULL;"A";"N"
"5927";"5";"1868";"TT";;;"100";"3600";"1";"100";"0";"0";NULL;NULL;NULL;NULL;"A";"B"
"5928";"5";"1869";"KN";;;"25";"5000";"1";"60";"0";"0";NULL;NULL;NULL;NULL;"A";"N"
"5929";"5";"1870";"US";"flag-us";;"25";"5000";"15";"5000";"0";"0";NULL;NULL;NULL;NULL;"A";"N"
"5930";"5";"1872";"US";"flag-us";;"25";"5000";"15";"5000";"0";"0";NULL;NULL;NULL;NULL;"A";"N"
"5931";"5";"1876";"JM";;;"65";"9000";"1";"60";"0";"0";NULL;NULL;NULL;NULL;"A";"B"
"5932";"5";"1877";"US";"flag-us";;"50";"15000";"50";"3600";"0";"0";NULL;NULL;NULL;NULL;"A";"N"
"5933";"5";"1888";"US";"flag-us";;"100";"15000";"100";"7200";"0";"0";NULL;NULL;NULL;NULL;"A";"N"
"5934";"5";"1901";"US";"flag-us";;"25";"5000";"15";"5000";"0";"0";NULL;NULL;NULL;NULL;"A";"N"
"5935";"5";"1902";"CA";"flag-ca";;"25";"10000";"15";"300";"0";"0";NULL;NULL;NULL;NULL;"A";"N"
"5936";"5";"1903";"US";"flag-us";;"25";"5000";"15";"5000";"0";"0";NULL;NULL;NULL;NULL;"A";"N"
"5937";"5";"1904";"US";"flag-us";;"25";"10000";"15";"300";"0";"0";NULL;NULL;NULL;NULL;"A";"N"
"5938";"5";"1905";"US";"flag-us";;"30";"10000";"30";"300";"0";"0";NULL;NULL;NULL;NULL;"A";"N"
"5939";"5";"1906";"US";"flag-us";;"25";"5000";"15";"5000";"0";"0";NULL;NULL;NULL;NULL;"A";"N"
"5940";"5";"1907";"US";"flag-us";;"25";"5000";"15";"5000";"0";"0";NULL;NULL;NULL;NULL;"A";"N"
"5941";"5";"1908";"US";"flag-us";;"25";"10000";"15";"300";"0";"0";NULL;NULL;NULL;NULL;"A";"N"
"5942";"5";"1909";"US";"flag-us";;"25";"10000";"15";"300";"0";"0";NULL;NULL;NULL;NULL;"A";"N"
"5943";"5";"1910";"US";"flag-us";;"25";"5000";"15";"5000";"0";"0";NULL;NULL;NULL;NULL;"A";"N"
"5944";"5";"1912";"US";"flag-us";;"25";"10000";"15";"300";"0";"0";NULL;NULL;NULL;NULL;"A";"N"
"5945";"5";"1913";"US";"flag-us";;"25";"5000";"15";"5000";"0";"0";NULL;NULL;NULL;NULL;"A";"N"
"5946";"5";"1914";"US";"flag-us";;"25";"10000";"15";"300";"0";"0";NULL;NULL;NULL;NULL;"A";"N"
"5947";"5";"1915";"US";"flag-us";;"25";"3600";"15";"3600";"0";"0";NULL;NULL;NULL;NULL;"A";"N"
"5948";"5";"1916";"US";"flag-us";;"25";"5000";"15";"5000";"0";"0";NULL;NULL;NULL;NULL;"A";"N"
"5949";"5";"1917";"US";"flag-us";;"25";"10000";"15";"300";"0";"0";NULL;NULL;NULL;NULL;"A";"N"
"5950";"5";"1918";"US";"flag-us";;"25";"10000";"15";"300";"0";"0";NULL;NULL;NULL;NULL;"A";"N"
"5951";"5";"1919";"US";"flag-us";;"25";"10000";"15";"300";"0";"0";NULL;NULL;NULL;NULL;"A";"N"
"5952";"5";"1920";"US";"flag-us";;"25";"5000";"15";"5000";"0";"0";NULL;NULL;NULL;NULL;"A";"N"
"5953";"5";"1925";"US";"flag-us";;"25";"10000";"15";"300";"0";"0";NULL;NULL;NULL;NULL;"A";"N"
"5954";"5";"1928";"US";"flag-us";;"25";"10000";"15";"300";"0";"0";NULL;NULL;NULL;NULL;"A";"N"
"5955";"5";"1929";"US";"flag-us";;"25";"10000";"15";"300";"0";"0";NULL;NULL;NULL;NULL;"A";"N"
"5956";"5";"1931";"US";"flag-us";;"25";"5000";"15";"5000";"0";"0";NULL;NULL;NULL;NULL;"A";"N"
"5957";"5";"1934";"US";"flag-us";;"25";"5000";"15";"5000";"0";"0";NULL;NULL;NULL;NULL;"A";"N"
"5958";"5";"1936";"US";"flag-us";;"25";"5000";"15";"5000";"0";"0";NULL;NULL;NULL;NULL;"A";"N"
"5959";"5";"1937";"US";"flag-us";;"25";"5000";"15";"5000";"0";"0";NULL;NULL;NULL;NULL;"A";"N"
"5960";"5";"1939";"PR";;;"25";"5000";"1";"60";"0";"0";NULL;NULL;NULL;NULL;"A";"N"
"5961";"5";"1940";"US";"flag-us";;"25";"5000";"15";"5000";"0";"0";NULL;NULL;NULL;NULL;"A";"N"
"5962";"5";"1941";"US";"flag-us";;"25";"5000";"15";"5000";"0";"0";NULL;NULL;NULL;NULL;"A";"N"
"5963";"5";"1947";"SV";"flag-sv";;"5";"300";"2";"600";"0";"0";NULL;NULL;NULL;NULL;"A";"B"
"5964";"5";"1949";"US";"flag-us";;"25";"10000";"15";"300";"0";"0";NULL;NULL;NULL;NULL;"A";"N"
"5965";"5";"1951";"US";"flag-us";;"25";"5000";"15";"5000";"0";"0";NULL;NULL;NULL;NULL;"A";"N"
"5966";"5";"1952";"US";"flag-us";;"25";"700";"15";"300";"0";"0";NULL;NULL;NULL;NULL;"A";"N"
"5967";"5";"1954";"US";"flag-us";;"25";"10000";"15";"300";"0";"0";NULL;NULL;NULL;NULL;"A";"N"
"5968";"5";"1956";"US";"flag-us";;"25";"5000";"15";"5000";"0";"0";NULL;NULL;NULL;NULL;"A";"N"
"5969";"5";"1970";"US";"flag-us";;"25";"10000";"15";"300";"0";"0";NULL;NULL;NULL;NULL;"A";"N"
"5970";"5";"1971";"US";"flag-us";;"25";"5000";"15";"5000";"0";"0";NULL;NULL;NULL;NULL;"A";"N"
"5971";"5";"1972";"US";"flag-us";;"25";"10000";"15";"300";"0";"0";NULL;NULL;NULL;NULL;"A";"N"
"5972";"5";"1973";"US";"flag-us";;"25";"10000";"15";"300";"0";"0";NULL;NULL;NULL;NULL;"A";"N"
"5973";"5";"1978";"US";"flag-us";;"25";"10000";"15";"300";"0";"0";NULL;NULL;NULL;NULL;"A";"N"
"5974";"5";"1979";"US";"flag-us";;"25";"5000";"15";"5000";"0";"0";NULL;NULL;NULL;NULL;"A";"N"
"5975";"5";"1980";"US";"flag-us";;"25";"5000";"15";"5000";"0";"0";NULL;NULL;NULL;NULL;"A";"N"
"5976";"5";"1984";"--";"flag---";;"25";"5000";"15";"5000";"0";"0";NULL;NULL;NULL;NULL;"A";"N"
"5977";"5";"1985";"US";"flag-us";;"25";"5000";"15";"5000";"0";"0";NULL;NULL;NULL;NULL;"A";"N"
"5978";"5";"1989";"US";"flag-us";;"25";"3600";"15";"3600";"0";"0";NULL;NULL;NULL;NULL;"A";"N"
"5979";"2";"1236";"--";"flag---";"Creaci&oacute;n: 2022-07-06 08:45:06";"5";"300";"2";"600";"0";"0";NULL;NULL;NULL;NULL;"A";"I"
"5982";"5";"387";"BA";;"Creación: 2022-10-07 18:01:52";"5";"300";"1";"60";"0";"0";NULL;NULL;NULL;NULL;"A";"B"
"5981";"5";"381";"RS";;"Creación: 2022-10-07 17:45:44";"5";"300";"1";"60";"0";"0";NULL;NULL;NULL;NULL;"A";"B"
"5980";"5";"386";"SI";;"Creación: 2022-10-07 17:30:08";"5";"300";"1";"60";"0";"0";NULL;NULL;NULL;NULL;"A";"B"
"5987";"5";"1784";"VC";;"Creación: 2022-12-22 20:30:10";"5";"300";"1";"60";"0";"0";NULL;NULL;NULL;NULL;"A";"B"
"5984";"5";"000";;;"Creación: 2022-11-06 03:30:12";"5";"300";"1";"60";"0";"0";NULL;NULL;NULL;NULL;"A";"N"
"5990";"5";"597";"SR";;"Creación: 2023-05-05 15:46:45";"5";"300";"1";"60";"0";"0";NULL;NULL;NULL;NULL;"A";"B"
"5986";"5";"389";"MK";;"Creación: 2022-12-22 15:15:21";"5";"300";"1";"60";"0";"0";NULL;NULL;NULL;NULL;"A";"B"
"5985";"1";"000";;;"Creaci&oacute;n: 2022-11-14 03:45:21";"5";"300";"2";"600";"0";"0";NULL;NULL;NULL;NULL;"A";"I"
"5989";"1";"172";;;"Creaci&oacute;n: 2023-03-15 08:45:24";"5";"300";"15";"300";"0";"0";NULL;NULL;NULL;NULL;"A";"I"
"5988";"1";"1236";"--";"flag---";"Creaci&oacute;n: 2023-03-06 14:45:13";"5";"300";"2";"600";"0";"0";NULL;NULL;NULL;NULL;"A";"I"
"5992";"1";"1564";;"flag---";"Creaci&oacute;n: 2023-07-21 11:00:25";"5";"300";"2";"600";"0";"0";NULL;NULL;NULL;NULL;"A";"I"
"5999";"5";"233";"GH";"flag-gh";"Creaci&oacute;n: 2024-11-29 19:45:09";"5";"300";"5";"300";"0";"0";NULL;NULL;NULL;NULL;"A";"I"
"5995";"1";"1463";"US";"flag-us";"Creaci&oacute;n: 2024-03-04 13:00:19";"5";"300";"2";"600";"0";"0";NULL;NULL;NULL;NULL;"A";"I"
"5994";"5";"385";"HR";"flag-hr";"Creaci&oacute;n: 2024-01-07 09:55:11";"5";"300";"5";"300";"0";"0";NULL;NULL;NULL;NULL;"A";"I"
"5993";"1";"+54";"BE";"flag-";"Creaci&oacute;n: 2024-01-05 12:08:27";"5";"300";"2";"600";"0";"0";NULL;NULL;NULL;NULL;"A";"I"
"5998";"5";"94";"LK";"flag-lk";"Creaci&oacute;n: 2024-10-26 12:40:08";"5";"300";"5";"300";"0";"0";NULL;NULL;NULL;NULL;"A";"I"
"5997";"1";"+15";"SV";"flag-";"Creaci&oacute;n: 2024-03-22 09:40:18";"5";"300";"2";"600";"0";"0";NULL;NULL;NULL;NULL;"A";"I"
"5996";"1";"+50";"HN";"flag-";"Creaci&oacute;n: 2024-03-18 16:25:21";"5";"300";"2";"600";"0";"0";NULL;NULL;NULL;NULL;"A";"I"
"6002";"5";"237";"CM";"flag-cm";"Creaci&oacute;n: 2025-09-01 05:10:17";"5";"300";"1";"60";"0";"0";NULL;NULL;NULL;NULL;"A";"I"
"6000";"5";"260";;"flag-zm";"Creaci&oacute;n: 2024-11-29 20:00:08";"5";"300";"5";"300";"0";"0";NULL;NULL;NULL;NULL;"A";"I"
"6001";"1";"1689";"--";"flag---";"Creaci&oacute;n: 2025-06-27 10:40:49";"5";"300";"2";"600";"0";"0";NULL;NULL;NULL;NULL;"A";"I"
"6003";"1";"423";;"flag-li";"Creaci&oacute;n: 2025-11-05 10:20:16";"5";"300";"2";"600";"0";"0";NULL;NULL;NULL;NULL;"A";"I"
